gbifID,datasetKey,occurrenceID,locality,stateProvince,decimalLatitude,decimalLongitude,coordinateUncertaintyInMeters,elevation,elevationAccuracy,eventDate,year,basisOfRecord,institutionCode,collectionCode,catalogNumber,recordedBy,issue
6553060691,50c9509d-22c7-4a22-a47d-8c48425ef4a7,https://www.inaturalist.org/observations/399706225,,Washington,47.494233,-121.473705,26839.0,,,2026-08-21,2026,HUMAN_OBSERVATION,iNaturalist,Observations,399706225,Ash,COORDINATE_ROUNDED;CONTINENT_DERIVED_FROM_COORDINATES;TAXON_ID_NOT_FOUND
6552991370,50c9509d-22c7-4a22-a47d-8c48425ef4a7,https://www.inaturalist.org/observations/401159032,,Washington,48.847043,-121.717942,24.0,,,2026-09-17T18:06:31,2026,HUMAN_OBSERVATION,iNaturalist,Observations,401159032,Nick T.,COORDINATE_ROUNDED;CONTINENT_DERIVED_FROM_COORDINATES;TAXON_ID_NOT_FOUND
6552910485,50c9509d-22c7-4a22-a47d-8c48425ef4a7,https://www.inaturalist.org/observations/398307104,,Washington,48.857237,-121.710461,4.0,,,2026-09-07T09:50:19,2026,HUMAN_OBSERVATION,iNaturalist,Observations,398307104,manseekingorganisms,COORDINATE_ROUNDED;CONTINENT_DERIVED_FROM_COORDINATES;TAXON_ID_NOT_FOUND
6552877801,50c9509d-22c7-4a22-a47d-8c48425ef4a7,https://www.inaturalist.org/observations/402141589,,Washington,47.048173,-121.492855,56.0,,,2026-09-19T11:04,2026,HUMAN_OBSERVATION,iNaturalist,Observations,402141589,grack03,COORDINATE_ROUNDED;CONTINENT_DERIVED_FROM_COORDINATES;TAXON_ID_NOT_FOUND
6552871816,50c9509d-22c7-4a22-a47d-8c48425ef4a7,https://www.inaturalist.org/observations/399361823,,Washington,47.787294,-121.106214,,,,2026-09-11T10:25:55,2026,HUMAN_OBSERVATION,iNaturalist,Observations,399361823,groundfaller,COORDINATE_ROUNDED;CONTINENT_DERIVED_FROM_COORDINATES;TAXON_ID_NOT_FOUND
6552836679,50c9509d-22c7-4a22-a47d-8c48425ef4a7,https://www.inaturalist.org/observations/253594019,,Washington,48.741217,-120.680179,183.0,,,2024-10-13T09:12,2024,HUMAN_OBSERVATION,iNaturalist,Observations,253594019,Mason Maron,COORDINATE_ROUNDED;CONTINENT_DERIVED_FROM_COORDINATES;TAXON_ID_NOT_FOUND
6552834845,50c9509d-22c7-4a22-a47d-8c48425ef4a7,https://www.inaturalist.org/observations/399144042,,Washington,47.475306,-121.463212,4.0,,,2026-09-08T12:37:10,2026,HUMAN_OBSERVATION,iNaturalist,Observations,399144042,akoefoed,COORDINATE_ROUNDED;CONTINENT_DERIVED_FROM_COORDINATES;TAXON_ID_NOT_FOUND
6552819748,50c9509d-22c7-4a22-a47d-8c48425ef4a7,https://www.inaturalist.org/observations/402256980,,Washington,47.43555,-121.456175,,,,2026-09-19T14:40,2026,HUMAN_OBSERVATION,iNaturalist,Observations,402256980,Mara,CONTINENT_DERIVED_FROM_COORDINATES;TAXON_ID_NOT_FOUND
6552664377,50c9509d-22c7-4a22-a47d-8c48425ef4a7,https://www.inaturalist.org/observations/402052830,,Washington,48.95423,-121.69173,5.0,,,2026-09-18T16:21,2026,HUMAN_OBSERVATION,iNaturalist,Observations,402052830,John Soltys,CONTINENT_DERIVED_FROM_COORDINATES;TAXON_ID_NOT_FOUND
6552585552,50c9509d-22c7-4a22-a47d-8c48425ef4a7,https://www.inaturalist.org/observations/399510119,,Washington,48.960553,-117.095548,31.0,,,2026-09-11T12:51,2026,HUMAN_OBSERVATION,iNaturalist,Observations,399510119,Dave Drum,COORDINATE_ROUNDED;CONTINENT_DERIVED_FROM_COORDINATES;TAXON_ID_NOT_FOUND
6552552617,50c9509d-22c7-4a22-a47d-8c48425ef4a7,https://www.inaturalist.org/observations/401159093,,Washington,48.847112,-121.718097,24.0,,,2026-09-17T18:04:33,2026,HUMAN_OBSERVATION,iNaturalist,Observations,401159093,Nick T.,COORDINATE_ROUNDED;CONTINENT_DERIVED_FROM_COORDINATES;TAXON_ID_NOT_FOUND
6552484638,50c9509d-22c7-4a22-a47d-8c48425ef4a7,https://www.inaturalist.org/observations/399581971,,Washington,47.535299,-121.341484,,,,2026-08-22T09:51:03,2026,HUMAN_OBSERVATION,iNaturalist,Observations,399581971,Andrew,COORDINATE_ROUNDED;CONTINENT_DERIVED_FROM_COORDINATES;TAXON_ID_NOT_FOUND
6552466793,50c9509d-22c7-4a22-a47d-8c48425ef4a7,https://www.inaturalist.org/observations/399799138,,Washington,48.469893,-121.056063,185.0,,,2026-09-12T17:18:07,2026,HUMAN_OBSERVATION,iNaturalist,Observations,399799138,James Mitchell,COORDINATE_ROUNDED;CONTINENT_DERIVED_FROM_COORDINATES;TAXON_ID_NOT_FOUND
6552397607,50c9509d-22c7-4a22-a47d-8c48425ef4a7,https://www.inaturalist.org/observations/399122459,,Washington,47.41185,-121.403428,11762.0,,,2026-09-09T13:16:45,2026,HUMAN_OBSERVATION,iNaturalist,Observations,399122459,emugang,COORDINATE_ROUNDED;CONTINENT_DERIVED_FROM_COORDINATES;TAXON_ID_NOT_FOUND
6552380016,50c9509d-22c7-4a22-a47d-8c48425ef4a7,https://www.inaturalist.org/observations/402050831,,Washington,48.953484,-121.689999,4.0,,,2026-09-17T19:24,2026,HUMAN_OBSERVATION,iNaturalist,Observations,402050831,John Soltys,COORDINATE_ROUNDED;CONTINENT_DERIVED_FROM_COORDINATES;TAXON_ID_NOT_FOUND
6552298327,50c9509d-22c7-4a22-a47d-8c48425ef4a7,https://www.inaturalist.org/observations/385503278,,Washington,47.59102,-121.105942,,,,2026-07-25T14:02:07,2026,HUMAN_OBSERVATION,iNaturalist,Observations,385503278,Andrew,COORDINATE_ROUNDED;CONTINENT_DERIVED_FROM_COORDINATES;TAXON_ID_NOT_FOUND
6552262330,50c9509d-22c7-4a22-a47d-8c48425ef4a7,https://www.inaturalist.org/observations/400552636,,Washington,48.852361,-121.684473,24.0,,,2026-09-15T13:45:16,2026,HUMAN_OBSERVATION,iNaturalist,Observations,400552636,Nick T.,COORDINATE_ROUNDED;CONTINENT_DERIVED_FROM_COORDINATES;TAXON_ID_NOT_FOUND
6552238633,50c9509d-22c7-4a22-a47d-8c48425ef4a7,https://www.inaturalist.org/observations/399688123,,Washington,46.762512,-121.733483,13.0,,,2026-09-12T12:48:32,2026,HUMAN_OBSERVATION,iNaturalist,Observations,399688123,ctoshach,COORDINATE_ROUNDED;CONTINENT_DERIVED_FROM_COORDINATES;TAXON_ID_NOT_FOUND
6552225243,50c9509d-22c7-4a22-a47d-8c48425ef4a7,https://www.inaturalist.org/observations/401440651,,Washington,47.363332,-121.475052,613.0,,,2026-09-18T15:11,2026,HUMAN_OBSERVATION,iNaturalist,Observations,401440651,hexed,COORDINATE_ROUNDED;CONTINENT_DERIVED_FROM_COORDINATES;TAXON_ID_NOT_FOUND
6552060535,50c9509d-22c7-4a22-a47d-8c48425ef4a7,https://www.inaturalist.org/observations/399577003,,Washington,47.535542,-121.346471,,,,2026-08-22T13:58:03,2026,HUMAN_OBSERVATION,iNaturalist,Observations,399577003,Andrew,COORDINATE_ROUNDED;CONTINENT_DERIVED_FROM_COORDINATES;TAXON_ID_NOT_FOUND
6552029606,50c9509d-22c7-4a22-a47d-8c48425ef4a7,https://www.inaturalist.org/observations/400626899,,Washington,48.852417,-121.684325,2.0,,,2026-09-15T13:45:28,2026,HUMAN_OBSERVATION,iNaturalist,Observations,400626899,ekwerkwe,COORDINATE_ROUNDED;CONTINENT_DERIVED_FROM_COORDINATES;TAXON_ID_NOT_FOUND
6552028496,50c9509d-22c7-4a22-a47d-8c48425ef4a7,https://www.inaturalist.org/observations/400375723,,Washington,47.370033,-121.44848,348.0,,,2026-09-11T14:11,2026,HUMAN_OBSERVATION,iNaturalist,Observations,400375723,kaeliswift,COORDINATE_ROUNDED;CONTINENT_DERIVED_FROM_COORDINATES;TAXON_ID_NOT_FOUND
6552011538,50c9509d-22c7-4a22-a47d-8c48425ef4a7,https://www.inaturalist.org/observations/400212468,,Washington,46.774612,-121.4382,64.0,,,2026-09-09T17:54:36,2026,HUMAN_OBSERVATION,iNaturalist,Observations,400212468,Emma Factor,COORDINATE_ROUNDED;CONTINENT_DERIVED_FROM_COORDINATES;TAXON_ID_NOT_FOUND
6551977303,50c9509d-22c7-4a22-a47d-8c48425ef4a7,https://www.inaturalist.org/observations/399510126,,Washington,48.960414,-117.095513,15.0,,,2026-09-11T13:11,2026,HUMAN_OBSERVATION,iNaturalist,Observations,399510126,Dave Drum,COORDINATE_ROUNDED;CONTINENT_DERIVED_FROM_COORDINATES;TAXON_ID_NOT_FOUND
6551959772,50c9509d-22c7-4a22-a47d-8c48425ef4a7,https://www.inaturalist.org/observations/399441920,,Washington,46.869033,-121.514586,174.0,,,2026-09-11T13:00:23,2026,HUMAN_OBSERVATION,iNaturalist,Observations,399441920,parrott-d,COORDINATE_ROUNDED;CONTINENT_DERIVED_FROM_COORDINATES;TAXON_ID_NOT_FOUND
6551921122,50c9509d-22c7-4a22-a47d-8c48425ef4a7,https://www.inaturalist.org/observations/401426522,,Washington,46.949242,-121.593322,49.0,,,2026-09-14T18:22:04,2026,HUMAN_OBSERVATION,iNaturalist,Observations,401426522,Amy Alverson,COORDINATE_ROUNDED;CONTINENT_DERIVED_FROM_COORDINATES;TAXON_ID_NOT_FOUND
6551862913,50c9509d-22c7-4a22-a47d-8c48425ef4a7,https://www.inaturalist.org/observations/399175637,,Washington,46.791773,-121.780943,51.0,,,2026-08-18T07:22:52,2026,HUMAN_OBSERVATION,iNaturalist,Observations,399175637,emmacrothers,COORDINATE_ROUNDED;CONTINENT_DERIVED_FROM_COORDINATES;TAXON_ID_NOT_FOUND
6551853248,50c9509d-22c7-4a22-a47d-8c48425ef4a7,https://www.inaturalist.org/observations/213324191,,Washington,48.50413,-121.119614,19.0,,,2024-05-02T15:29:09,2024,HUMAN_OBSERVATION,iNaturalist,Observations,213324191,Cal Waichler,COORDINATE_ROUNDED;CONTINENT_DERIVED_FROM_COORDINATES;TAXON_ID_NOT_FOUND
6551839292,50c9509d-22c7-4a22-a47d-8c48425ef4a7,https://www.inaturalist.org/observations/402052831,,Washington,48.95423,-121.69173,5.0,,,2026-09-18T17:11,2026,HUMAN_OBSERVATION,iNaturalist,Observations,402052831,John Soltys,CONTINENT_DERIVED_FROM_COORDINATES;TAXON_ID_NOT_FOUND
6551798138,50c9509d-22c7-4a22-a47d-8c48425ef4a7,https://www.inaturalist.org/observations/401877227,,Washington,46.905353,-121.506017,,,,2026-09-06T11:25:06,2026,HUMAN_OBSERVATION,iNaturalist,Observations,401877227,oakfather,COORDINATE_ROUNDED;CONTINENT_DERIVED_FROM_COORDINATES;TAXON_ID_NOT_FOUND
6551714547,50c9509d-22c7-4a22-a47d-8c48425ef4a7,https://www.inaturalist.org/observations/398349034,,Washington,46.270069,-121.586053,320.0,,,2026-09-07T06:52:08,2026,HUMAN_OBSERVATION,iNaturalist,Observations,398349034,llillbird,COORDINATE_ROUNDED;CONTINENT_DERIVED_FROM_COORDINATES;TAXON_ID_NOT_FOUND
6551707720,50c9509d-22c7-4a22-a47d-8c48425ef4a7,https://www.inaturalist.org/observations/402067521,,Washington,48.513552,-120.780996,6.0,,,2026-09-20T09:10:22,2026,HUMAN_OBSERVATION,iNaturalist,Observations,402067521,makennap,COORDINATE_ROUNDED;CONTINENT_DERIVED_FROM_COORDINATES;TAXON_ID_NOT_FOUND
6551620686,50c9509d-22c7-4a22-a47d-8c48425ef4a7,https://www.inaturalist.org/observations/398827268,,Washington,47.986083,-121.456078,523.0,,,2026-08-25T10:24:13,2026,HUMAN_OBSERVATION,iNaturalist,Observations,398827268,Justin Paulin,COORDINATE_ROUNDED;CONTINENT_DERIVED_FROM_COORDINATES;TAXON_ID_NOT_FOUND
6551578606,50c9509d-22c7-4a22-a47d-8c48425ef4a7,https://www.inaturalist.org/observations/401983362,,Washington,46.868302,-121.515018,51.0,,,2026-09-15T15:10:26,2026,HUMAN_OBSERVATION,iNaturalist,Observations,401983362,amathews766,COORDINATE_ROUNDED;CONTINENT_DERIVED_FROM_COORDINATES;TAXON_ID_NOT_FOUND
6551413046,50c9509d-22c7-4a22-a47d-8c48425ef4a7,https://www.inaturalist.org/observations/399510124,,Washington,48.960315,-117.095417,15.0,,,2026-09-11T13:13,2026,HUMAN_OBSERVATION,iNaturalist,Observations,399510124,Dave Drum,COORDINATE_ROUNDED;CONTINENT_DERIVED_FROM_COORDINATES;TAXON_ID_NOT_FOUND
6551404119,50c9509d-22c7-4a22-a47d-8c48425ef4a7,https://www.inaturalist.org/observations/253594027,,Washington,48.73922,-120.67932,619.0,,,2024-10-13T09:56,2024,HUMAN_OBSERVATION,iNaturalist,Observations,253594027,Mason Maron,COORDINATE_ROUNDED;CONTINENT_DERIVED_FROM_COORDINATES;TAXON_ID_NOT_FOUND
6551394140,50c9509d-22c7-4a22-a47d-8c48425ef4a7,https://www.inaturalist.org/observations/401735809,,Washington,48.517418,-120.734825,30.0,,,2026-09-19T16:52:42,2026,HUMAN_OBSERVATION,iNaturalist,Observations,401735809,mickymoss,COORDINATE_ROUNDED;CONTINENT_DERIVED_FROM_COORDINATES;TAXON_ID_NOT_FOUND
6551327207,50c9509d-22c7-4a22-a47d-8c48425ef4a7,https://www.inaturalist.org/observations/54482629,,Washington,46.779916,-121.747013,1005.0,,,2020-07-24T15:38,2020,HUMAN_OBSERVATION,iNaturalist,Observations,54482629,Mason Maron,COORDINATE_ROUNDED;CONTINENT_DERIVED_FROM_COORDINATES;TAXON_ID_NOT_FOUND
6551326121,50c9509d-22c7-4a22-a47d-8c48425ef4a7,https://www.inaturalist.org/observations/402050833,,Washington,48.953361,-121.69018,5.0,,,2026-09-18T08:54,2026,HUMAN_OBSERVATION,iNaturalist,Observations,402050833,John Soltys,COORDINATE_ROUNDED;CONTINENT_DERIVED_FROM_COORDINATES;TAXON_ID_NOT_FOUND
6551321166,50c9509d-22c7-4a22-a47d-8c48425ef4a7,https://www.inaturalist.org/observations/401360949,,Washington,48.061888,-121.804997,,,,2026-09-16T09:06,2026,HUMAN_OBSERVATION,iNaturalist,Observations,401360949,Jed,CONTINENT_DERIVED_FROM_COORDINATES;TAXON_ID_NOT_FOUND
6551264095,50c9509d-22c7-4a22-a47d-8c48425ef4a7,https://www.inaturalist.org/observations/401140116,,Washington,48.847092,-121.718042,8.0,,,2026-09-17T18:07:19,2026,HUMAN_OBSERVATION,iNaturalist,Observations,401140116,ekwerkwe,COORDINATE_ROUNDED;CONTINENT_DERIVED_FROM_COORDINATES;TAXON_ID_NOT_FOUND
6551099608,50c9509d-22c7-4a22-a47d-8c48425ef4a7,https://www.inaturalist.org/observations/398714599,,Washington,48.065675,-121.781442,13.0,,,2026-09-07T17:40:37,2026,HUMAN_OBSERVATION,iNaturalist,Observations,398714599,randersen31,COORDINATE_ROUNDED;CONTINENT_DERIVED_FROM_COORDINATES;TAXON_ID_NOT_FOUND
6551030655,50c9509d-22c7-4a22-a47d-8c48425ef4a7,https://www.inaturalist.org/observations/400562309,,Washington,46.793564,-121.725525,452.0,,,2026-09-15T10:50:46,2026,HUMAN_OBSERVATION,iNaturalist,Observations,400562309,jacobf29,COORDINATE_ROUNDED;CONTINENT_DERIVED_FROM_COORDINATES;TAXON_ID_NOT_FOUND
6550918809,50c9509d-22c7-4a22-a47d-8c48425ef4a7,https://www.inaturalist.org/observations/402136582,,Washington,48.06103,-121.81104,130.0,,,2026-08-21T12:40,2026,HUMAN_OBSERVATION,iNaturalist,Observations,402136582,grack03,COORDINATE_ROUNDED;CONTINENT_DERIVED_FROM_COORDINATES;TAXON_ID_NOT_FOUND
6550829896,50c9509d-22c7-4a22-a47d-8c48425ef4a7,https://www.inaturalist.org/observations/402086961,,Washington,47.574642,-121.253083,2.0,,,2026-09-19T18:17:18,2026,HUMAN_OBSERVATION,iNaturalist,Observations,402086961,susspence,COORDINATE_ROUNDED;CONTINENT_DERIVED_FROM_COORDINATES;TAXON_ID_NOT_FOUND
6550746023,50c9509d-22c7-4a22-a47d-8c48425ef4a7,https://www.inaturalist.org/observations/401606607,,Washington,46.949212,-121.593262,22.0,,,2026-09-14T18:22:06,2026,HUMAN_OBSERVATION,iNaturalist,Observations,401606607,Hailey Flora,COORDINATE_ROUNDED;CONTINENT_DERIVED_FROM_COORDINATES;TAXON_ID_NOT_FOUND
6520647649,50c9509d-22c7-4a22-a47d-8c48425ef4a7,https://www.inaturalist.org/observations/397637116,,Washington,46.774313,-121.743527,,,,2026-08-30T10:12:28,2026,HUMAN_OBSERVATION,iNaturalist,Observations,397637116,Alexandra Mariani,COORDINATE_ROUNDED;CONTINENT_DERIVED_FROM_COORDINATES;TAXON_ID_NOT_FOUND
6520615447,50c9509d-22c7-4a22-a47d-8c48425ef4a7,https://www.inaturalist.org/observations/394838078,,Washington,46.042924,-121.781239,27063.0,,,2026-08-24T19:05:51,2026,HUMAN_OBSERVATION,iNaturalist,Observations,394838078,Brody Lewis,COORDINATE_ROUNDED;CONTINENT_DERIVED_FROM_COORDINATES;TAXON_ID_NOT_FOUND
6520594129,50c9509d-22c7-4a22-a47d-8c48425ef4a7,https://www.inaturalist.org/observations/397460651,,Washington,47.486703,-120.828645,1.0,,,2026-08-29T18:22:59,2026,HUMAN_OBSERVATION,iNaturalist,Observations,397460651,Zachary Sun Monen,COORDINATE_ROUNDED;CONTINENT_DERIVED_FROM_COORDINATES;TAXON_ID_NOT_FOUND
6520593076,50c9509d-22c7-4a22-a47d-8c48425ef4a7,https://www.inaturalist.org/observations/396486422,,Washington,48.50652,-120.673212,3.0,,,2026-08-27T17:33:13,2026,HUMAN_OBSERVATION,iNaturalist,Observations,396486422,markdesimone,COORDINATE_ROUNDED;CONTINENT_DERIVED_FROM_COORDINATES;TAXON_ID_NOT_FOUND
6520585797,50c9509d-22c7-4a22-a47d-8c48425ef4a7,https://www.inaturalist.org/observations/397637678,,Washington,46.773703,-121.743979,,,,2026-08-30T09:25:55,2026,HUMAN_OBSERVATION,iNaturalist,Observations,397637678,Alexandra Mariani,COORDINATE_ROUNDED;CONTINENT_DERIVED_FROM_COORDINATES;TAXON_ID_NOT_FOUND
6520559259,50c9509d-22c7-4a22-a47d-8c48425ef4a7,https://www.inaturalist.org/observations/396521205,,Washington,47.424576,-121.530315,4.0,,,2026-09-01T10:06:17,2026,HUMAN_OBSERVATION,iNaturalist,Observations,396521205,jackson200,COORDINATE_ROUNDED;CONTINENT_DERIVED_FROM_COORDINATES;TAXON_ID_NOT_FOUND
6520496452,50c9509d-22c7-4a22-a47d-8c48425ef4a7,https://www.inaturalist.org/observations/395604805,,Washington,47.44843,-121.41581,5.0,,,2026-08-09T09:24,2026,HUMAN_OBSERVATION,iNaturalist,Observations,395604805,John Soltys,CONTINENT_DERIVED_FROM_COORDINATES;TAXON_ID_NOT_FOUND
6520235387,50c9509d-22c7-4a22-a47d-8c48425ef4a7,https://www.inaturalist.org/observations/395964678,,Washington,48.008924,-121.498798,4.0,,,2026-08-28T14:20:32,2026,HUMAN_OBSERVATION,iNaturalist,Observations,395964678,adelrocini,COORDINATE_ROUNDED;CONTINENT_DERIVED_FROM_COORDINATES;TAXON_ID_NOT_FOUND
6520221111,50c9509d-22c7-4a22-a47d-8c48425ef4a7,https://www.inaturalist.org/observations/395609500,,Washington,47.46007,-121.45716,5.0,,,2026-08-16T08:47,2026,HUMAN_OBSERVATION,iNaturalist,Observations,395609500,John Soltys,CONTINENT_DERIVED_FROM_COORDINATES;TAXON_ID_NOT_FOUND
6520195276,50c9509d-22c7-4a22-a47d-8c48425ef4a7,https://www.inaturalist.org/observations/396521211,,Washington,47.424613,-121.530389,4.0,,,2026-09-01T11:15:42,2026,HUMAN_OBSERVATION,iNaturalist,Observations,396521211,jackson200,COORDINATE_ROUNDED;CONTINENT_DERIVED_FROM_COORDINATES;TAXON_ID_NOT_FOUND
6520181269,50c9509d-22c7-4a22-a47d-8c48425ef4a7,https://www.inaturalist.org/observations/390196510,,Washington,47.610029,-121.500341,,,,2026-08-09T08:55:38,2026,HUMAN_OBSERVATION,iNaturalist,Observations,390196510,Andrew,COORDINATE_ROUNDED;CONTINENT_DERIVED_FROM_COORDINATES;TAXON_ID_NOT_FOUND
6520160213,50c9509d-22c7-4a22-a47d-8c48425ef4a7,https://www.inaturalist.org/observations/395600396,,Washington,47.44761,-121.41462,5.0,,,2026-08-01T07:08,2026,HUMAN_OBSERVATION,iNaturalist,Observations,395600396,John Soltys,CONTINENT_DERIVED_FROM_COORDINATES;TAXON_ID_NOT_FOUND
6520137502,50c9509d-22c7-4a22-a47d-8c48425ef4a7,https://www.inaturalist.org/observations/395602165,,Washington,47.45597,-121.45398,5.0,,,2026-08-08T08:39,2026,HUMAN_OBSERVATION,iNaturalist,Observations,395602165,John Soltys,CONTINENT_DERIVED_FROM_COORDINATES;TAXON_ID_NOT_FOUND
6520099485,50c9509d-22c7-4a22-a47d-8c48425ef4a7,https://www.inaturalist.org/observations/396027620,,Washington,46.244822,-121.524475,3.0,,,2026-08-30T12:50:16,2026,HUMAN_OBSERVATION,iNaturalist,Observations,396027620,Nicole O,COORDINATE_ROUNDED;CONTINENT_DERIVED_FROM_COORDINATES;TAXON_ID_NOT_FOUND
6520079661,50c9509d-22c7-4a22-a47d-8c48425ef4a7,https://www.inaturalist.org/observations/393279535,,Washington,48.143403,-121.386817,14.0,,,2026-08-20T12:09:07,2026,HUMAN_OBSERVATION,iNaturalist,Observations,393279535,Justin Paulin,COORDINATE_ROUNDED;CONTINENT_DERIVED_FROM_COORDINATES;TAXON_ID_NOT_FOUND
6520056704,50c9509d-22c7-4a22-a47d-8c48425ef4a7,https://www.inaturalist.org/observations/394582277,,Washington,47.466563,-121.447975,4.0,,,2026-08-25T13:14:03,2026,HUMAN_OBSERVATION,iNaturalist,Observations,394582277,Nora Haulmark,COORDINATE_ROUNDED;CONTINENT_DERIVED_FROM_COORDINATES;TAXON_ID_NOT_FOUND
6520047371,50c9509d-22c7-4a22-a47d-8c48425ef4a7,https://www.inaturalist.org/observations/395609488,,Washington,47.45699,-121.4565,5.0,,,2026-08-16T08:11,2026,HUMAN_OBSERVATION,iNaturalist,Observations,395609488,John Soltys,CONTINENT_DERIVED_FROM_COORDINATES;TAXON_ID_NOT_FOUND
6520013315,50c9509d-22c7-4a22-a47d-8c48425ef4a7,https://www.inaturalist.org/observations/395609490,,Washington,47.45885,-121.45521,5.0,,,2026-08-16T08:40,2026,HUMAN_OBSERVATION,iNaturalist,Observations,395609490,John Soltys,CONTINENT_DERIVED_FROM_COORDINATES;TAXON_ID_NOT_FOUND
6519981715,50c9509d-22c7-4a22-a47d-8c48425ef4a7,https://www.inaturalist.org/observations/397122515,,Washington,47.351127,-121.451734,,,,2026-08-11T16:21,2026,HUMAN_OBSERVATION,iNaturalist,Observations,397122515,Dave Miller,COORDINATE_ROUNDED;CONTINENT_DERIVED_FROM_COORDINATES;TAXON_ID_NOT_FOUND
6519917628,50c9509d-22c7-4a22-a47d-8c48425ef4a7,https://www.inaturalist.org/observations/398248039,,Washington,47.502672,-120.727103,4.0,,,2026-09-07T11:05:22,2026,HUMAN_OBSERVATION,iNaturalist,Observations,398248039,Anna Martinez,COORDINATE_ROUNDED;CONTINENT_DERIVED_FROM_COORDINATES;TAXON_ID_NOT_FOUND
6519875765,50c9509d-22c7-4a22-a47d-8c48425ef4a7,https://www.inaturalist.org/observations/398017864,,Washington,46.803171,-121.731606,45.0,,,2026-08-14T20:04:12,2026,HUMAN_OBSERVATION,iNaturalist,Observations,398017864,Justin Paulin,CONTINENT_DERIVED_FROM_COORDINATES;TAXON_ID_NOT_FOUND
6519875685,50c9509d-22c7-4a22-a47d-8c48425ef4a7,https://www.inaturalist.org/observations/396521176,,Washington,47.98274,-121.459266,4.0,,,2026-08-30T11:33:45,2026,HUMAN_OBSERVATION,iNaturalist,Observations,396521176,jackson200,COORDINATE_ROUNDED;CONTINENT_DERIVED_FROM_COORDINATES;TAXON_ID_NOT_FOUND
6519814041,50c9509d-22c7-4a22-a47d-8c48425ef4a7,https://www.inaturalist.org/observations/398255118,,Washington,47.039169,-121.553444,18.0,,,2026-09-06T14:35:45,2026,HUMAN_OBSERVATION,iNaturalist,Observations,398255118,cgeraghty,COORDINATE_ROUNDED;CONTINENT_DERIVED_FROM_COORDINATES;TAXON_ID_NOT_FOUND
6519782405,50c9509d-22c7-4a22-a47d-8c48425ef4a7,https://www.inaturalist.org/observations/397989194,,Washington,46.590927,-121.572859,,,,2026-08-15T18:55,2026,HUMAN_OBSERVATION,iNaturalist,Observations,397989194,Casey H. Richart,COORDINATE_ROUNDED;CONTINENT_DERIVED_FROM_COORDINATES;TAXON_ID_NOT_FOUND
6519730381,50c9509d-22c7-4a22-a47d-8c48425ef4a7,https://www.inaturalist.org/observations/395397519,,Washington,48.47769,-120.52459,,,,2011-07-17T21:23,2011,HUMAN_OBSERVATION,iNaturalist,Observations,395397519,Zogador,CONTINENT_DERIVED_FROM_COORDINATES;TAXON_ID_NOT_FOUND
6519689812,50c9509d-22c7-4a22-a47d-8c48425ef4a7,https://www.inaturalist.org/observations/395617054,,Washington,46.855557,-121.645037,6.0,,,2026-08-27T16:05:52,2026,HUMAN_OBSERVATION,iNaturalist,Observations,395617054,Austin Koontz,COORDINATE_ROUNDED;CONTINENT_DERIVED_FROM_COORDINATES;TAXON_ID_NOT_FOUND
6519647818,50c9509d-22c7-4a22-a47d-8c48425ef4a7,https://www.inaturalist.org/observations/395946243,,Washington,47.535372,-121.346328,,,,2026-08-22T14:01:15,2026,HUMAN_OBSERVATION,iNaturalist,Observations,395946243,Andrew,COORDINATE_ROUNDED;CONTINENT_DERIVED_FROM_COORDINATES;TAXON_ID_NOT_FOUND
6519586753,50c9509d-22c7-4a22-a47d-8c48425ef4a7,https://www.inaturalist.org/observations/397045690,,Washington,46.867148,-121.699856,20725.0,,,2025-08-30,2025,HUMAN_OBSERVATION,iNaturalist,Observations,397045690,Varun Sethi,COORDINATE_ROUNDED;CONTINENT_DERIVED_FROM_COORDINATES;TAXON_ID_NOT_FOUND
6519508788,50c9509d-22c7-4a22-a47d-8c48425ef4a7,https://www.inaturalist.org/observations/395604798,,Washington,47.44905,-121.4117,5.0,,,2026-08-09T09:40,2026,HUMAN_OBSERVATION,iNaturalist,Observations,395604798,John Soltys,CONTINENT_DERIVED_FROM_COORDINATES;TAXON_ID_NOT_FOUND
6519494623,50c9509d-22c7-4a22-a47d-8c48425ef4a7,https://www.inaturalist.org/observations/395604795,,Washington,47.44806,-121.4157,5.0,,,2026-08-09T09:51,2026,HUMAN_OBSERVATION,iNaturalist,Observations,395604795,John Soltys,CONTINENT_DERIVED_FROM_COORDINATES;TAXON_ID_NOT_FOUND
6519474030,50c9509d-22c7-4a22-a47d-8c48425ef4a7,https://www.inaturalist.org/observations/396521215,,Washington,47.42428,-121.529408,4.0,,,2026-09-01T11:19:08,2026,HUMAN_OBSERVATION,iNaturalist,Observations,396521215,jackson200,COORDINATE_ROUNDED;CONTINENT_DERIVED_FROM_COORDINATES;TAXON_ID_NOT_FOUND
6519456153,50c9509d-22c7-4a22-a47d-8c48425ef4a7,https://www.inaturalist.org/observations/395609489,,Washington,47.4586,-121.45521,5.0,,,2026-08-16T08:20,2026,HUMAN_OBSERVATION,iNaturalist,Observations,395609489,John Soltys,CONTINENT_DERIVED_FROM_COORDINATES;TAXON_ID_NOT_FOUND
6519440406,50c9509d-22c7-4a22-a47d-8c48425ef4a7,https://www.inaturalist.org/observations/394593992,,Washington,46.868656,-121.529442,5.0,,,2026-08-04T09:47,2026,HUMAN_OBSERVATION,iNaturalist,Observations,394593992,Lex Orr,COORDINATE_ROUNDED;CONTINENT_DERIVED_FROM_COORDINATES;TAXON_ID_NOT_FOUND
6519368464,50c9509d-22c7-4a22-a47d-8c48425ef4a7,https://www.inaturalist.org/observations/395707367,,Washington,48.847092,-121.717903,10.0,,,2026-08-29T17:02:28,2026,HUMAN_OBSERVATION,iNaturalist,Observations,395707367,Beverly James,COORDINATE_ROUNDED;CONTINENT_DERIVED_FROM_COORDINATES;TAXON_ID_NOT_FOUND
6519361748,50c9509d-22c7-4a22-a47d-8c48425ef4a7,https://www.inaturalist.org/observations/391933156,,Washington,47.36845,-121.473137,4.0,,,2026-08-16T11:53:29,2026,HUMAN_OBSERVATION,iNaturalist,Observations,391933156,Jacqueline Weber,COORDINATE_ROUNDED;CONTINENT_DERIVED_FROM_COORDINATES;TAXON_ID_NOT_FOUND
6519317834,50c9509d-22c7-4a22-a47d-8c48425ef4a7,https://www.inaturalist.org/observations/395602167,,Washington,47.4565,-121.45406,5.0,,,2026-08-08T08:45,2026,HUMAN_OBSERVATION,iNaturalist,Observations,395602167,John Soltys,CONTINENT_DERIVED_FROM_COORDINATES;TAXON_ID_NOT_FOUND
6519317377,50c9509d-22c7-4a22-a47d-8c48425ef4a7,https://www.inaturalist.org/observations/395964939,,Washington,48.01244,-121.516641,4.0,,,2026-08-28T16:00:42,2026,HUMAN_OBSERVATION,iNaturalist,Observations,395964939,adelrocini,COORDINATE_ROUNDED;CONTINENT_DERIVED_FROM_COORDINATES;TAXON_ID_NOT_FOUND
6519296532,50c9509d-22c7-4a22-a47d-8c48425ef4a7,https://www.inaturalist.org/observations/395609501,,Washington,47.45358,-121.43642,5.0,,,2026-08-16T10:38,2026,HUMAN_OBSERVATION,iNaturalist,Observations,395609501,John Soltys,CONTINENT_DERIVED_FROM_COORDINATES;TAXON_ID_NOT_FOUND
6519274012,50c9509d-22c7-4a22-a47d-8c48425ef4a7,https://www.inaturalist.org/observations/395944464,,Washington,47.528033,-121.352673,179.0,,,2026-08-22T17:18:26,2026,HUMAN_OBSERVATION,iNaturalist,Observations,395944464,Andrew,COORDINATE_ROUNDED;CONTINENT_DERIVED_FROM_COORDINATES;TAXON_ID_NOT_FOUND
6519154839,50c9509d-22c7-4a22-a47d-8c48425ef4a7,https://www.inaturalist.org/observations/394328751,,Washington,47.413235,-121.47791,697.0,,,2026-08-22T10:01,2026,HUMAN_OBSERVATION,iNaturalist,Observations,394328751,kaeliswift,COORDINATE_ROUNDED;CONTINENT_DERIVED_FROM_COORDINATES;TAXON_ID_NOT_FOUND
6519143431,50c9509d-22c7-4a22-a47d-8c48425ef4a7,https://www.inaturalist.org/observations/397220181,,Washington,48.569459,-121.287573,6172.0,,,2026-09-01T15:51:11,2026,HUMAN_OBSERVATION,iNaturalist,Observations,397220181,k7sosa,COORDINATE_ROUNDED;CONTINENT_DERIVED_FROM_COORDINATES;TAXON_ID_NOT_FOUND
6519088465,50c9509d-22c7-4a22-a47d-8c48425ef4a7,https://www.inaturalist.org/observations/394579293,,Washington,46.781765,-121.782254,888.0,,,2026-08-25T11:39:01,2026,HUMAN_OBSERVATION,iNaturalist,Observations,394579293,Steve Ray,COORDINATE_ROUNDED;CONTINENT_DERIVED_FROM_COORDINATES;TAXON_ID_NOT_FOUND
6519061243,50c9509d-22c7-4a22-a47d-8c48425ef4a7,https://www.inaturalist.org/observations/391633810,,Washington,46.762642,-121.733558,15.0,,,2026-08-15T13:58:15,2026,HUMAN_OBSERVATION,iNaturalist,Observations,391633810,Justin Paulin,COORDINATE_ROUNDED;CONTINENT_DERIVED_FROM_COORDINATES;TAXON_ID_NOT_FOUND
6518992275,50c9509d-22c7-4a22-a47d-8c48425ef4a7,https://www.inaturalist.org/observations/395305366,,Washington,46.789056,-121.783328,,,,2026-08-22T08:19:42,2026,HUMAN_OBSERVATION,iNaturalist,Observations,395305366,Pierce Louderback,COORDINATE_ROUNDED;CONTINENT_DERIVED_FROM_COORDINATES;TAXON_ID_NOT_FOUND
6518952458,50c9509d-22c7-4a22-a47d-8c48425ef4a7,https://www.inaturalist.org/observations/396521207,,Washington,47.424888,-121.532017,4.0,,,2026-09-01T11:09:52,2026,HUMAN_OBSERVATION,iNaturalist,Observations,396521207,jackson200,COORDINATE_ROUNDED;CONTINENT_DERIVED_FROM_COORDINATES;TAXON_ID_NOT_FOUND
6518949043,50c9509d-22c7-4a22-a47d-8c48425ef4a7,https://www.inaturalist.org/observations/394530881,,Washington,46.616957,-121.82096,26967.0,,,2026-08-25T09:30:37,2026,HUMAN_OBSERVATION,iNaturalist,Observations,394530881,Sam Hain,COORDINATE_ROUNDED;CONTINENT_DERIVED_FROM_COORDINATES;TAXON_ID_NOT_FOUND
6518943672,50c9509d-22c7-4a22-a47d-8c48425ef4a7,https://www.inaturalist.org/observations/390569672,,Washington,47.60824,-121.502557,,,,2026-08-08T15:17:21,2026,HUMAN_OBSERVATION,iNaturalist,Observations,390569672,Andrew,COORDINATE_ROUNDED;CONTINENT_DERIVED_FROM_COORDINATES;TAXON_ID_NOT_FOUND
6518932164,50c9509d-22c7-4a22-a47d-8c48425ef4a7,https://www.inaturalist.org/observations/397123301,,Washington,47.351066,-121.448463,,,,2026-08-11T17:02,2026,HUMAN_OBSERVATION,iNaturalist,Observations,397123301,Dave Miller,COORDINATE_ROUNDED;CONTINENT_DERIVED_FROM_COORDINATES;TAXON_ID_NOT_FOUND
6518869925,50c9509d-22c7-4a22-a47d-8c48425ef4a7,https://www.inaturalist.org/observations/389174128,,Washington,48.469773,-121.054491,9.0,,,2026-08-04T11:25:33,2026,HUMAN_OBSERVATION,iNaturalist,Observations,389174128,qjbeeke,COORDINATE_ROUNDED;CONTINENT_DERIVED_FROM_COORDINATES;TAXON_ID_NOT_FOUND
6518850035,50c9509d-22c7-4a22-a47d-8c48425ef4a7,https://www.inaturalist.org/observations/397120449,,Washington,47.349947,-121.449894,,,,2026-08-11T13:20,2026,HUMAN_OBSERVATION,iNaturalist,Observations,397120449,Dave Miller,COORDINATE_ROUNDED;CONTINENT_DERIVED_FROM_COORDINATES;TAXON_ID_NOT_FOUND
6518783766,50c9509d-22c7-4a22-a47d-8c48425ef4a7,https://www.inaturalist.org/observations/398148500,,Washington,48.509758,-120.745225,12.0,,,2026-09-06T16:42:45,2026,HUMAN_OBSERVATION,iNaturalist,Observations,398148500,Lucas Lochner Bravo,COORDINATE_ROUNDED;CONTINENT_DERIVED_FROM_COORDINATES;TAXON_ID_NOT_FOUND
6518772473,50c9509d-22c7-4a22-a47d-8c48425ef4a7,https://www.inaturalist.org/observations/396521200,,Washington,47.424329,-121.529436,4.0,,,2026-09-01T10:03:39,2026,HUMAN_OBSERVATION,iNaturalist,Observations,396521200,jackson200,COORDINATE_ROUNDED;CONTINENT_DERIVED_FROM_COORDINATES;TAXON_ID_NOT_FOUND
6518733774,50c9509d-22c7-4a22-a47d-8c48425ef4a7,https://www.inaturalist.org/observations/395140671,,Washington,47.474255,-121.4618,331.0,,,2026-08-27T14:33:06,2026,HUMAN_OBSERVATION,iNaturalist,Observations,395140671,rimor,COORDINATE_ROUNDED;CONTINENT_DERIVED_FROM_COORDINATES;TAXON_ID_NOT_FOUND
6518714503,50c9509d-22c7-4a22-a47d-8c48425ef4a7,https://www.inaturalist.org/observations/397304620,,Washington,46.914425,-121.641839,2121.0,,,2026-07-28T23:33,2026,HUMAN_OBSERVATION,iNaturalist,Observations,397304620,Cristian van den Berghe,COORDINATE_ROUNDED;CONTINENT_DERIVED_FROM_COORDINATES;TAXON_ID_NOT_FOUND
6518662585,50c9509d-22c7-4a22-a47d-8c48425ef4a7,https://www.inaturalist.org/observations/394593403,,Washington,46.639782,-121.93456,26967.0,,,2026-08-25T08:33,2026,HUMAN_OBSERVATION,iNaturalist,Observations,394593403,Zach Hawn,COORDINATE_ROUNDED;CONTINENT_DERIVED_FROM_COORDINATES;TAXON_ID_NOT_FOUND
6518645815,50c9509d-22c7-4a22-a47d-8c48425ef4a7,https://www.inaturalist.org/observations/395604797,,Washington,47.4477,-121.41471,5.0,,,2026-08-09T09:42,2026,HUMAN_OBSERVATION,iNaturalist,Observations,395604797,John Soltys,CONTINENT_DERIVED_FROM_COORDINATES;TAXON_ID_NOT_FOUND
6518633562,50c9509d-22c7-4a22-a47d-8c48425ef4a7,https://www.inaturalist.org/observations/391633825,,Washington,46.761874,-121.734319,4.0,,,2026-08-15T14:14:09,2026,HUMAN_OBSERVATION,iNaturalist,Observations,391633825,Justin Paulin,COORDINATE_ROUNDED;CONTINENT_DERIVED_FROM_COORDINATES;TAXON_ID_NOT_FOUND
6518615813,50c9509d-22c7-4a22-a47d-8c48425ef4a7,https://www.inaturalist.org/observations/389173592,,Washington,48.473145,-121.062039,7.0,,,2026-08-04T10:19:15,2026,HUMAN_OBSERVATION,iNaturalist,Observations,389173592,qjbeeke,COORDINATE_ROUNDED;CONTINENT_DERIVED_FROM_COORDINATES;TAXON_ID_NOT_FOUND
6518615375,50c9509d-22c7-4a22-a47d-8c48425ef4a7,https://www.inaturalist.org/observations/395304286,,Washington,46.791004,-121.782409,31.0,,,2026-08-22T09:49:35,2026,HUMAN_OBSERVATION,iNaturalist,Observations,395304286,Pierce Louderback,COORDINATE_ROUNDED;CONTINENT_DERIVED_FROM_COORDINATES;TAXON_ID_NOT_FOUND
6518608326,50c9509d-22c7-4a22-a47d-8c48425ef4a7,https://www.inaturalist.org/observations/394595923,,Washington,46.868636,-121.529494,5.0,,,2026-08-04T09:49,2026,HUMAN_OBSERVATION,iNaturalist,Observations,394595923,Lex Orr,COORDINATE_ROUNDED;CONTINENT_DERIVED_FROM_COORDINATES;TAXON_ID_NOT_FOUND
6518588398,50c9509d-22c7-4a22-a47d-8c48425ef4a7,https://www.inaturalist.org/observations/395600398,,Washington,47.44805,-121.4158,5.0,,,2026-08-01T08:21,2026,HUMAN_OBSERVATION,iNaturalist,Observations,395600398,John Soltys,CONTINENT_DERIVED_FROM_COORDINATES;TAXON_ID_NOT_FOUND
6518568914,50c9509d-22c7-4a22-a47d-8c48425ef4a7,https://www.inaturalist.org/observations/394249467,,Washington,46.796821,-121.735361,416.0,,,2026-08-24T09:00,2026,HUMAN_OBSERVATION,iNaturalist,Observations,394249467,Kenneth Heckt,COORDINATE_ROUNDED;CONTINENT_DERIVED_FROM_COORDINATES;TAXON_ID_NOT_FOUND
6518567201,50c9509d-22c7-4a22-a47d-8c48425ef4a7,https://www.inaturalist.org/observations/396537156,,Washington,48.819053,-121.738695,10.0,,,2026-08-31T12:42:07,2026,HUMAN_OBSERVATION,iNaturalist,Observations,396537156,zeledonia10,COORDINATE_ROUNDED;CONTINENT_DERIVED_FROM_COORDINATES;TAXON_ID_NOT_FOUND
6518555346,50c9509d-22c7-4a22-a47d-8c48425ef4a7,https://www.inaturalist.org/observations/394354499,,Washington,48.061853,-121.804978,4.0,,,2026-07-27T12:41:36,2026,HUMAN_OBSERVATION,iNaturalist,Observations,394354499,eingroschenoper,COORDINATE_ROUNDED;CONTINENT_DERIVED_FROM_COORDINATES;TAXON_ID_NOT_FOUND
6518547638,50c9509d-22c7-4a22-a47d-8c48425ef4a7,https://www.inaturalist.org/observations/398146852,,Washington,46.788641,-121.783426,17.0,,,2026-09-05T14:33:10,2026,HUMAN_OBSERVATION,iNaturalist,Observations,398146852,jostzwiebel,COORDINATE_ROUNDED;CONTINENT_DERIVED_FROM_COORDINATES;TAXON_ID_NOT_FOUND
6518532554,50c9509d-22c7-4a22-a47d-8c48425ef4a7,https://www.inaturalist.org/observations/395953957,,Washington,47.385137,-121.489058,3307.0,,,2026-08-30T11:01:26,2026,HUMAN_OBSERVATION,iNaturalist,Observations,395953957,mmjohn00,COORDINATE_ROUNDED;CONTINENT_DERIVED_FROM_COORDINATES;TAXON_ID_NOT_FOUND
6518525595,50c9509d-22c7-4a22-a47d-8c48425ef4a7,https://www.inaturalist.org/observations/397576900,,Washington,48.066053,-121.781625,4.0,,,2026-09-05T10:40:55,2026,HUMAN_OBSERVATION,iNaturalist,Observations,397576900,nodnarbmirp,COORDINATE_ROUNDED;CONTINENT_DERIVED_FROM_COORDINATES;TAXON_ID_NOT_FOUND
6518517805,50c9509d-22c7-4a22-a47d-8c48425ef4a7,https://www.inaturalist.org/observations/396521212,,Washington,47.424302,-121.52958,4.0,,,2026-09-01T11:18:03,2026,HUMAN_OBSERVATION,iNaturalist,Observations,396521212,jackson200,COORDINATE_ROUNDED;CONTINENT_DERIVED_FROM_COORDINATES;TAXON_ID_NOT_FOUND
6518478847,50c9509d-22c7-4a22-a47d-8c48425ef4a7,https://www.inaturalist.org/observations/395600397,,Washington,47.44799,-121.41556,5.0,,,2026-08-01T08:16,2026,HUMAN_OBSERVATION,iNaturalist,Observations,395600397,John Soltys,CONTINENT_DERIVED_FROM_COORDINATES;TAXON_ID_NOT_FOUND
6518472277,50c9509d-22c7-4a22-a47d-8c48425ef4a7,https://www.inaturalist.org/observations/396741935,,Washington,48.474853,-121.063194,2.0,,,2026-08-30T08:26:57,2026,HUMAN_OBSERVATION,iNaturalist,Observations,396741935,Amanda Chappell,COORDINATE_ROUNDED;CONTINENT_DERIVED_FROM_COORDINATES;TAXON_ID_NOT_FOUND
6518461949,50c9509d-22c7-4a22-a47d-8c48425ef4a7,https://www.inaturalist.org/observations/396521199,,Washington,47.426065,-121.508524,4.0,,,2026-09-01T09:24:11,2026,HUMAN_OBSERVATION,iNaturalist,Observations,396521199,jackson200,COORDINATE_ROUNDED;CONTINENT_DERIVED_FROM_COORDINATES;TAXON_ID_NOT_FOUND
6518399626,50c9509d-22c7-4a22-a47d-8c48425ef4a7,https://www.inaturalist.org/observations/398208114,,Washington,47.370764,-121.451242,8.0,,,2026-09-06T11:35:59,2026,HUMAN_OBSERVATION,iNaturalist,Observations,398208114,hexed,COORDINATE_ROUNDED;CONTINENT_DERIVED_FROM_COORDINATES;TAXON_ID_NOT_FOUND
6500443736,50c9509d-22c7-4a22-a47d-8c48425ef4a7,https://www.inaturalist.org/observations/390145493,,Washington,46.791729,-121.78141,8.0,,,2026-08-08T07:11,2026,HUMAN_OBSERVATION,iNaturalist,Observations,390145493,Anthony Shannon-Thorn,COORDINATE_ROUNDED;CONTINENT_DERIVED_FROM_COORDINATES;TAXON_ID_NOT_FOUND
6500270751,50c9509d-22c7-4a22-a47d-8c48425ef4a7,https://www.inaturalist.org/observations/391647482,,Washington,46.801106,-121.728054,705.0,,,2026-08-15T09:57,2026,HUMAN_OBSERVATION,iNaturalist,Observations,391647482,Kruti Kamdar,COORDINATE_ROUNDED;CONTINENT_DERIVED_FROM_COORDINATES;TAXON_ID_NOT_FOUND
6500203125,50c9509d-22c7-4a22-a47d-8c48425ef4a7,https://www.inaturalist.org/observations/393853518,,Washington,46.802597,-121.731155,13.0,,,2026-08-19T11:05:28,2026,HUMAN_OBSERVATION,iNaturalist,Observations,393853518,pigeongirl,COORDINATE_ROUNDED;CONTINENT_DERIVED_FROM_COORDINATES;TAXON_ID_NOT_FOUND
6500178154,50c9509d-22c7-4a22-a47d-8c48425ef4a7,https://www.inaturalist.org/observations/390216208,,Washington,47.610458,-121.331887,,,,2026-08-09T17:23,2026,HUMAN_OBSERVATION,iNaturalist,Observations,390216208,Eric Jain,CONTINENT_DERIVED_FROM_COORDINATES;TAXON_ID_NOT_FOUND
6500175775,50c9509d-22c7-4a22-a47d-8c48425ef4a7,https://www.inaturalist.org/observations/392387668,,Washington,47.455948,-121.440453,,,,2026-08-18T07:42:43,2026,HUMAN_OBSERVATION,iNaturalist,Observations,392387668,mackenzie819,COORDINATE_ROUNDED;CONTINENT_DERIVED_FROM_COORDINATES;TAXON_ID_NOT_FOUND
6500104452,50c9509d-22c7-4a22-a47d-8c48425ef4a7,https://www.inaturalist.org/observations/391283872,,Washington,47.692408,-121.093628,,,,2026-07-26T20:38:22,2026,HUMAN_OBSERVATION,iNaturalist,Observations,391283872,greymstreet,COORDINATE_ROUNDED;CONTINENT_DERIVED_FROM_COORDINATES;TAXON_ID_NOT_FOUND
6500050284,50c9509d-22c7-4a22-a47d-8c48425ef4a7,https://www.inaturalist.org/observations/391274660,,Washington,48.517045,-120.736153,1.0,,,2026-07-27T22:26:36,2026,HUMAN_OBSERVATION,iNaturalist,Observations,391274660,brookesullivan3131,COORDINATE_ROUNDED;CONTINENT_DERIVED_FROM_COORDINATES;TAXON_ID_NOT_FOUND
6499922046,50c9509d-22c7-4a22-a47d-8c48425ef4a7,https://www.inaturalist.org/observations/390711418,,Washington,46.802553,-121.731004,,,,2026-08-04T10:51,2026,HUMAN_OBSERVATION,iNaturalist,Observations,390711418,Charlie Russell,COORDINATE_ROUNDED;CONTINENT_DERIVED_FROM_COORDINATES;TAXON_ID_NOT_FOUND
6499809425,50c9509d-22c7-4a22-a47d-8c48425ef4a7,https://www.inaturalist.org/observations/390119924,,Washington,48.475269,-121.063694,30.0,,,2026-08-04T10:17:42,2026,HUMAN_OBSERVATION,iNaturalist,Observations,390119924,musicblover,COORDINATE_ROUNDED;CONTINENT_DERIVED_FROM_COORDINATES;TAXON_ID_NOT_FOUND
6499703700,50c9509d-22c7-4a22-a47d-8c48425ef4a7,https://www.inaturalist.org/observations/392841454,,Washington,46.788762,-121.78347,20.0,,,2026-08-19T18:50:08,2026,HUMAN_OBSERVATION,iNaturalist,Observations,392841454,mattstanton,COORDINATE_ROUNDED;CONTINENT_DERIVED_FROM_COORDINATES;TAXON_ID_NOT_FOUND
6499663682,50c9509d-22c7-4a22-a47d-8c48425ef4a7,https://www.inaturalist.org/observations/390980975,,Washington,46.937917,-121.779037,12.0,,,2026-08-04T08:24:07,2026,HUMAN_OBSERVATION,iNaturalist,Observations,390980975,cairochris,COORDINATE_ROUNDED;CONTINENT_DERIVED_FROM_COORDINATES;TAXON_ID_NOT_FOUND
6499656696,50c9509d-22c7-4a22-a47d-8c48425ef4a7,https://www.inaturalist.org/observations/390454455,,Washington,48.509063,-120.752452,228.0,,,2026-08-07T13:59,2026,HUMAN_OBSERVATION,iNaturalist,Observations,390454455,Juan G.,COORDINATE_ROUNDED;CONTINENT_DERIVED_FROM_COORDINATES;TAXON_ID_NOT_FOUND
6499602758,50c9509d-22c7-4a22-a47d-8c48425ef4a7,https://www.inaturalist.org/observations/393691281,,Washington,46.165583,-121.869095,4.0,,,2026-08-19T12:22:55,2026,HUMAN_OBSERVATION,iNaturalist,Observations,393691281,pnwleah,COORDINATE_ROUNDED;CONTINENT_DERIVED_FROM_COORDINATES;TAXON_ID_NOT_FOUND
6499579301,50c9509d-22c7-4a22-a47d-8c48425ef4a7,https://www.inaturalist.org/observations/391633100,,Washington,46.762596,-121.733574,4.0,,,2026-08-15T14:09:55,2026,HUMAN_OBSERVATION,iNaturalist,Observations,391633100,radical_mouse,COORDINATE_ROUNDED;CONTINENT_DERIVED_FROM_COORDINATES;TAXON_ID_NOT_FOUND
6499543404,50c9509d-22c7-4a22-a47d-8c48425ef4a7,https://www.inaturalist.org/observations/392810058,,Washington,46.791703,-121.781189,,,,2026-08-19T08:50,2026,HUMAN_OBSERVATION,iNaturalist,Observations,392810058,mather65,COORDINATE_ROUNDED;CONTINENT_DERIVED_FROM_COORDINATES;TAXON_ID_NOT_FOUND
6499532320,50c9509d-22c7-4a22-a47d-8c48425ef4a7,https://www.inaturalist.org/observations/391997201,,Washington,47.446755,-121.418183,14.0,,,2026-08-16T11:38:56,2026,HUMAN_OBSERVATION,iNaturalist,Observations,391997201,Michael Paluch,COORDINATE_ROUNDED;CONTINENT_DERIVED_FROM_COORDINATES;TAXON_ID_NOT_FOUND
6499501239,50c9509d-22c7-4a22-a47d-8c48425ef4a7,https://www.inaturalist.org/observations/392532849,,Washington,47.635499,-121.05692,23710.0,,,2025-08-31T09:51:48,2025,HUMAN_OBSERVATION,iNaturalist,Observations,392532849,Ethan Allred,COORDINATE_ROUNDED;CONTINENT_DERIVED_FROM_COORDINATES;TAXON_ID_NOT_FOUND
6499498722,50c9509d-22c7-4a22-a47d-8c48425ef4a7,https://www.inaturalist.org/observations/392395539,,Washington,47.46244,-121.450928,3713.0,,,2026-08-15T10:41:57,2026,HUMAN_OBSERVATION,iNaturalist,Observations,392395539,Rogmocrypta,COORDINATE_ROUNDED;CONTINENT_DERIVED_FROM_COORDINATES;TAXON_ID_NOT_FOUND
6499495721,50c9509d-22c7-4a22-a47d-8c48425ef4a7,https://www.inaturalist.org/observations/392585612,,Washington,46.768005,-121.689767,4.0,,,2026-08-09T13:17:30,2026,HUMAN_OBSERVATION,iNaturalist,Observations,392585612,cairochris,COORDINATE_ROUNDED;CONTINENT_DERIVED_FROM_COORDINATES;TAXON_ID_NOT_FOUND
6499459451,50c9509d-22c7-4a22-a47d-8c48425ef4a7,https://www.inaturalist.org/observations/390491860,,Washington,48.474578,-121.063103,11.0,,,2026-08-11T12:59:13,2026,HUMAN_OBSERVATION,iNaturalist,Observations,390491860,iwantmuffinplz,COORDINATE_ROUNDED;CONTINENT_DERIVED_FROM_COORDINATES;TAXON_ID_NOT_FOUND
6499294525,50c9509d-22c7-4a22-a47d-8c48425ef4a7,https://www.inaturalist.org/observations/390716014,,Washington,46.826008,-121.863472,4.0,,,2026-07-29T17:40:02,2026,HUMAN_OBSERVATION,iNaturalist,Observations,390716014,cairochris,COORDINATE_ROUNDED;CONTINENT_DERIVED_FROM_COORDINATES;TAXON_ID_NOT_FOUND
6499166737,50c9509d-22c7-4a22-a47d-8c48425ef4a7,https://www.inaturalist.org/observations/391647504,,Washington,46.801106,-121.728054,705.0,,,2026-08-15T13:05,2026,HUMAN_OBSERVATION,iNaturalist,Observations,391647504,Kruti Kamdar,COORDINATE_ROUNDED;CONTINENT_DERIVED_FROM_COORDINATES;TAXON_ID_NOT_FOUND
6499107802,50c9509d-22c7-4a22-a47d-8c48425ef4a7,https://www.inaturalist.org/observations/390216216,,Washington,47.614177,-121.328168,,,,2026-08-09T17:47,2026,HUMAN_OBSERVATION,iNaturalist,Observations,390216216,Eric Jain,CONTINENT_DERIVED_FROM_COORDINATES;TAXON_ID_NOT_FOUND
6498944924,50c9509d-22c7-4a22-a47d-8c48425ef4a7,https://www.inaturalist.org/observations/393578984,,Washington,46.160453,-121.49064,,,,2026-08-22T12:41:37,2026,HUMAN_OBSERVATION,iNaturalist,Observations,393578984,rwinslow,COORDINATE_ROUNDED;CONTINENT_DERIVED_FROM_COORDINATES;TAXON_ID_NOT_FOUND
6498879631,50c9509d-22c7-4a22-a47d-8c48425ef4a7,https://www.inaturalist.org/observations/390492289,,Washington,47.978905,-121.363228,11.0,,,2026-08-10T08:57:06,2026,HUMAN_OBSERVATION,iNaturalist,Observations,390492289,Benjamin Nelson,COORDINATE_ROUNDED;CONTINENT_DERIVED_FROM_COORDINATES;TAXON_ID_NOT_FOUND
6498831432,50c9509d-22c7-4a22-a47d-8c48425ef4a7,https://www.inaturalist.org/observations/390120030,,Washington,48.475281,-121.063687,4.0,,,2026-08-04T10:17:19,2026,HUMAN_OBSERVATION,iNaturalist,Observations,390120030,musicblover,COORDINATE_ROUNDED;CONTINENT_DERIVED_FROM_COORDINATES;TAXON_ID_NOT_FOUND
6498812983,50c9509d-22c7-4a22-a47d-8c48425ef4a7,https://www.inaturalist.org/observations/390324885,,Washington,47.68857,-121.151752,557.0,,,2026-08-10T11:00:42,2026,HUMAN_OBSERVATION,iNaturalist,Observations,390324885,lukeupson,COORDINATE_ROUNDED;CONTINENT_DERIVED_FROM_COORDINATES;TAXON_ID_NOT_FOUND
6498765863,50c9509d-22c7-4a22-a47d-8c48425ef4a7,https://www.inaturalist.org/observations/392563024,,Washington,47.601798,-121.329379,844.0,,,2026-08-18T00:32:17,2026,HUMAN_OBSERVATION,iNaturalist,Observations,392563024,llillbird,COORDINATE_ROUNDED;CONTINENT_DERIVED_FROM_COORDINATES;TAXON_ID_NOT_FOUND
6498719957,50c9509d-22c7-4a22-a47d-8c48425ef4a7,https://www.inaturalist.org/observations/391288140,,Washington,47.668464,-121.123172,,,,2026-07-26T18:27:34,2026,HUMAN_OBSERVATION,iNaturalist,Observations,391288140,greymstreet,COORDINATE_ROUNDED;CONTINENT_DERIVED_FROM_COORDINATES;TAXON_ID_NOT_FOUND
6498704229,50c9509d-22c7-4a22-a47d-8c48425ef4a7,https://www.inaturalist.org/observations/392578097,,Washington,48.8298,-121.654428,4.0,,,2026-08-18T15:29:54,2026,HUMAN_OBSERVATION,iNaturalist,Observations,392578097,nwmomof4,COORDINATE_ROUNDED;CONTINENT_DERIVED_FROM_COORDINATES;TAXON_ID_NOT_FOUND
6498661028,50c9509d-22c7-4a22-a47d-8c48425ef4a7,https://www.inaturalist.org/observations/391766545,,Washington,48.472515,-121.062012,7.0,,,2026-08-14T08:58:29,2026,HUMAN_OBSERVATION,iNaturalist,Observations,391766545,Michael J. Tambascio,COORDINATE_ROUNDED;CONTINENT_DERIVED_FROM_COORDINATES;TAXON_ID_NOT_FOUND
6498659877,50c9509d-22c7-4a22-a47d-8c48425ef4a7,https://www.inaturalist.org/observations/390198636,,Washington,46.867928,-121.519103,4.0,,,2026-08-10T20:09:30,2026,HUMAN_OBSERVATION,iNaturalist,Observations,390198636,catherineunger,COORDINATE_ROUNDED;CONTINENT_DERIVED_FROM_COORDINATES;TAXON_ID_NOT_FOUND
6498659273,50c9509d-22c7-4a22-a47d-8c48425ef4a7,https://www.inaturalist.org/observations/391808278,,Washington,48.466629,-121.054253,,,,2026-08-15T10:40:41,2026,HUMAN_OBSERVATION,iNaturalist,Observations,391808278,brookemckeon,COORDINATE_ROUNDED;CONTINENT_DERIVED_FROM_COORDINATES;TAXON_ID_NOT_FOUND
6498621135,50c9509d-22c7-4a22-a47d-8c48425ef4a7,https://www.inaturalist.org/observations/391287537,,Washington,47.6758,-121.126819,,,,2026-07-26T19:06:45,2026,HUMAN_OBSERVATION,iNaturalist,Observations,391287537,greymstreet,COORDINATE_ROUNDED;CONTINENT_DERIVED_FROM_COORDINATES;TAXON_ID_NOT_FOUND
6498575608,50c9509d-22c7-4a22-a47d-8c48425ef4a7,https://www.inaturalist.org/observations/390735924,,Washington,46.867958,-121.519103,4.0,,,2026-08-10T20:07:07,2026,HUMAN_OBSERVATION,iNaturalist,Observations,390735924,Bailey W,COORDINATE_ROUNDED;CONTINENT_DERIVED_FROM_COORDINATES;TAXON_ID_NOT_FOUND
6498560771,50c9509d-22c7-4a22-a47d-8c48425ef4a7,https://www.inaturalist.org/observations/390901866,,Washington,46.94437,-121.78775,12.0,,,2026-08-03T17:25:07,2026,HUMAN_OBSERVATION,iNaturalist,Observations,390901866,cairochris,CONTINENT_DERIVED_FROM_COORDINATES;TAXON_ID_NOT_FOUND
6498503357,50c9509d-22c7-4a22-a47d-8c48425ef4a7,https://www.inaturalist.org/observations/391983813,,Washington,46.174183,-122.213797,4.0,,,2026-08-16T10:45:37,2026,HUMAN_OBSERVATION,iNaturalist,Observations,391983813,xizitro33,COORDINATE_ROUNDED;CONTINENT_DERIVED_FROM_COORDINATES;TAXON_ID_NOT_FOUND
6498492664,50c9509d-22c7-4a22-a47d-8c48425ef4a7,https://www.inaturalist.org/observations/393371815,,Washington,48.982608,-121.778299,26614.0,,,2026-08-21T19:53:49,2026,HUMAN_OBSERVATION,iNaturalist,Observations,393371815,trailtabby,COORDINATE_ROUNDED;CONTINENT_DERIVED_FROM_COORDINATES;TAXON_ID_NOT_FOUND
6498334542,50c9509d-22c7-4a22-a47d-8c48425ef4a7,https://www.inaturalist.org/observations/391283626,,Washington,47.693064,-121.094064,,,,2026-07-26T20:39:07,2026,HUMAN_OBSERVATION,iNaturalist,Observations,391283626,greymstreet,COORDINATE_ROUNDED;CONTINENT_DERIVED_FROM_COORDINATES;TAXON_ID_NOT_FOUND
6498267545,50c9509d-22c7-4a22-a47d-8c48425ef4a7,https://www.inaturalist.org/observations/393324701,,Washington,47.464584,-121.437208,1305.0,,,2026-08-21T13:47:15,2026,HUMAN_OBSERVATION,iNaturalist,Observations,393324701,coleopterakleptomaniac,COORDINATE_ROUNDED;CONTINENT_DERIVED_FROM_COORDINATES;TAXON_ID_NOT_FOUND
6498259821,50c9509d-22c7-4a22-a47d-8c48425ef4a7,https://www.inaturalist.org/observations/390145494,,Washington,46.792216,-121.780504,8.0,,,2026-08-08T07:26,2026,HUMAN_OBSERVATION,iNaturalist,Observations,390145494,Anthony Shannon-Thorn,COORDINATE_ROUNDED;CONTINENT_DERIVED_FROM_COORDINATES;TAXON_ID_NOT_FOUND
6498231244,50c9509d-22c7-4a22-a47d-8c48425ef4a7,https://www.inaturalist.org/observations/391633384,,Washington,46.171284,-122.193203,3.0,,,2026-08-15T07:38:23,2026,HUMAN_OBSERVATION,iNaturalist,Observations,391633384,manseekingorganisms,COORDINATE_ROUNDED;CONTINENT_DERIVED_FROM_COORDINATES;TAXON_ID_NOT_FOUND
6498161475,50c9509d-22c7-4a22-a47d-8c48425ef4a7,https://www.inaturalist.org/observations/393662801,,Washington,47.366069,-121.474044,,,,2026-08-22T10:42:58,2026,HUMAN_OBSERVATION,iNaturalist,Observations,393662801,Sam Bowen,COORDINATE_ROUNDED;CONTINENT_DERIVED_FROM_COORDINATES;TAXON_ID_NOT_FOUND
6498151979,50c9509d-22c7-4a22-a47d-8c48425ef4a7,https://www.inaturalist.org/observations/390754600,,Washington,46.868825,-121.894103,4.0,,,2026-07-30T19:14:42,2026,HUMAN_OBSERVATION,iNaturalist,Observations,390754600,cairochris,COORDINATE_ROUNDED;CONTINENT_DERIVED_FROM_COORDINATES;TAXON_ID_NOT_FOUND
6498148973,50c9509d-22c7-4a22-a47d-8c48425ef4a7,https://www.inaturalist.org/observations/393985147,,Washington,46.792118,-121.780596,,,,2026-08-23T11:37:11,2026,HUMAN_OBSERVATION,iNaturalist,Observations,393985147,Gina Smith,COORDINATE_ROUNDED;CONTINENT_DERIVED_FROM_COORDINATES;TAXON_ID_NOT_FOUND
6481438643,50c9509d-22c7-4a22-a47d-8c48425ef4a7,https://www.inaturalist.org/observations/390110982,,Washington,48.507775,-120.675255,61.0,,,2026-08-10T09:55,2026,HUMAN_OBSERVATION,iNaturalist,Observations,390110982,cristianj1ra,COORDINATE_ROUNDED;CONTINENT_DERIVED_FROM_COORDINATES;TAXON_ID_NOT_FOUND
6481305221,50c9509d-22c7-4a22-a47d-8c48425ef4a7,https://www.inaturalist.org/observations/386178511,,Washington,48.468038,-121.057367,3.0,,,2026-07-28T14:19:01,2026,HUMAN_OBSERVATION,iNaturalist,Observations,386178511,Shannon DeVaney,COORDINATE_ROUNDED;CONTINENT_DERIVED_FROM_COORDINATES;TAXON_ID_NOT_FOUND
6481284432,50c9509d-22c7-4a22-a47d-8c48425ef4a7,https://www.inaturalist.org/observations/388214945,,Washington,46.792645,-121.728912,4.0,,,2026-08-03T19:00:44,2026,HUMAN_OBSERVATION,iNaturalist,Observations,388214945,Chris Elgabalawi,COORDINATE_ROUNDED;CONTINENT_DERIVED_FROM_COORDINATES;TAXON_ID_NOT_FOUND
6481208169,50c9509d-22c7-4a22-a47d-8c48425ef4a7,https://www.inaturalist.org/observations/387075442,,Washington,47.662136,-121.121913,4.0,,,2026-07-31T07:17:12,2026,HUMAN_OBSERVATION,iNaturalist,Observations,387075442,jackson200,COORDINATE_ROUNDED;CONTINENT_DERIVED_FROM_COORDINATES;TAXON_ID_NOT_FOUND
6481186795,50c9509d-22c7-4a22-a47d-8c48425ef4a7,https://www.inaturalist.org/observations/387782472,,Washington,46.768268,-121.728653,,,,2026-08-02T15:55,2026,HUMAN_OBSERVATION,iNaturalist,Observations,387782472,Jeff Bartlett,COORDINATE_ROUNDED;CONTINENT_DERIVED_FROM_COORDINATES;TAXON_ID_NOT_FOUND
6481142536,50c9509d-22c7-4a22-a47d-8c48425ef4a7,https://www.inaturalist.org/observations/387919888,,Washington,47.349959,-121.44985,8.0,,,2026-08-02T11:38:41,2026,HUMAN_OBSERVATION,iNaturalist,Observations,387919888,emmybug,COORDINATE_ROUNDED;CONTINENT_DERIVED_FROM_COORDINATES;TAXON_ID_NOT_FOUND
6481117958,50c9509d-22c7-4a22-a47d-8c48425ef4a7,https://www.inaturalist.org/observations/387033369,,Washington,46.975792,-121.794054,26935.0,,,2026-07-30T13:42:01,2026,HUMAN_OBSERVATION,iNaturalist,Observations,387033369,Nicole Miller,COORDINATE_ROUNDED;CONTINENT_DERIVED_FROM_COORDINATES;TAXON_ID_NOT_FOUND
6481044895,50c9509d-22c7-4a22-a47d-8c48425ef4a7,https://www.inaturalist.org/observations/389511042,,Washington,48.845106,-121.710167,,,,2026-08-08T07:53:34,2026,HUMAN_OBSERVATION,iNaturalist,Observations,389511042,Kilian White,COORDINATE_ROUNDED;CONTINENT_DERIVED_FROM_COORDINATES;TAXON_ID_NOT_FOUND
6481034403,50c9509d-22c7-4a22-a47d-8c48425ef4a7,https://www.inaturalist.org/observations/389173574,,Washington,48.473275,-121.062062,8.0,,,2026-08-04T10:18:37,2026,HUMAN_OBSERVATION,iNaturalist,Observations,389173574,qjbeeke,COORDINATE_ROUNDED;CONTINENT_DERIVED_FROM_COORDINATES;TAXON_ID_NOT_FOUND
6481031714,50c9509d-22c7-4a22-a47d-8c48425ef4a7,https://www.inaturalist.org/observations/387075463,,Washington,47.686772,-121.103632,4.0,,,2026-07-31T09:04:33,2026,HUMAN_OBSERVATION,iNaturalist,Observations,387075463,jackson200,COORDINATE_ROUNDED;CONTINENT_DERIVED_FROM_COORDINATES;TAXON_ID_NOT_FOUND
6480913235,50c9509d-22c7-4a22-a47d-8c48425ef4a7,https://www.inaturalist.org/observations/386448117,,Washington,47.772445,-121.011681,4.0,,,2026-07-29T10:08:21,2026,HUMAN_OBSERVATION,iNaturalist,Observations,386448117,Aaron Wells,COORDINATE_ROUNDED;CONTINENT_DERIVED_FROM_COORDINATES;TAXON_ID_NOT_FOUND
6480842951,50c9509d-22c7-4a22-a47d-8c48425ef4a7,https://www.inaturalist.org/observations/387075376,,Washington,47.704221,-121.099653,4.0,,,2026-07-30T08:06:02,2026,HUMAN_OBSERVATION,iNaturalist,Observations,387075376,jackson200,COORDINATE_ROUNDED;CONTINENT_DERIVED_FROM_COORDINATES;TAXON_ID_NOT_FOUND
6480747474,50c9509d-22c7-4a22-a47d-8c48425ef4a7,https://www.inaturalist.org/observations/386178366,,Washington,48.469728,-121.055297,4.0,,,2026-07-28T13:59:56,2026,HUMAN_OBSERVATION,iNaturalist,Observations,386178366,Shannon DeVaney,COORDINATE_ROUNDED;CONTINENT_DERIVED_FROM_COORDINATES;TAXON_ID_NOT_FOUND
6480717010,50c9509d-22c7-4a22-a47d-8c48425ef4a7,https://www.inaturalist.org/observations/385853794,,Washington,47.601744,-121.16004,,,,2026-07-24T18:17:26,2026,HUMAN_OBSERVATION,iNaturalist,Observations,385853794,Andrew,COORDINATE_ROUNDED;CONTINENT_DERIVED_FROM_COORDINATES;TAXON_ID_NOT_FOUND
6480673913,50c9509d-22c7-4a22-a47d-8c48425ef4a7,https://www.inaturalist.org/observations/388779775,,Washington,47.58113,-121.176674,196.0,,,2026-07-24T05:22,2026,HUMAN_OBSERVATION,iNaturalist,Observations,388779775,Sidney Hough,COORDINATE_ROUNDED;CONTINENT_DERIVED_FROM_COORDINATES;TAXON_ID_NOT_FOUND
6480592920,50c9509d-22c7-4a22-a47d-8c48425ef4a7,https://www.inaturalist.org/observations/386446253,,Washington,46.919769,-121.65973,445.0,,,2026-07-20T09:24,2026,HUMAN_OBSERVATION,iNaturalist,Observations,386446253,carefortheplanet,COORDINATE_ROUNDED;CONTINENT_DERIVED_FROM_COORDINATES;TAXON_ID_NOT_FOUND
6480456595,50c9509d-22c7-4a22-a47d-8c48425ef4a7,https://www.inaturalist.org/observations/387075428,,Washington,47.692885,-121.094131,4.0,,,2026-07-30T09:12:52,2026,HUMAN_OBSERVATION,iNaturalist,Observations,387075428,jackson200,COORDINATE_ROUNDED;CONTINENT_DERIVED_FROM_COORDINATES;TAXON_ID_NOT_FOUND
6480247687,50c9509d-22c7-4a22-a47d-8c48425ef4a7,https://www.inaturalist.org/observations/377845700,,Washington,47.460208,-121.446708,17.0,,,2026-07-03T12:04:24,2026,HUMAN_OBSERVATION,iNaturalist,Observations,377845700,meversmann,COORDINATE_ROUNDED;CONTINENT_DERIVED_FROM_COORDINATES;TAXON_ID_NOT_FOUND
6480246041,50c9509d-22c7-4a22-a47d-8c48425ef4a7,https://www.inaturalist.org/observations/386114210,,Washington,46.874344,-121.58599,25.0,,,2026-07-13T11:17,2026,HUMAN_OBSERVATION,iNaturalist,Observations,386114210,loganw,COORDINATE_ROUNDED;CONTINENT_DERIVED_FROM_COORDINATES;TAXON_ID_NOT_FOUND
6480195212,50c9509d-22c7-4a22-a47d-8c48425ef4a7,https://www.inaturalist.org/observations/386321669,,Washington,47.790193,-121.559628,13.0,,,2026-07-10T11:08:09,2026,HUMAN_OBSERVATION,iNaturalist,Observations,386321669,amandasarles,COORDINATE_ROUNDED;CONTINENT_DERIVED_FROM_COORDINATES;TAXON_ID_NOT_FOUND
6480152327,50c9509d-22c7-4a22-a47d-8c48425ef4a7,https://www.inaturalist.org/observations/389850708,,Washington,48.4697,-121.0552,3.0,,,2026-07-28T12:49:05,2026,HUMAN_OBSERVATION,iNaturalist,Observations,389850708,Taylor,COORDINATE_ROUNDED;CONTINENT_DERIVED_FROM_COORDINATES;TAXON_ID_NOT_FOUND
6479955908,50c9509d-22c7-4a22-a47d-8c48425ef4a7,https://www.inaturalist.org/observations/387416288,,Washington,48.511262,-120.745255,,,,2026-07-28T16:58:05,2026,HUMAN_OBSERVATION,iNaturalist,Observations,387416288,gggmerek,COORDINATE_ROUNDED;CONTINENT_DERIVED_FROM_COORDINATES;TAXON_ID_NOT_FOUND
6479939791,50c9509d-22c7-4a22-a47d-8c48425ef4a7,https://www.inaturalist.org/observations/388936874,,Washington,46.170013,-122.193567,13.0,,,2026-08-05T06:15:33,2026,HUMAN_OBSERVATION,iNaturalist,Observations,388936874,campc,COORDINATE_ROUNDED;CONTINENT_DERIVED_FROM_COORDINATES;TAXON_ID_NOT_FOUND
6479874515,50c9509d-22c7-4a22-a47d-8c48425ef4a7,https://www.inaturalist.org/observations/389185260,,Washington,48.47525,-121.063697,4.0,,,2026-08-04T10:18:21,2026,HUMAN_OBSERVATION,iNaturalist,Observations,389185260,dbeeke,COORDINATE_ROUNDED;CONTINENT_DERIVED_FROM_COORDINATES;TAXON_ID_NOT_FOUND
6479760963,50c9509d-22c7-4a22-a47d-8c48425ef4a7,https://www.inaturalist.org/observations/388041504,,Washington,46.792653,-121.728967,4.0,,,2026-08-02T08:50:52,2026,HUMAN_OBSERVATION,iNaturalist,Observations,388041504,danibrooke,COORDINATE_ROUNDED;CONTINENT_DERIVED_FROM_COORDINATES;TAXON_ID_NOT_FOUND
6479731031,50c9509d-22c7-4a22-a47d-8c48425ef4a7,https://www.inaturalist.org/observations/386726774,,Washington,46.746987,-121.809975,17.0,,,2026-07-28T18:42:20,2026,HUMAN_OBSERVATION,iNaturalist,Observations,386726774,Maggie,COORDINATE_ROUNDED;CONTINENT_DERIVED_FROM_COORDINATES;TAXON_ID_NOT_FOUND
6479706111,50c9509d-22c7-4a22-a47d-8c48425ef4a7,https://www.inaturalist.org/observations/386887172,,Washington,48.072781,-121.764038,9.0,,,2026-07-29T19:23:16,2026,HUMAN_OBSERVATION,iNaturalist,Observations,386887172,guildhen1,COORDINATE_ROUNDED;CONTINENT_DERIVED_FROM_COORDINATES;TAXON_ID_NOT_FOUND
6479660744,50c9509d-22c7-4a22-a47d-8c48425ef4a7,https://www.inaturalist.org/observations/389567299,,Washington,46.923175,-121.671974,294.0,,,2026-08-02T14:05:25,2026,HUMAN_OBSERVATION,iNaturalist,Observations,389567299,Jenna Ayers,COORDINATE_ROUNDED;CONTINENT_DERIVED_FROM_COORDINATES;TAXON_ID_NOT_FOUND
6479624298,50c9509d-22c7-4a22-a47d-8c48425ef4a7,https://www.inaturalist.org/observations/388549664,,Washington,48.473226,-121.062058,3.0,,,2026-08-04T10:18:34,2026,HUMAN_OBSERVATION,iNaturalist,Observations,388549664,beekebirder23,COORDINATE_ROUNDED;CONTINENT_DERIVED_FROM_COORDINATES;TAXON_ID_NOT_FOUND
6479597372,50c9509d-22c7-4a22-a47d-8c48425ef4a7,https://www.inaturalist.org/observations/386178173,,Washington,46.165779,-121.868294,,,,2026-07-28T08:26:07,2026,HUMAN_OBSERVATION,iNaturalist,Observations,386178173,qonx,COORDINATE_ROUNDED;CONTINENT_DERIVED_FROM_COORDINATES;TAXON_ID_NOT_FOUND
6479596539,50c9509d-22c7-4a22-a47d-8c48425ef4a7,https://www.inaturalist.org/observations/387921144,,Washington,47.357728,-121.462479,13.0,,,2026-08-02T13:54:27,2026,HUMAN_OBSERVATION,iNaturalist,Observations,387921144,emmybug,COORDINATE_ROUNDED;CONTINENT_DERIVED_FROM_COORDINATES;TAXON_ID_NOT_FOUND
6479462574,50c9509d-22c7-4a22-a47d-8c48425ef4a7,https://www.inaturalist.org/observations/389673640,,Washington,48.473312,-121.062111,3.0,,,2026-08-04T11:25:13,2026,HUMAN_OBSERVATION,iNaturalist,Observations,389673640,brendars,COORDINATE_ROUNDED;CONTINENT_DERIVED_FROM_COORDINATES;TAXON_ID_NOT_FOUND
6479423374,50c9509d-22c7-4a22-a47d-8c48425ef4a7,https://www.inaturalist.org/observations/385797686,,Washington,48.020435,-121.627736,26743.0,,,2026-07-27T11:38:46,2026,HUMAN_OBSERVATION,iNaturalist,Observations,385797686,julystill,COORDINATE_ROUNDED;CONTINENT_DERIVED_FROM_COORDINATES;TAXON_ID_NOT_FOUND
6479379530,50c9509d-22c7-4a22-a47d-8c48425ef4a7,https://www.inaturalist.org/observations/388308045,,Washington,46.916076,-121.685534,,,,2026-07-29T11:05,2026,HUMAN_OBSERVATION,iNaturalist,Observations,388308045,William Proebsting,CONTINENT_DERIVED_FROM_COORDINATES;TAXON_ID_NOT_FOUND
6479332733,50c9509d-22c7-4a22-a47d-8c48425ef4a7,https://www.inaturalist.org/observations/389185296,,Washington,48.47529,-121.063668,4.0,,,2026-08-04T10:20:09,2026,HUMAN_OBSERVATION,iNaturalist,Observations,389185296,dbeeke,COORDINATE_ROUNDED;CONTINENT_DERIVED_FROM_COORDINATES;TAXON_ID_NOT_FOUND
6479295027,50c9509d-22c7-4a22-a47d-8c48425ef4a7,https://www.inaturalist.org/observations/387757000,,Washington,48.472347,-121.061989,4.0,,,2026-08-02T14:43:58,2026,HUMAN_OBSERVATION,iNaturalist,Observations,387757000,elliephant47,COORDINATE_ROUNDED;CONTINENT_DERIVED_FROM_COORDINATES;TAXON_ID_NOT_FOUND
6479144564,50c9509d-22c7-4a22-a47d-8c48425ef4a7,https://www.inaturalist.org/observations/386163841,,Washington,46.92724,-121.668353,1327.0,,,2026-07-26T12:24:29,2026,HUMAN_OBSERVATION,iNaturalist,Observations,386163841,Nick Perfetuo,COORDINATE_ROUNDED;CONTINENT_DERIVED_FROM_COORDINATES;TAXON_ID_NOT_FOUND
6479084553,50c9509d-22c7-4a22-a47d-8c48425ef4a7,https://www.inaturalist.org/observations/389569898,,Washington,48.065932,-121.781049,,,,2026-08-08T11:33,2026,HUMAN_OBSERVATION,iNaturalist,Observations,389569898,timjosephs96,COORDINATE_ROUNDED;CONTINENT_DERIVED_FROM_COORDINATES;TAXON_ID_NOT_FOUND
6470757713,50c9509d-22c7-4a22-a47d-8c48425ef4a7,https://www.inaturalist.org/observations/385152052,,Washington,48.01273,-121.49548,,,,2007-09-23T21:53,2007,HUMAN_OBSERVATION,iNaturalist,Observations,385152052,Zogador,CONTINENT_DERIVED_FROM_COORDINATES;TAXON_ID_NOT_FOUND
6470721032,50c9509d-22c7-4a22-a47d-8c48425ef4a7,https://www.inaturalist.org/observations/385391065,,Washington,46.153856,-122.157508,22.0,,,2026-07-26T10:01:49,2026,HUMAN_OBSERVATION,iNaturalist,Observations,385391065,abbee1,COORDINATE_ROUNDED;CONTINENT_DERIVED_FROM_COORDINATES;TAXON_ID_NOT_FOUND
6470655434,50c9509d-22c7-4a22-a47d-8c48425ef4a7,https://www.inaturalist.org/observations/385073841,,Washington,47.463087,-121.367178,231.0,,,2026-07-24T20:10:36,2026,HUMAN_OBSERVATION,iNaturalist,Observations,385073841,drewcollins412,COORDINATE_ROUNDED;CONTINENT_DERIVED_FROM_COORDINATES;TAXON_ID_NOT_FOUND
6470645492,50c9509d-22c7-4a22-a47d-8c48425ef4a7,https://www.inaturalist.org/observations/385176991,,Washington,46.757667,-121.735458,4.0,,,2026-07-24T20:35:38,2026,HUMAN_OBSERVATION,iNaturalist,Observations,385176991,p7doherty,COORDINATE_ROUNDED;CONTINENT_DERIVED_FROM_COORDINATES;TAXON_ID_NOT_FOUND
6470599451,50c9509d-22c7-4a22-a47d-8c48425ef4a7,https://www.inaturalist.org/observations/385258208,,Washington,48.821227,-120.596017,,,,2026-07-21T07:30,2026,HUMAN_OBSERVATION,iNaturalist,Observations,385258208,Christopher J. Earle,COORDINATE_ROUNDED;CONTINENT_DERIVED_FROM_COORDINATES;TAXON_ID_NOT_FOUND
6470576765,50c9509d-22c7-4a22-a47d-8c48425ef4a7,https://www.inaturalist.org/observations/384322471,,Washington,47.345108,-121.442572,539.0,,,2026-07-22T16:04:41,2026,HUMAN_OBSERVATION,iNaturalist,Observations,384322471,thebirdsarewatching,COORDINATE_ROUNDED;CONTINENT_DERIVED_FROM_COORDINATES;TAXON_ID_NOT_FOUND
6470548657,50c9509d-22c7-4a22-a47d-8c48425ef4a7,https://www.inaturalist.org/observations/385378939,,Washington,48.50855,-120.74981,723.0,,,2026-07-17T12:20,2026,HUMAN_OBSERVATION,iNaturalist,Observations,385378939,Dylan Osterhaus,COORDINATE_ROUNDED;CONTINENT_DERIVED_FROM_COORDINATES;TAXON_ID_NOT_FOUND
6470522437,50c9509d-22c7-4a22-a47d-8c48425ef4a7,https://www.inaturalist.org/observations/383519013,,Washington,46.775627,-121.807644,300.0,,,2026-07-18T10:26:46,2026,HUMAN_OBSERVATION,iNaturalist,Observations,383519013,Kaylee Eyerly,COORDINATE_ROUNDED;CONTINENT_DERIVED_FROM_COORDINATES;TAXON_ID_NOT_FOUND
6470521941,50c9509d-22c7-4a22-a47d-8c48425ef4a7,https://www.inaturalist.org/observations/384043238,,Washington,48.853889,-121.684717,258.0,,,2026-07-18T08:05:37,2026,HUMAN_OBSERVATION,iNaturalist,Observations,384043238,curette,COORDINATE_ROUNDED;CONTINENT_DERIVED_FROM_COORDINATES;TAXON_ID_NOT_FOUND
6470520656,50c9509d-22c7-4a22-a47d-8c48425ef4a7,https://www.inaturalist.org/observations/384603387,,Washington,47.36143,-121.461158,4.0,,,2026-07-23T13:55:18,2026,HUMAN_OBSERVATION,iNaturalist,Observations,384603387,Erik Ertsgaard,COORDINATE_ROUNDED;CONTINENT_DERIVED_FROM_COORDINATES;TAXON_ID_NOT_FOUND
6470520357,50c9509d-22c7-4a22-a47d-8c48425ef4a7,https://www.inaturalist.org/observations/383468266,,Washington,48.741862,-120.680833,4.0,,,2026-07-18T20:12,2026,HUMAN_OBSERVATION,iNaturalist,Observations,383468266,Stefan,COORDINATE_ROUNDED;CONTINENT_DERIVED_FROM_COORDINATES;TAXON_ID_NOT_FOUND
6470505967,50c9509d-22c7-4a22-a47d-8c48425ef4a7,https://www.inaturalist.org/observations/384803884,,Washington,48.846792,-121.717475,2.0,,,2026-07-24T18:45:53,2026,HUMAN_OBSERVATION,iNaturalist,Observations,384803884,Scout Beeler,COORDINATE_ROUNDED;CONTINENT_DERIVED_FROM_COORDINATES;TAXON_ID_NOT_FOUND
6470435316,50c9509d-22c7-4a22-a47d-8c48425ef4a7,https://www.inaturalist.org/observations/385518948,,Washington,47.37228,-121.45996,5.0,,,2026-07-25T17:51,2026,HUMAN_OBSERVATION,iNaturalist,Observations,385518948,John Soltys,CONTINENT_DERIVED_FROM_COORDINATES;TAXON_ID_NOT_FOUND
6470364497,50c9509d-22c7-4a22-a47d-8c48425ef4a7,https://www.inaturalist.org/observations/385492334,,Washington,47.351395,-121.449713,7.0,,,2026-07-26T07:22:18,2026,HUMAN_OBSERVATION,iNaturalist,Observations,385492334,Tony Ernst,COORDINATE_ROUNDED;CONTINENT_DERIVED_FROM_COORDINATES;TAXON_ID_NOT_FOUND
6470347839,50c9509d-22c7-4a22-a47d-8c48425ef4a7,https://www.inaturalist.org/observations/383521122,,Washington,47.450264,-121.46135,,,,2026-07-19T17:53:08,2026,HUMAN_OBSERVATION,iNaturalist,Observations,383521122,greymstreet,COORDINATE_ROUNDED;CONTINENT_DERIVED_FROM_COORDINATES;TAXON_ID_NOT_FOUND
6470291970,50c9509d-22c7-4a22-a47d-8c48425ef4a7,https://www.inaturalist.org/observations/312358281,,Washington,46.783638,-121.567956,60529.0,,,2025-08-26T17:59,2025,HUMAN_OBSERVATION,iNaturalist,Observations,312358281,Amy Workman,COORDINATE_ROUNDED;CONTINENT_DERIVED_FROM_COORDINATES;TAXON_ID_NOT_FOUND
6470276600,50c9509d-22c7-4a22-a47d-8c48425ef4a7,https://www.inaturalist.org/observations/385519727,,Washington,47.37295,-121.45927,1.0,,,2026-07-25T18:37,2026,HUMAN_OBSERVATION,iNaturalist,Observations,385519727,John Soltys,CONTINENT_DERIVED_FROM_COORDINATES;TAXON_ID_NOT_FOUND
6470267473,50c9509d-22c7-4a22-a47d-8c48425ef4a7,https://www.inaturalist.org/observations/385177024,,Washington,46.757672,-121.73545,4.0,,,2026-07-24T20:35:58,2026,HUMAN_OBSERVATION,iNaturalist,Observations,385177024,p7doherty,COORDINATE_ROUNDED;CONTINENT_DERIVED_FROM_COORDINATES;TAXON_ID_NOT_FOUND
6470263939,50c9509d-22c7-4a22-a47d-8c48425ef4a7,https://www.inaturalist.org/observations/385175276,,Washington,46.755282,-121.736245,4.0,,,2026-07-24T20:23:44,2026,HUMAN_OBSERVATION,iNaturalist,Observations,385175276,p7doherty,COORDINATE_ROUNDED;CONTINENT_DERIVED_FROM_COORDINATES;TAXON_ID_NOT_FOUND
6470186624,50c9509d-22c7-4a22-a47d-8c48425ef4a7,https://www.inaturalist.org/observations/385518154,,Washington,47.37288,-121.45967,5.0,,,2026-07-25T18:02,2026,HUMAN_OBSERVATION,iNaturalist,Observations,385518154,John Soltys,CONTINENT_DERIVED_FROM_COORDINATES;TAXON_ID_NOT_FOUND
6470183462,50c9509d-22c7-4a22-a47d-8c48425ef4a7,https://www.inaturalist.org/observations/385534036,,Washington,47.466553,-121.448145,,,,2026-07-26T13:43:27,2026,HUMAN_OBSERVATION,iNaturalist,Observations,385534036,issrasy,COORDINATE_ROUNDED;CONTINENT_DERIVED_FROM_COORDINATES;TAXON_ID_NOT_FOUND
6470174044,50c9509d-22c7-4a22-a47d-8c48425ef4a7,https://www.inaturalist.org/observations/384740941,,Washington,47.717683,-121.180072,,,,2026-07-24T14:43,2026,HUMAN_OBSERVATION,iNaturalist,Observations,384740941,Sam Bowen,COORDINATE_ROUNDED;CONTINENT_DERIVED_FROM_COORDINATES;TAXON_ID_NOT_FOUND
6470171362,50c9509d-22c7-4a22-a47d-8c48425ef4a7,https://www.inaturalist.org/observations/384537902,,Washington,46.799319,-121.725382,3.0,,,2026-07-23T09:28:52,2026,HUMAN_OBSERVATION,iNaturalist,Observations,384537902,Tony Palmer,COORDINATE_ROUNDED;CONTINENT_DERIVED_FROM_COORDINATES;TAXON_ID_NOT_FOUND
6470147395,50c9509d-22c7-4a22-a47d-8c48425ef4a7,https://www.inaturalist.org/observations/385520356,,Washington,47.37293,-121.45934,2.0,,,2026-07-25T17:48,2026,HUMAN_OBSERVATION,iNaturalist,Observations,385520356,John Soltys,CONTINENT_DERIVED_FROM_COORDINATES;TAXON_ID_NOT_FOUND
6470106549,50c9509d-22c7-4a22-a47d-8c48425ef4a7,https://www.inaturalist.org/observations/385570431,,Washington,47.45012,-121.469833,4.0,,,2026-07-10T17:50:27,2026,HUMAN_OBSERVATION,iNaturalist,Observations,385570431,jjfeiler,COORDINATE_ROUNDED;CONTINENT_DERIVED_FROM_COORDINATES;TAXON_ID_NOT_FOUND
6470070689,50c9509d-22c7-4a22-a47d-8c48425ef4a7,https://www.inaturalist.org/observations/385542203,,Washington,46.608905,-121.600538,4.0,,,2026-07-26T15:12:45,2026,HUMAN_OBSERVATION,iNaturalist,Observations,385542203,geeracer,COORDINATE_ROUNDED;CONTINENT_DERIVED_FROM_COORDINATES;TAXON_ID_NOT_FOUND
6470070653,50c9509d-22c7-4a22-a47d-8c48425ef4a7,https://www.inaturalist.org/observations/385177038,,Washington,46.758033,-121.735275,4.0,,,2026-07-24T20:37:58,2026,HUMAN_OBSERVATION,iNaturalist,Observations,385177038,p7doherty,COORDINATE_ROUNDED;CONTINENT_DERIVED_FROM_COORDINATES;TAXON_ID_NOT_FOUND
6470060005,50c9509d-22c7-4a22-a47d-8c48425ef4a7,https://www.inaturalist.org/observations/383518811,,Washington,46.775699,-121.807429,141.0,,,2026-07-18T10:21:14,2026,HUMAN_OBSERVATION,iNaturalist,Observations,383518811,Kaylee Eyerly,COORDINATE_ROUNDED;CONTINENT_DERIVED_FROM_COORDINATES;TAXON_ID_NOT_FOUND
6470039449,50c9509d-22c7-4a22-a47d-8c48425ef4a7,https://www.inaturalist.org/observations/385378937,,Washington,48.50855,-120.74981,723.0,,,2026-07-17T07:56,2026,HUMAN_OBSERVATION,iNaturalist,Observations,385378937,Dylan Osterhaus,COORDINATE_ROUNDED;CONTINENT_DERIVED_FROM_COORDINATES;TAXON_ID_NOT_FOUND
6469993135,50c9509d-22c7-4a22-a47d-8c48425ef4a7,https://www.inaturalist.org/observations/384771759,,Washington,46.914721,-121.527873,61.0,,,2026-07-24T12:47,2026,HUMAN_OBSERVATION,iNaturalist,Observations,384771759,lulupine,COORDINATE_ROUNDED;CONTINENT_DERIVED_FROM_COORDINATES;TAXON_ID_NOT_FOUND
6469977449,50c9509d-22c7-4a22-a47d-8c48425ef4a7,https://www.inaturalist.org/observations/385519029,,Washington,47.435988,-121.399413,3.0,,,2026-07-26T16:47:30,2026,HUMAN_OBSERVATION,iNaturalist,Observations,385519029,Mark Olson,COORDINATE_ROUNDED;CONTINENT_DERIVED_FROM_COORDINATES;TAXON_ID_NOT_FOUND
6469930348,50c9509d-22c7-4a22-a47d-8c48425ef4a7,https://www.inaturalist.org/observations/385521442,,Washington,47.37275,-121.45985,4.0,,,2026-07-25T18:34,2026,HUMAN_OBSERVATION,iNaturalist,Observations,385521442,John Soltys,CONTINENT_DERIVED_FROM_COORDINATES;TAXON_ID_NOT_FOUND
6469910998,50c9509d-22c7-4a22-a47d-8c48425ef4a7,https://www.inaturalist.org/observations/384803764,,Washington,48.846855,-121.717592,2.0,,,2026-07-24T18:43,2026,HUMAN_OBSERVATION,iNaturalist,Observations,384803764,Scout Beeler,COORDINATE_ROUNDED;CONTINENT_DERIVED_FROM_COORDINATES;TAXON_ID_NOT_FOUND
6469910903,50c9509d-22c7-4a22-a47d-8c48425ef4a7,https://www.inaturalist.org/observations/385516883,,Washington,47.37346,-121.45951,5.0,,,2026-07-25T18:04,2026,HUMAN_OBSERVATION,iNaturalist,Observations,385516883,John Soltys,CONTINENT_DERIVED_FROM_COORDINATES;TAXON_ID_NOT_FOUND
6469863151,50c9509d-22c7-4a22-a47d-8c48425ef4a7,https://www.inaturalist.org/observations/385533943,,Washington,47.466537,-121.44808,,,,2026-07-26T13:43:36,2026,HUMAN_OBSERVATION,iNaturalist,Observations,385533943,issrasy,COORDINATE_ROUNDED;CONTINENT_DERIVED_FROM_COORDINATES;TAXON_ID_NOT_FOUND
6469793495,50c9509d-22c7-4a22-a47d-8c48425ef4a7,https://www.inaturalist.org/observations/385156039,,Washington,47.451586,-121.432801,62.0,,,2026-07-25T19:21,2026,HUMAN_OBSERVATION,iNaturalist,Observations,385156039,ywcai,COORDINATE_ROUNDED;CONTINENT_DERIVED_FROM_COORDINATES;TAXON_ID_NOT_FOUND
6469767911,50c9509d-22c7-4a22-a47d-8c48425ef4a7,https://www.inaturalist.org/observations/385505470,,Washington,46.920028,-121.569679,322.0,,,2026-07-15T20:40,2026,HUMAN_OBSERVATION,iNaturalist,Observations,385505470,cait_j,COORDINATE_ROUNDED;CONTINENT_DERIVED_FROM_COORDINATES;TAXON_ID_NOT_FOUND
6469748548,50c9509d-22c7-4a22-a47d-8c48425ef4a7,https://www.inaturalist.org/observations/385534073,,Washington,47.466575,-121.448013,,,,2026-07-26T13:43:16,2026,HUMAN_OBSERVATION,iNaturalist,Observations,385534073,issrasy,COORDINATE_ROUNDED;CONTINENT_DERIVED_FROM_COORDINATES;TAXON_ID_NOT_FOUND
6469737668,50c9509d-22c7-4a22-a47d-8c48425ef4a7,https://www.inaturalist.org/observations/384803767,,Washington,48.84682,-121.717513,3.0,,,2026-07-24T18:45:38,2026,HUMAN_OBSERVATION,iNaturalist,Observations,384803767,Scout Beeler,COORDINATE_ROUNDED;CONTINENT_DERIVED_FROM_COORDINATES;TAXON_ID_NOT_FOUND
6469701339,50c9509d-22c7-4a22-a47d-8c48425ef4a7,https://www.inaturalist.org/observations/385520786,,Washington,47.37324,-121.45974,4.0,,,2026-07-25T18:23,2026,HUMAN_OBSERVATION,iNaturalist,Observations,385520786,John Soltys,CONTINENT_DERIVED_FROM_COORDINATES;TAXON_ID_NOT_FOUND
6469697819,50c9509d-22c7-4a22-a47d-8c48425ef4a7,https://www.inaturalist.org/observations/385505397,,Washington,46.920022,-121.569827,994.0,,,2026-07-15T20:26:01,2026,HUMAN_OBSERVATION,iNaturalist,Observations,385505397,cait_j,COORDINATE_ROUNDED;CONTINENT_DERIVED_FROM_COORDINATES;TAXON_ID_NOT_FOUND
6452618847,50c9509d-22c7-4a22-a47d-8c48425ef4a7,https://www.inaturalist.org/observations/381886155,,Washington,48.474806,-121.063146,7.0,,,2026-07-14T09:18:51,2026,HUMAN_OBSERVATION,iNaturalist,Observations,381886155,jackson200,COORDINATE_ROUNDED;CONTINENT_DERIVED_FROM_COORDINATES;TAXON_ID_NOT_FOUND
6452535879,50c9509d-22c7-4a22-a47d-8c48425ef4a7,https://www.inaturalist.org/observations/381402927,,Washington,47.445612,-120.927147,4.0,,,2026-07-12T20:42:16,2026,HUMAN_OBSERVATION,iNaturalist,Observations,381402927,theryanmckeever,COORDINATE_ROUNDED;CONTINENT_DERIVED_FROM_COORDINATES;TAXON_ID_NOT_FOUND
6452490981,50c9509d-22c7-4a22-a47d-8c48425ef4a7,https://www.inaturalist.org/observations/382076047,,Washington,48.510601,-120.732952,4699.0,,,2026-07-16T06:21:28,2026,HUMAN_OBSERVATION,iNaturalist,Observations,382076047,Guy Babineau,COORDINATE_ROUNDED;CONTINENT_DERIVED_FROM_COORDINATES;TAXON_ID_NOT_FOUND
6452427688,50c9509d-22c7-4a22-a47d-8c48425ef4a7,https://www.inaturalist.org/observations/381885974,,Washington,47.45579,-121.44034,4.0,,,2026-07-07T08:11,2026,HUMAN_OBSERVATION,iNaturalist,Observations,381885974,jackson200,COORDINATE_ROUNDED;CONTINENT_DERIVED_FROM_COORDINATES;TAXON_ID_NOT_FOUND
6452335697,50c9509d-22c7-4a22-a47d-8c48425ef4a7,https://www.inaturalist.org/observations/383109141,,Washington,47.358362,-121.393835,3657.0,,,2026-07-19T12:19:17,2026,HUMAN_OBSERVATION,iNaturalist,Observations,383109141,Seattle Naturalists,COORDINATE_ROUNDED;CONTINENT_DERIVED_FROM_COORDINATES;TAXON_ID_NOT_FOUND
6452321500,50c9509d-22c7-4a22-a47d-8c48425ef4a7,https://www.inaturalist.org/observations/382787439,,Washington,46.711751,-121.604847,26967.0,,,2026-07-18T14:58:50,2026,HUMAN_OBSERVATION,iNaturalist,Observations,382787439,Brody Lewis,COORDINATE_ROUNDED;CONTINENT_DERIVED_FROM_COORDINATES;TAXON_ID_NOT_FOUND
6452260060,50c9509d-22c7-4a22-a47d-8c48425ef4a7,https://www.inaturalist.org/observations/381492616,,Washington,48.701275,-120.674356,5.0,,,2026-07-05T18:59,2026,HUMAN_OBSERVATION,iNaturalist,Observations,381492616,jeremy pnw,COORDINATE_ROUNDED;CONTINENT_DERIVED_FROM_COORDINATES;TAXON_ID_NOT_FOUND
6452247081,50c9509d-22c7-4a22-a47d-8c48425ef4a7,https://www.inaturalist.org/observations/381886046,,Washington,47.461656,-121.44712,4.0,,,2026-07-07T08:53:29,2026,HUMAN_OBSERVATION,iNaturalist,Observations,381886046,jackson200,COORDINATE_ROUNDED;CONTINENT_DERIVED_FROM_COORDINATES;TAXON_ID_NOT_FOUND
6451989316,50c9509d-22c7-4a22-a47d-8c48425ef4a7,https://www.inaturalist.org/observations/381672512,,Washington,48.452526,-122.08888,3.0,,,2026-07-15,2026,HUMAN_OBSERVATION,iNaturalist,Observations,381672512,icarusgoat,COORDINATE_ROUNDED;CONTINENT_DERIVED_FROM_COORDINATES;TAXON_ID_NOT_FOUND
6451809848,50c9509d-22c7-4a22-a47d-8c48425ef4a7,https://www.inaturalist.org/observations/382246993,,Washington,48.059433,-121.813208,4.0,,,2026-07-05T16:39:07,2026,HUMAN_OBSERVATION,iNaturalist,Observations,382246993,benjmo,COORDINATE_ROUNDED;CONTINENT_DERIVED_FROM_COORDINATES;TAXON_ID_NOT_FOUND
6451562790,50c9509d-22c7-4a22-a47d-8c48425ef4a7,https://www.inaturalist.org/observations/381886099,,Washington,47.460951,-121.446025,4.0,,,2026-07-07T12:09:10,2026,HUMAN_OBSERVATION,iNaturalist,Observations,381886099,jackson200,COORDINATE_ROUNDED;CONTINENT_DERIVED_FROM_COORDINATES;TAXON_ID_NOT_FOUND
6442113383,50c9509d-22c7-4a22-a47d-8c48425ef4a7,https://www.inaturalist.org/observations/378945044,,Washington,45.734824,-122.25362,53.0,,,2026-07-06T10:20,2026,HUMAN_OBSERVATION,iNaturalist,Observations,378945044,Philip Kline,COORDINATE_ROUNDED;CONTINENT_DERIVED_FROM_COORDINATES;TAXON_ID_NOT_FOUND
6442030316,50c9509d-22c7-4a22-a47d-8c48425ef4a7,https://www.inaturalist.org/observations/378968068,,Washington,46.173972,-122.26217,2.0,,,2026-06-29T13:00,2026,HUMAN_OBSERVATION,iNaturalist,Observations,378968068,Sean Daniels,COORDINATE_ROUNDED;CONTINENT_DERIVED_FROM_COORDINATES;TAXON_ID_NOT_FOUND
6441874364,50c9509d-22c7-4a22-a47d-8c48425ef4a7,https://www.inaturalist.org/observations/379310304,,Washington,46.78431,-121.780372,10.0,,,2017-07-24T11:52:59,2017,HUMAN_OBSERVATION,iNaturalist,Observations,379310304,Alana Gonczar,COORDINATE_ROUNDED;CONTINENT_DERIVED_FROM_COORDINATES;TAXON_ID_NOT_FOUND
6441739618,50c9509d-22c7-4a22-a47d-8c48425ef4a7,https://www.inaturalist.org/observations/380549790,,Washington,47.372935,-121.468601,4015.0,,,2026-07-11T09:30:03,2026,HUMAN_OBSERVATION,iNaturalist,Observations,380549790,salingera,COORDINATE_ROUNDED;CONTINENT_DERIVED_FROM_COORDINATES;TAXON_ID_NOT_FOUND
6441631070,50c9509d-22c7-4a22-a47d-8c48425ef4a7,https://www.inaturalist.org/observations/380879749,,Washington,47.640934,-120.900489,297.0,,,2026-07-12T07:44,2026,HUMAN_OBSERVATION,iNaturalist,Observations,380879749,loghnature,COORDINATE_ROUNDED;CONTINENT_DERIVED_FROM_COORDINATES;TAXON_ID_NOT_FOUND
6441417734,50c9509d-22c7-4a22-a47d-8c48425ef4a7,https://www.inaturalist.org/observations/380930503,,Washington,47.451492,-121.454353,7.0,,,2026-07-12T14:41:21,2026,HUMAN_OBSERVATION,iNaturalist,Observations,380930503,Michael Paluch,COORDINATE_ROUNDED;CONTINENT_DERIVED_FROM_COORDINATES;TAXON_ID_NOT_FOUND
6441357155,50c9509d-22c7-4a22-a47d-8c48425ef4a7,https://www.inaturalist.org/observations/380866063,,Washington,47.36589,-121.42308,4.0,,,2026-07-11T08:09,2026,HUMAN_OBSERVATION,iNaturalist,Observations,380866063,John Soltys,CONTINENT_DERIVED_FROM_COORDINATES;TAXON_ID_NOT_FOUND
6441266681,50c9509d-22c7-4a22-a47d-8c48425ef4a7,https://www.inaturalist.org/observations/378931290,,Washington,48.165269,-121.496207,26743.0,,,2026-07-05T19:43,2026,HUMAN_OBSERVATION,iNaturalist,Observations,378931290,garrett,COORDINATE_ROUNDED;CONTINENT_DERIVED_FROM_COORDINATES;TAXON_ID_NOT_FOUND
6441160178,50c9509d-22c7-4a22-a47d-8c48425ef4a7,https://www.inaturalist.org/observations/380450528,,Washington,47.421967,-121.557817,4.0,,,2026-07-11T11:28:29,2026,HUMAN_OBSERVATION,iNaturalist,Observations,380450528,Tyler Goodspeed,COORDINATE_ROUNDED;CONTINENT_DERIVED_FROM_COORDINATES;TAXON_ID_NOT_FOUND
6431939961,50c9509d-22c7-4a22-a47d-8c48425ef4a7,https://www.inaturalist.org/observations/378187156,,Washington,47.462587,-121.367325,5.0,,,2026-07-03T18:06:32,2026,HUMAN_OBSERVATION,iNaturalist,Observations,378187156,okamee,COORDINATE_ROUNDED;CONTINENT_DERIVED_FROM_COORDINATES;TAXON_ID_NOT_FOUND
6431877982,50c9509d-22c7-4a22-a47d-8c48425ef4a7,https://www.inaturalist.org/observations/378142714,,Washington,47.416521,-121.47907,315.0,,,2026-07-03T11:50:22,2026,HUMAN_OBSERVATION,iNaturalist,Observations,378142714,Vaughn Michael Shirey,COORDINATE_ROUNDED;CONTINENT_DERIVED_FROM_COORDINATES;TAXON_ID_NOT_FOUND
6431648720,50c9509d-22c7-4a22-a47d-8c48425ef4a7,https://www.inaturalist.org/observations/378883131,,Washington,47.791317,-121.566697,4.0,,,2026-07-04T10:13:13,2026,HUMAN_OBSERVATION,iNaturalist,Observations,378883131,Saila W,COORDINATE_ROUNDED;CONTINENT_DERIVED_FROM_COORDINATES;TAXON_ID_NOT_FOUND
6431354023,50c9509d-22c7-4a22-a47d-8c48425ef4a7,https://www.inaturalist.org/observations/378111053,,Washington,47.357638,-121.455308,4.0,,,2026-07-03T11:52:47,2026,HUMAN_OBSERVATION,iNaturalist,Observations,378111053,Michael Paluch,COORDINATE_ROUNDED;CONTINENT_DERIVED_FROM_COORDINATES;TAXON_ID_NOT_FOUND
6431172483,50c9509d-22c7-4a22-a47d-8c48425ef4a7,https://www.inaturalist.org/observations/378113792,,Washington,47.791317,-121.566697,4.0,,,2026-07-04T10:13:13,2026,HUMAN_OBSERVATION,iNaturalist,Observations,378113792,Saila W,COORDINATE_ROUNDED;CONTINENT_DERIVED_FROM_COORDINATES;TAXON_ID_NOT_FOUND
6431171424,50c9509d-22c7-4a22-a47d-8c48425ef4a7,https://www.inaturalist.org/observations/378260758,,Washington,46.74763,-121.80866,47.0,,,2026-06-16T18:55:31,2026,HUMAN_OBSERVATION,iNaturalist,Observations,378260758,rangerrett,COORDINATE_ROUNDED;CONTINENT_DERIVED_FROM_COORDINATES;TAXON_ID_NOT_FOUND
6431118836,50c9509d-22c7-4a22-a47d-8c48425ef4a7,https://www.inaturalist.org/observations/378528823,,Washington,48.062666,-121.708255,337.0,,,2026-07-05T08:20:10,2026,HUMAN_OBSERVATION,iNaturalist,Observations,378528823,windyapril,COORDINATE_ROUNDED;CONTINENT_DERIVED_FROM_COORDINATES;TAXON_ID_NOT_FOUND
6431011726,50c9509d-22c7-4a22-a47d-8c48425ef4a7,https://www.inaturalist.org/observations/378253146,,Washington,48.845158,-121.710053,6.0,,,2026-07-04T11:55:43,2026,HUMAN_OBSERVATION,iNaturalist,Observations,378253146,banana515,COORDINATE_ROUNDED;CONTINENT_DERIVED_FROM_COORDINATES;TAXON_ID_NOT_FOUND
6430760062,50c9509d-22c7-4a22-a47d-8c48425ef4a7,https://www.inaturalist.org/observations/378259861,,Washington,47.428687,-121.453386,27.0,,,2026-07-04T19:11:53,2026,HUMAN_OBSERVATION,iNaturalist,Observations,378259861,hgoreish,COORDINATE_ROUNDED;CONTINENT_DERIVED_FROM_COORDINATES;TAXON_ID_NOT_FOUND
6423140965,50c9509d-22c7-4a22-a47d-8c48425ef4a7,https://www.inaturalist.org/observations/374457255,,Washington,45.95237,-121.997363,27095.0,,,2015-03-26T16:07,2015,HUMAN_OBSERVATION,iNaturalist,Observations,374457255,John Davis,COORDINATE_ROUNDED;CONTINENT_DERIVED_FROM_COORDINATES;TAXON_ID_NOT_FOUND
6423110774,50c9509d-22c7-4a22-a47d-8c48425ef4a7,https://www.inaturalist.org/observations/375059403,,Washington,45.735081,-122.253053,100.0,,,2026-06-23T11:29,2026,HUMAN_OBSERVATION,iNaturalist,Observations,375059403,Josie Lesage,COORDINATE_ROUNDED;CONTINENT_DERIVED_FROM_COORDINATES;TAXON_ID_NOT_FOUND
6422901736,50c9509d-22c7-4a22-a47d-8c48425ef4a7,https://www.inaturalist.org/observations/374510837,,Washington,47.42195,-121.55793,3.0,,,2026-06-22T13:12:34,2026,HUMAN_OBSERVATION,iNaturalist,Observations,374510837,Mark Olson,CONTINENT_DERIVED_FROM_COORDINATES;TAXON_ID_NOT_FOUND
6422659469,50c9509d-22c7-4a22-a47d-8c48425ef4a7,https://www.inaturalist.org/observations/376079963,,Washington,47.445245,-120.930488,4.0,,,2026-06-27T10:21:55,2026,HUMAN_OBSERVATION,iNaturalist,Observations,376079963,Michael Paluch,COORDINATE_ROUNDED;CONTINENT_DERIVED_FROM_COORDINATES;TAXON_ID_NOT_FOUND
6422636646,50c9509d-22c7-4a22-a47d-8c48425ef4a7,https://www.inaturalist.org/observations/376417001,,Washington,47.450705,-121.20665,4.0,,,2026-06-28T07:02:43,2026,HUMAN_OBSERVATION,iNaturalist,Observations,376417001,Maria,CONTINENT_DERIVED_FROM_COORDINATES;TAXON_ID_NOT_FOUND
6422505768,50c9509d-22c7-4a22-a47d-8c48425ef4a7,https://www.inaturalist.org/observations/375054785,,Washington,48.551055,-120.630529,122.0,,,2026-06-24T10:51,2026,HUMAN_OBSERVATION,iNaturalist,Observations,375054785,cristianj1ra,COORDINATE_ROUNDED;CONTINENT_DERIVED_FROM_COORDINATES;TAXON_ID_NOT_FOUND
6422196591,50c9509d-22c7-4a22-a47d-8c48425ef4a7,https://www.inaturalist.org/observations/374718069,,Washington,46.79265,-121.728884,8.0,,,2025-06-23T02:33,2025,HUMAN_OBSERVATION,iNaturalist,Observations,374718069,Dean Hester,COORDINATE_ROUNDED;CONTINENT_DERIVED_FROM_COORDINATES;TAXON_ID_NOT_FOUND
6422195323,50c9509d-22c7-4a22-a47d-8c48425ef4a7,https://www.inaturalist.org/observations/376454276,,Washington,48.06155,-121.804588,5.0,,,2026-06-28T14:41:50,2026,HUMAN_OBSERVATION,iNaturalist,Observations,376454276,Aaron Halverson,COORDINATE_ROUNDED;CONTINENT_DERIVED_FROM_COORDINATES;TAXON_ID_NOT_FOUND
6414111787,50c9509d-22c7-4a22-a47d-8c48425ef4a7,https://www.inaturalist.org/observations/374230257,,Washington,47.74685,-121.119269,4.0,,,2026-06-21T06:20:16,2026,HUMAN_OBSERVATION,iNaturalist,Observations,374230257,DMeade,COORDINATE_ROUNDED;CONTINENT_DERIVED_FROM_COORDINATES;TAXON_ID_NOT_FOUND
6413914487,50c9509d-22c7-4a22-a47d-8c48425ef4a7,https://www.inaturalist.org/observations/374424497,,Washington,46.792648,-121.72891,50.0,,,2026-06-20T08:58,2026,HUMAN_OBSERVATION,iNaturalist,Observations,374424497,Lee J,COORDINATE_ROUNDED;CONTINENT_DERIVED_FROM_COORDINATES;TAXON_ID_NOT_FOUND
6413780766,50c9509d-22c7-4a22-a47d-8c48425ef4a7,https://www.inaturalist.org/observations/362941704,,Washington,48.064735,-121.78109,,,,2026-05-18T13:31:09,2026,HUMAN_OBSERVATION,iNaturalist,Observations,362941704,halocline,COORDINATE_ROUNDED;CONTINENT_DERIVED_FROM_COORDINATES;TAXON_ID_NOT_FOUND
6413387708,50c9509d-22c7-4a22-a47d-8c48425ef4a7,https://www.inaturalist.org/observations/373258715,,Washington,46.589039,-121.502441,467.0,,,2023-08-23T09:57:42,2023,HUMAN_OBSERVATION,iNaturalist,Observations,373258715,Helen Pratt,COORDINATE_ROUNDED;CONTINENT_DERIVED_FROM_COORDINATES;TAXON_ID_NOT_FOUND
6413319833,50c9509d-22c7-4a22-a47d-8c48425ef4a7,https://www.inaturalist.org/observations/374199149,,Washington,47.459808,-121.369094,,,,2026-06-21T13:05:33,2026,HUMAN_OBSERVATION,iNaturalist,Observations,374199149,jgibbons51,COORDINATE_ROUNDED;CONTINENT_DERIVED_FROM_COORDINATES;TAXON_ID_NOT_FOUND
6413274985,50c9509d-22c7-4a22-a47d-8c48425ef4a7,https://www.inaturalist.org/observations/372520982,,Washington,47.436696,-120.936784,174.0,,,2026-06-16T00:03:31,2026,HUMAN_OBSERVATION,iNaturalist,Observations,372520982,Max Lecompte,COORDINATE_ROUNDED;CONTINENT_DERIVED_FROM_COORDINATES;TAXON_ID_NOT_FOUND
6400731940,50c9509d-22c7-4a22-a47d-8c48425ef4a7,https://www.inaturalist.org/observations/368554264,,Washington,47.46028,-121.447333,3.0,,,2026-06-03T19:23:48,2026,HUMAN_OBSERVATION,iNaturalist,Observations,368554264,Michael Paluch,COORDINATE_ROUNDED;CONTINENT_DERIVED_FROM_COORDINATES;TAXON_ID_NOT_FOUND
6400702500,50c9509d-22c7-4a22-a47d-8c48425ef4a7,https://www.inaturalist.org/observations/369916439,,Washington,47.531019,-120.894397,,,,2026-06-07T19:24:04,2026,HUMAN_OBSERVATION,iNaturalist,Observations,369916439,greymstreet,COORDINATE_ROUNDED;CONTINENT_DERIVED_FROM_COORDINATES;TAXON_ID_NOT_FOUND
6400605832,50c9509d-22c7-4a22-a47d-8c48425ef4a7,https://www.inaturalist.org/observations/368088449,,Washington,47.446645,-121.384338,37.0,,,2023-08-27T14:00:03,2023,HUMAN_OBSERVATION,iNaturalist,Observations,368088449,Jake Madewell,COORDINATE_ROUNDED;CONTINENT_DERIVED_FROM_COORDINATES;TAXON_ID_NOT_FOUND
6400385967,50c9509d-22c7-4a22-a47d-8c48425ef4a7,https://www.inaturalist.org/observations/368224976,,Washington,46.498968,-121.475307,4.0,,,2019-09-13T10:25,2019,HUMAN_OBSERVATION,iNaturalist,Observations,368224976,Dave Miller,COORDINATE_ROUNDED;CONTINENT_DERIVED_FROM_COORDINATES;TAXON_ID_NOT_FOUND
6399844837,50c9509d-22c7-4a22-a47d-8c48425ef4a7,https://www.inaturalist.org/observations/370142643,,Washington,48.061853,-121.766381,5.0,,,2026-05-17T10:33,2026,HUMAN_OBSERVATION,iNaturalist,Observations,370142643,anjafae,COORDINATE_ROUNDED;CONTINENT_DERIVED_FROM_COORDINATES;TAXON_ID_NOT_FOUND
6399598475,50c9509d-22c7-4a22-a47d-8c48425ef4a7,https://www.inaturalist.org/observations/369341430,,Washington,45.740534,-122.247953,4.0,,,2026-06-07T07:50:41,2026,HUMAN_OBSERVATION,iNaturalist,Observations,369341430,jackson200,COORDINATE_ROUNDED;CONTINENT_DERIVED_FROM_COORDINATES;TAXON_ID_NOT_FOUND
6399422510,50c9509d-22c7-4a22-a47d-8c48425ef4a7,https://www.inaturalist.org/observations/369139753,,Washington,48.066048,-121.781794,,,,2026-06-02T14:48,2026,HUMAN_OBSERVATION,iNaturalist,Observations,369139753,Jami Gramore,COORDINATE_ROUNDED;CONTINENT_DERIVED_FROM_COORDINATES;TAXON_ID_NOT_FOUND
6399158907,50c9509d-22c7-4a22-a47d-8c48425ef4a7,https://www.inaturalist.org/observations/368553826,,Washington,47.458512,-121.445695,2.0,,,2026-06-03T18:56:30,2026,HUMAN_OBSERVATION,iNaturalist,Observations,368553826,Michael Paluch,COORDINATE_ROUNDED;CONTINENT_DERIVED_FROM_COORDINATES;TAXON_ID_NOT_FOUND
6399112397,50c9509d-22c7-4a22-a47d-8c48425ef4a7,https://www.inaturalist.org/observations/368221635,,Washington,46.4999,-121.4737,,,,2019-09-13T11:00,2019,HUMAN_OBSERVATION,iNaturalist,Observations,368221635,Dave Miller,CONTINENT_DERIVED_FROM_COORDINATES;TAXON_ID_NOT_FOUND
6398723220,50c9509d-22c7-4a22-a47d-8c48425ef4a7,https://www.inaturalist.org/observations/369373802,,Washington,45.734725,-122.253782,4.0,,,2026-06-07T09:17:12,2026,HUMAN_OBSERVATION,iNaturalist,Observations,369373802,jackson200,COORDINATE_ROUNDED;CONTINENT_DERIVED_FROM_COORDINATES;TAXON_ID_NOT_FOUND
6398709730,50c9509d-22c7-4a22-a47d-8c48425ef4a7,https://www.inaturalist.org/observations/369957079,,Washington,46.684835,-121.823832,26967.0,,,2026-06-04T17:25,2026,HUMAN_OBSERVATION,iNaturalist,Observations,369957079,Zach Hawn,COORDINATE_ROUNDED;CONTINENT_DERIVED_FROM_COORDINATES;TAXON_ID_NOT_FOUND
6353105049,50c9509d-22c7-4a22-a47d-8c48425ef4a7,https://www.inaturalist.org/observations/367090066,,Washington,48.552636,-121.489831,116.0,,,2026-05-30T10:14,2026,HUMAN_OBSERVATION,iNaturalist,Observations,367090066,wweellll,COORDINATE_ROUNDED;CONTINENT_DERIVED_FROM_COORDINATES;TAXON_ID_NOT_FOUND
6352997476,50c9509d-22c7-4a22-a47d-8c48425ef4a7,https://www.inaturalist.org/observations/367083053,,Washington,45.650159,-122.012855,1328.0,,,2026-05-28,2026,HUMAN_OBSERVATION,iNaturalist,Observations,367083053,Xaviera Martinez,COORDINATE_ROUNDED;CONTINENT_DERIVED_FROM_COORDINATES;TAXON_ID_NOT_FOUND
6352784903,50c9509d-22c7-4a22-a47d-8c48425ef4a7,https://www.inaturalist.org/observations/366727757,,Washington,45.747688,-122.238938,1.0,,,2024-10-12T09:08:03,2024,HUMAN_OBSERVATION,iNaturalist,Observations,366727757,Hurricane Hill,COORDINATE_ROUNDED;CONTINENT_DERIVED_FROM_COORDINATES;TAXON_ID_NOT_FOUND
6352723687,50c9509d-22c7-4a22-a47d-8c48425ef4a7,https://www.inaturalist.org/observations/366074854,,Washington,47.418842,-121.570913,44.0,,,2026-05-25T09:36:13,2026,HUMAN_OBSERVATION,iNaturalist,Observations,366074854,Max Miley,COORDINATE_ROUNDED;CONTINENT_DERIVED_FROM_COORDINATES;TAXON_ID_NOT_FOUND
6352638927,50c9509d-22c7-4a22-a47d-8c48425ef4a7,https://www.inaturalist.org/observations/367305976,,Washington,48.072287,-121.425015,26743.0,,,2026-05-30T10:16:24,2026,HUMAN_OBSERVATION,iNaturalist,Observations,367305976,Truman,COORDINATE_ROUNDED;CONTINENT_DERIVED_FROM_COORDINATES;TAXON_ID_NOT_FOUND
6352535915,50c9509d-22c7-4a22-a47d-8c48425ef4a7,https://www.inaturalist.org/observations/365845618,,Washington,45.764624,-122.242094,,,,2026-05-18T14:22:42,2026,HUMAN_OBSERVATION,iNaturalist,Observations,365845618,Adam Pierce,COORDINATE_ROUNDED;CONTINENT_DERIVED_FROM_COORDINATES;TAXON_ID_NOT_FOUND
6352463867,50c9509d-22c7-4a22-a47d-8c48425ef4a7,https://www.inaturalist.org/observations/367237018,,Washington,48.478647,-121.068225,,,,2026-05-30T17:53:17,2026,HUMAN_OBSERVATION,iNaturalist,Observations,367237018,madzhen,COORDINATE_ROUNDED;CONTINENT_DERIVED_FROM_COORDINATES;TAXON_ID_NOT_FOUND
6352249783,50c9509d-22c7-4a22-a47d-8c48425ef4a7,https://www.inaturalist.org/observations/366730706,,Washington,46.845206,-121.473319,5.0,,,2025-08-29T08:56,2025,HUMAN_OBSERVATION,iNaturalist,Observations,366730706,Peter Zika,COORDINATE_ROUNDED;CONTINENT_DERIVED_FROM_COORDINATES;TAXON_ID_NOT_FOUND
6334221968,50c9509d-22c7-4a22-a47d-8c48425ef4a7,https://www.inaturalist.org/observations/363860958,,Washington,47.492284,-120.743071,8.0,,,2026-05-19T15:45:16,2026,HUMAN_OBSERVATION,iNaturalist,Observations,363860958,manseekingorganisms,COORDINATE_ROUNDED;CONTINENT_DERIVED_FROM_COORDINATES;TAXON_ID_NOT_FOUND
6334090461,50c9509d-22c7-4a22-a47d-8c48425ef4a7,https://www.inaturalist.org/observations/363440769,,Washington,45.906608,-121.791855,10.0,,,2026-05-19T19:56:30,2026,HUMAN_OBSERVATION,iNaturalist,Observations,363440769,mike_cove,COORDINATE_ROUNDED;CONTINENT_DERIVED_FROM_COORDINATES;TAXON_ID_NOT_FOUND
6320651351,50c9509d-22c7-4a22-a47d-8c48425ef4a7,https://www.inaturalist.org/observations/360770023,,Washington,46.758545,-121.735848,15.0,,,2025-08-21T09:33,2025,HUMAN_OBSERVATION,iNaturalist,Observations,360770023,Peter Zika,COORDINATE_ROUNDED;CONTINENT_DERIVED_FROM_COORDINATES;TAXON_ID_NOT_FOUND
6320644443,50c9509d-22c7-4a22-a47d-8c48425ef4a7,https://www.inaturalist.org/observations/362590779,,Washington,45.624614,-122.39856,27126.0,,,2026-05-17T13:06:48,2026,HUMAN_OBSERVATION,iNaturalist,Observations,362590779,mattsson,COORDINATE_ROUNDED;CONTINENT_DERIVED_FROM_COORDINATES;TAXON_ID_NOT_FOUND
6320594338,50c9509d-22c7-4a22-a47d-8c48425ef4a7,https://www.inaturalist.org/observations/360782027,,Washington,46.740253,-121.80514,26967.0,,,2026-05-08T14:10,2026,HUMAN_OBSERVATION,iNaturalist,Observations,360782027,Zach Hawn,COORDINATE_ROUNDED;CONTINENT_DERIVED_FROM_COORDINATES;TAXON_ID_NOT_FOUND
6320211008,50c9509d-22c7-4a22-a47d-8c48425ef4a7,https://www.inaturalist.org/observations/361004457,,Washington,45.83573,-122.002769,4.0,,,2026-05-12T12:16:53,2026,HUMAN_OBSERVATION,iNaturalist,Observations,361004457,Emily Scherer,COORDINATE_ROUNDED;CONTINENT_DERIVED_FROM_COORDINATES;TAXON_ID_NOT_FOUND
6273948657,50c9509d-22c7-4a22-a47d-8c48425ef4a7,https://www.inaturalist.org/observations/358834873,,Washington,46.732511,-121.902464,26967.0,,,2026-05-02T08:44,2026,HUMAN_OBSERVATION,iNaturalist,Observations,358834873,Zach Hawn,COORDINATE_ROUNDED;CONTINENT_DERIVED_FROM_COORDINATES;TAXON_ID_NOT_FOUND
6273298889,50c9509d-22c7-4a22-a47d-8c48425ef4a7,https://www.inaturalist.org/observations/358834881,,Washington,46.688673,-121.876574,26967.0,,,2026-05-02T10:03,2026,HUMAN_OBSERVATION,iNaturalist,Observations,358834881,Zach Hawn,COORDINATE_ROUNDED;CONTINENT_DERIVED_FROM_COORDINATES;TAXON_ID_NOT_FOUND
6253293961,50c9509d-22c7-4a22-a47d-8c48425ef4a7,https://www.inaturalist.org/observations/356125866,,Washington,46.172297,-122.192725,32.0,,,2026-04-26T08:31,2026,HUMAN_OBSERVATION,iNaturalist,Observations,356125866,Jeff Adams,COORDINATE_ROUNDED;CONTINENT_DERIVED_FROM_COORDINATES;TAXON_ID_NOT_FOUND
6253231120,50c9509d-22c7-4a22-a47d-8c48425ef4a7,https://www.inaturalist.org/observations/355887021,,Washington,46.751986,-121.886261,,,,2026-04-27T09:19:40,2026,HUMAN_OBSERVATION,iNaturalist,Observations,355887021,Sam Hain,COORDINATE_ROUNDED;CONTINENT_DERIVED_FROM_COORDINATES;TAXON_ID_NOT_FOUND
6252414394,50c9509d-22c7-4a22-a47d-8c48425ef4a7,https://www.inaturalist.org/observations/184611432,,Washington,45.980022,-121.80075,4.0,,,2023-09-17T13:59:09,2023,HUMAN_OBSERVATION,iNaturalist,Observations,184611432,Zane Walker,COORDINATE_ROUNDED;CONTINENT_DERIVED_FROM_COORDINATES;TAXON_ID_NOT_FOUND
6252244466,50c9509d-22c7-4a22-a47d-8c48425ef4a7,https://www.inaturalist.org/observations/356392423,,Washington,46.780103,-121.885436,10.0,,,2026-04-27T12:29,2026,HUMAN_OBSERVATION,iNaturalist,Observations,356392423,Sam Hain,COORDINATE_ROUNDED;CONTINENT_DERIVED_FROM_COORDINATES;TAXON_ID_NOT_FOUND
6252063074,50c9509d-22c7-4a22-a47d-8c48425ef4a7,https://www.inaturalist.org/observations/357955874,,Washington,46.673856,-121.990433,26967.0,,,2026-04-27T12:32,2026,HUMAN_OBSERVATION,iNaturalist,Observations,357955874,Zach Hawn,COORDINATE_ROUNDED;CONTINENT_DERIVED_FROM_COORDINATES;TAXON_ID_NOT_FOUND
6251943884,50c9509d-22c7-4a22-a47d-8c48425ef4a7,https://www.inaturalist.org/observations/356968012,,Washington,46.780114,-121.8854,,,,2026-04-27T12:29,2026,HUMAN_OBSERVATION,iNaturalist,Observations,356968012,rim1,COORDINATE_ROUNDED;CONTINENT_DERIVED_FROM_COORDINATES;TAXON_ID_NOT_FOUND
6251942703,50c9509d-22c7-4a22-a47d-8c48425ef4a7,https://www.inaturalist.org/observations/358061809,,Washington,47.452152,-121.414538,13.0,,,2026-05-03T11:05:32,2026,HUMAN_OBSERVATION,iNaturalist,Observations,358061809,John Soltys,COORDINATE_ROUNDED;CONTINENT_DERIVED_FROM_COORDINATES;TAXON_ID_NOT_FOUND
6251854436,50c9509d-22c7-4a22-a47d-8c48425ef4a7,https://www.inaturalist.org/observations/357955816,,Washington,46.600368,-121.962034,26967.0,,,2026-04-27T08:20,2026,HUMAN_OBSERVATION,iNaturalist,Observations,357955816,Zach Hawn,COORDINATE_ROUNDED;CONTINENT_DERIVED_FROM_COORDINATES;TAXON_ID_NOT_FOUND
6251769099,50c9509d-22c7-4a22-a47d-8c48425ef4a7,https://www.inaturalist.org/observations/355882010,,Washington,46.752465,-121.886115,20.0,,,2026-04-27T09:26,2026,HUMAN_OBSERVATION,iNaturalist,Observations,355882010,Sam Hain,COORDINATE_ROUNDED;CONTINENT_DERIVED_FROM_COORDINATES;TAXON_ID_NOT_FOUND
6251592627,50c9509d-22c7-4a22-a47d-8c48425ef4a7,https://www.inaturalist.org/observations/357955853,,Washington,46.742705,-121.972199,26967.0,,,2026-04-27T11:31,2026,HUMAN_OBSERVATION,iNaturalist,Observations,357955853,Zach Hawn,COORDINATE_ROUNDED;CONTINENT_DERIVED_FROM_COORDINATES;TAXON_ID_NOT_FOUND
6251575361,50c9509d-22c7-4a22-a47d-8c48425ef4a7,https://www.inaturalist.org/observations/357967443,,Washington,46.757021,-121.904858,26967.0,,,2026-05-02T11:31:14,2026,HUMAN_OBSERVATION,iNaturalist,Observations,357967443,Zach Hawn,COORDINATE_ROUNDED;CONTINENT_DERIVED_FROM_COORDINATES;TAXON_ID_NOT_FOUND
6236272433,50c9509d-22c7-4a22-a47d-8c48425ef4a7,https://www.inaturalist.org/observations/354815471,,Washington,45.731601,-122.25428,8.0,,,2026-04-26T07:41,2026,HUMAN_OBSERVATION,iNaturalist,Observations,354815471,Daniel Solorzano-Jones,COORDINATE_ROUNDED;CONTINENT_DERIVED_FROM_COORDINATES;TAXON_ID_NOT_FOUND
6236217407,50c9509d-22c7-4a22-a47d-8c48425ef4a7,https://www.inaturalist.org/observations/351309196,,Washington,47.751074,-120.740139,314808.0,,,2024-08-08T07:44,2024,HUMAN_OBSERVATION,iNaturalist,Observations,351309196,lillywyers,COORDINATE_ROUNDED;CONTINENT_DERIVED_FROM_COORDINATES;TAXON_ID_NOT_FOUND
6195231427,50c9509d-22c7-4a22-a47d-8c48425ef4a7,https://www.inaturalist.org/observations/349107999,,Washington,46.916838,-121.669655,4.0,,,2025-09-05T12:33,2025,HUMAN_OBSERVATION,iNaturalist,Observations,349107999,Guy Pinneo,COORDINATE_ROUNDED;CONTINENT_DERIVED_FROM_COORDINATES;TAXON_ID_NOT_FOUND
6188530255,50c9509d-22c7-4a22-a47d-8c48425ef4a7,https://www.inaturalist.org/observations/346736091,,Washington,48.89685,-121.896255,9.0,,,2026-03-31T13:44:10,2026,HUMAN_OBSERVATION,iNaturalist,Observations,346736091,Chandira,CONTINENT_DERIVED_FROM_COORDINATES;TAXON_ID_NOT_FOUND
6188392135,50c9509d-22c7-4a22-a47d-8c48425ef4a7,https://www.inaturalist.org/observations/346837449,,Washington,46.919188,-121.664812,4.0,,,2024-09-28T16:58:58,2024,HUMAN_OBSERVATION,iNaturalist,Observations,346837449,Guy Pinneo,COORDINATE_ROUNDED;CONTINENT_DERIVED_FROM_COORDINATES;TAXON_ID_NOT_FOUND
6188320797,50c9509d-22c7-4a22-a47d-8c48425ef4a7,https://www.inaturalist.org/observations/346871051,,Washington,47.462422,-121.347397,8.0,,,2025-09-01T14:40:33,2025,HUMAN_OBSERVATION,iNaturalist,Observations,346871051,iwantmuffinplz,COORDINATE_ROUNDED;CONTINENT_DERIVED_FROM_COORDINATES;TAXON_ID_NOT_FOUND
6188117428,50c9509d-22c7-4a22-a47d-8c48425ef4a7,https://www.inaturalist.org/observations/347915220,,Washington,46.919403,-121.661169,122.0,,,2022-08-12T18:01,2022,HUMAN_OBSERVATION,iNaturalist,Observations,347915220,Lukas Evans,COORDINATE_ROUNDED;CONTINENT_DERIVED_FROM_COORDINATES;TAXON_ID_NOT_FOUND
6187149319,a909e61b-b5f6-4592-a699-428619b3dd55,https://arctos.database.museum/guid/NMU:Mamm:4534,Gold Creek bridges; T22N R11E Sec. 15 (SE 1/4),Washington,47.390334,-121.386477,569.0,,,2009-07-23,2009,PRESERVED_SPECIMEN,NMU,Mammalogy,NMU:Mamm:4534,Preparator(s): Kurt Egan Galbreath,CONTINENT_DERIVED_FROM_COORDINATES;INSTITUTION_MATCH_FUZZY;INSTITUTION_COLLECTION_MISMATCH
6187099093,4e50e3a6-8d31-44bc-ad3d-de6311ad0943,https://arctos.database.museum/guid/NMMNH:Mamm:1047,"""4 mi. S, 10 mi. Wazama (assume """"W Mazama"""")""",Washington,48.533991,-120.622542,11300.0,,,1988-08-29,1988,PRESERVED_SPECIMEN,NMMNHS,Mammalogy,NMMNH:Mamm:1047,Collector(s): Robert Miles Sullivan,CONTINENT_DERIVED_FROM_COORDINATES;INSTITUTION_MATCH_FUZZY;INSTITUTION_COLLECTION_MISMATCH
6187099089,4e50e3a6-8d31-44bc-ad3d-de6311ad0943,https://arctos.database.museum/guid/NMMNH:Mamm:1046,"""4 mi. S, 10 mi. Wazama (assume """"W Mazama"""")""",Washington,48.533991,-120.622542,11300.0,,,1988-08-29,1988,PRESERVED_SPECIMEN,NMMNHS,Mammalogy,NMMNH:Mamm:1046,Collector(s): Robert Miles Sullivan,CONTINENT_DERIVED_FROM_COORDINATES;INSTITUTION_MATCH_FUZZY;INSTITUTION_COLLECTION_MISMATCH
6187099086,4e50e3a6-8d31-44bc-ad3d-de6311ad0943,https://arctos.database.museum/guid/NMMNH:Mamm:1045,"""4 mi. S, 10 mi. Wazama (assume """"W Mazama"""")""",Washington,48.533991,-120.622542,11300.0,,,1988-08-29,1988,PRESERVED_SPECIMEN,NMMNHS,Mammalogy,NMMNH:Mamm:1045,Collector(s): Robert Miles Sullivan,CONTINENT_DERIVED_FROM_COORDINATES;INSTITUTION_MATCH_FUZZY;INSTITUTION_COLLECTION_MISMATCH
6187099083,4e50e3a6-8d31-44bc-ad3d-de6311ad0943,https://arctos.database.museum/guid/NMMNH:Mamm:1044,"""4 mi. S, 10 mi. Wazama (assume """"W Mazama"""")""",Washington,48.533991,-120.622542,11300.0,,,1988-08-29,1988,PRESERVED_SPECIMEN,NMMNHS,Mammalogy,NMMNH:Mamm:1044,Collector(s): Robert Miles Sullivan,CONTINENT_DERIVED_FROM_COORDINATES;INSTITUTION_MATCH_FUZZY;INSTITUTION_COLLECTION_MISMATCH
6187099073,4e50e3a6-8d31-44bc-ad3d-de6311ad0943,https://arctos.database.museum/guid/NMMNH:Mamm:1048,"""4 mi. S, 10 mi. Wazama (assume """"W Mazama"""")""",Washington,48.533991,-120.622542,11300.0,,,1988-08-29,1988,PRESERVED_SPECIMEN,NMMNHS,Mammalogy,NMMNH:Mamm:1048,Collector(s): Robert Miles Sullivan,CONTINENT_DERIVED_FROM_COORDINATES;INSTITUTION_MATCH_FUZZY;INSTITUTION_COLLECTION_MISMATCH
6187099067,4e50e3a6-8d31-44bc-ad3d-de6311ad0943,https://arctos.database.museum/guid/NMMNH:Mamm:1043,"""4 mi. S, 10 mi. Wazama (assume """"W Mazama"""")""",Washington,48.533991,-120.622542,11300.0,,,1988-08-29,1988,PRESERVED_SPECIMEN,NMMNHS,Mammalogy,NMMNH:Mamm:1043,Collector(s): Robert Miles Sullivan,CONTINENT_DERIVED_FROM_COORDINATES;INSTITUTION_MATCH_FUZZY;INSTITUTION_COLLECTION_MISMATCH
6187099065,4e50e3a6-8d31-44bc-ad3d-de6311ad0943,https://arctos.database.museum/guid/NMMNH:Mamm:1042,"""4 mi. S, 10 mi. Wazama (assume """"W Mazama"""")""",Washington,48.533991,-120.622542,11300.0,,,1988-08-29,1988,PRESERVED_SPECIMEN,NMMNHS,Mammalogy,NMMNH:Mamm:1042,Collector(s): Robert Miles Sullivan,CONTINENT_DERIVED_FROM_COORDINATES;INSTITUTION_MATCH_FUZZY;INSTITUTION_COLLECTION_MISMATCH
6187099063,4e50e3a6-8d31-44bc-ad3d-de6311ad0943,https://arctos.database.museum/guid/NMMNH:Mamm:1041,"""4 mi. S, 10 mi. Wazama (assume """"W Mazama"""")""",Washington,48.533991,-120.622542,11300.0,,,1988-08-29,1988,PRESERVED_SPECIMEN,NMMNHS,Mammalogy,NMMNH:Mamm:1041,Collector(s): Robert Miles Sullivan,CONTINENT_DERIVED_FROM_COORDINATES;INSTITUTION_MATCH_FUZZY;INSTITUTION_COLLECTION_MISMATCH
6187099061,4e50e3a6-8d31-44bc-ad3d-de6311ad0943,https://arctos.database.museum/guid/NMMNH:Mamm:1040,"""4 mi. S, 10 mi. Wazama (assume """"W Mazama"""")""",Washington,48.533991,-120.622542,11300.0,,,1988-08-29,1988,PRESERVED_SPECIMEN,NMMNHS,Mammalogy,NMMNH:Mamm:1040,Collector(s): Robert Miles Sullivan,CONTINENT_DERIVED_FROM_COORDINATES;INSTITUTION_MATCH_FUZZY;INSTITUTION_COLLECTION_MISMATCH
6187099020,4e50e3a6-8d31-44bc-ad3d-de6311ad0943,https://arctos.database.museum/guid/NMMNH:Mamm:1025,"2 mi. S, 11 mi. E Glacier",Washington,48.860927,-121.703735,12500.0,,,1988-08-28,1988,PRESERVED_SPECIMEN,NMMNHS,Mammalogy,NMMNH:Mamm:1025,Collector(s): Robert Miles Sullivan,CONTINENT_DERIVED_FROM_COORDINATES;INSTITUTION_MATCH_FUZZY;INSTITUTION_COLLECTION_MISMATCH
6187099017,4e50e3a6-8d31-44bc-ad3d-de6311ad0943,https://arctos.database.museum/guid/NMMNH:Mamm:1024,"2 mi. S, 11 mi. E Glacier",Washington,48.860927,-121.703735,12500.0,,,1988-08-28,1988,PRESERVED_SPECIMEN,NMMNHS,Mammalogy,NMMNH:Mamm:1024,Collector(s): Robert Miles Sullivan,CONTINENT_DERIVED_FROM_COORDINATES;INSTITUTION_MATCH_FUZZY;INSTITUTION_COLLECTION_MISMATCH
6187099014,4e50e3a6-8d31-44bc-ad3d-de6311ad0943,https://arctos.database.museum/guid/NMMNH:Mamm:1023,"2 mi. S, 11 mi. E Glacier",Washington,48.860927,-121.703735,12500.0,,,1988-08-28,1988,PRESERVED_SPECIMEN,NMMNHS,Mammalogy,NMMNH:Mamm:1023,Collector(s): Robert Miles Sullivan,CONTINENT_DERIVED_FROM_COORDINATES;INSTITUTION_MATCH_FUZZY;INSTITUTION_COLLECTION_MISMATCH
6187099010,4e50e3a6-8d31-44bc-ad3d-de6311ad0943,https://arctos.database.museum/guid/NMMNH:Mamm:1022,"2 mi. S, 11 mi. E Glacier",Washington,48.860927,-121.703735,12500.0,,,1988-08-28,1988,PRESERVED_SPECIMEN,NMMNHS,Mammalogy,NMMNH:Mamm:1022,Collector(s): Robert Miles Sullivan,CONTINENT_DERIVED_FROM_COORDINATES;INSTITUTION_MATCH_FUZZY;INSTITUTION_COLLECTION_MISMATCH
6187099009,4e50e3a6-8d31-44bc-ad3d-de6311ad0943,https://arctos.database.museum/guid/NMMNH:Mamm:1029,"""4 mi. S, 10 mi. Wazama (assume """"W Mazama"""")""",Washington,48.533991,-120.622542,11300.0,,,1988-08-29,1988,PRESERVED_SPECIMEN,NMMNHS,Mammalogy,NMMNH:Mamm:1029,Collector(s): David J. Hafner,CONTINENT_DERIVED_FROM_COORDINATES;INSTITUTION_MATCH_FUZZY;INSTITUTION_COLLECTION_MISMATCH
6187099008,4e50e3a6-8d31-44bc-ad3d-de6311ad0943,https://arctos.database.museum/guid/NMMNH:Mamm:1028,"""4 mi. S, 10 mi. Wazama (assume """"W Mazama"""")""",Washington,48.533991,-120.622542,11300.0,,,1988-08-29,1988,PRESERVED_SPECIMEN,NMMNHS,Mammalogy,NMMNH:Mamm:1028,Collector(s): David J. Hafner,CONTINENT_DERIVED_FROM_COORDINATES;INSTITUTION_MATCH_FUZZY;INSTITUTION_COLLECTION_MISMATCH
6187099005,4e50e3a6-8d31-44bc-ad3d-de6311ad0943,https://arctos.database.museum/guid/NMMNH:Mamm:1027,"""4 mi. S, 10 mi. Wazama (assume """"W Mazama"""")""",Washington,48.533991,-120.622542,11300.0,,,1988-08-29,1988,PRESERVED_SPECIMEN,NMMNHS,Mammalogy,NMMNH:Mamm:1027,Collector(s): David J. Hafner,CONTINENT_DERIVED_FROM_COORDINATES;INSTITUTION_MATCH_FUZZY;INSTITUTION_COLLECTION_MISMATCH
6187099003,4e50e3a6-8d31-44bc-ad3d-de6311ad0943,https://arctos.database.museum/guid/NMMNH:Mamm:1026,"2 mi. S, 11 mi. E Glacier",Washington,48.860927,-121.703735,12500.0,,,1988-08-28,1988,PRESERVED_SPECIMEN,NMMNHS,Mammalogy,NMMNH:Mamm:1026,Collector(s): Robert Miles Sullivan,CONTINENT_DERIVED_FROM_COORDINATES;INSTITUTION_MATCH_FUZZY;INSTITUTION_COLLECTION_MISMATCH
6187098998,4e50e3a6-8d31-44bc-ad3d-de6311ad0943,https://arctos.database.museum/guid/NMMNH:Mamm:1021,"2 mi. S, 11 mi. E Glacier",Washington,48.860927,-121.703735,12500.0,,,1988-08-28,1988,PRESERVED_SPECIMEN,NMMNHS,Mammalogy,NMMNH:Mamm:1021,Collector(s): Robert Miles Sullivan,CONTINENT_DERIVED_FROM_COORDINATES;INSTITUTION_MATCH_FUZZY;INSTITUTION_COLLECTION_MISMATCH
6187098995,4e50e3a6-8d31-44bc-ad3d-de6311ad0943,https://arctos.database.museum/guid/NMMNH:Mamm:1020,"2 mi. S, 11 mi. E Glacier",Washington,48.860927,-121.703735,12500.0,,,1988-08-28,1988,PRESERVED_SPECIMEN,NMMNHS,Mammalogy,NMMNH:Mamm:1020,Collector(s): David J. Hafner,CONTINENT_DERIVED_FROM_COORDINATES;INSTITUTION_MATCH_FUZZY;INSTITUTION_COLLECTION_MISMATCH
6187098988,4e50e3a6-8d31-44bc-ad3d-de6311ad0943,https://arctos.database.museum/guid/NMMNH:Mamm:1036,"""4 mi. S, 10 mi. Wazama (assume """"W Mazama"""")""",Washington,48.533991,-120.622542,11300.0,,,1988-08-29,1988,PRESERVED_SPECIMEN,NMMNHS,Mammalogy,NMMNH:Mamm:1036,Collector(s): David J. Hafner,CONTINENT_DERIVED_FROM_COORDINATES;INSTITUTION_MATCH_FUZZY;INSTITUTION_COLLECTION_MISMATCH
6187098985,4e50e3a6-8d31-44bc-ad3d-de6311ad0943,https://arctos.database.museum/guid/NMMNH:Mamm:1035,"""4 mi. S, 10 mi. Wazama (assume """"W Mazama"""")""",Washington,48.533991,-120.622542,11300.0,,,1988-08-29,1988,PRESERVED_SPECIMEN,NMMNHS,Mammalogy,NMMNH:Mamm:1035,Collector(s): David J. Hafner,CONTINENT_DERIVED_FROM_COORDINATES;INSTITUTION_MATCH_FUZZY;INSTITUTION_COLLECTION_MISMATCH
6187098981,4e50e3a6-8d31-44bc-ad3d-de6311ad0943,https://arctos.database.museum/guid/NMMNH:Mamm:1034,"""4 mi. S, 10 mi. Wazama (assume """"W Mazama"""")""",Washington,48.533991,-120.622542,11300.0,,,1988-08-29,1988,PRESERVED_SPECIMEN,NMMNHS,Mammalogy,NMMNH:Mamm:1034,Collector(s): David J. Hafner,CONTINENT_DERIVED_FROM_COORDINATES;INSTITUTION_MATCH_FUZZY;INSTITUTION_COLLECTION_MISMATCH
6187098978,4e50e3a6-8d31-44bc-ad3d-de6311ad0943,https://arctos.database.museum/guid/NMMNH:Mamm:1033,"""4 mi. S, 10 mi. Wazama (assume """"W Mazama"""")""",Washington,48.533991,-120.622542,11300.0,,,1988-08-29,1988,PRESERVED_SPECIMEN,NMMNHS,Mammalogy,NMMNH:Mamm:1033,Collector(s): David J. Hafner,CONTINENT_DERIVED_FROM_COORDINATES;INSTITUTION_MATCH_FUZZY;INSTITUTION_COLLECTION_MISMATCH
6187098975,4e50e3a6-8d31-44bc-ad3d-de6311ad0943,https://arctos.database.museum/guid/NMMNH:Mamm:1039,"""4 mi. S, 10 mi. Wazama (assume """"W Mazama"""")""",Washington,48.533991,-120.622542,11300.0,,,1988-08-29,1988,PRESERVED_SPECIMEN,NMMNHS,Mammalogy,NMMNH:Mamm:1039,Collector(s): Robert Miles Sullivan,CONTINENT_DERIVED_FROM_COORDINATES;INSTITUTION_MATCH_FUZZY;INSTITUTION_COLLECTION_MISMATCH
6187098973,4e50e3a6-8d31-44bc-ad3d-de6311ad0943,https://arctos.database.museum/guid/NMMNH:Mamm:1038,"""4 mi. S, 10 mi. Wazama (assume """"W Mazama"""")""",Washington,48.533991,-120.622542,11300.0,,,1988-08-29,1988,PRESERVED_SPECIMEN,NMMNHS,Mammalogy,NMMNH:Mamm:1038,Collector(s): Robert Miles Sullivan,CONTINENT_DERIVED_FROM_COORDINATES;INSTITUTION_MATCH_FUZZY;INSTITUTION_COLLECTION_MISMATCH
6187098968,4e50e3a6-8d31-44bc-ad3d-de6311ad0943,https://arctos.database.museum/guid/NMMNH:Mamm:1037,"""4 mi. S, 10 mi. Wazama (assume """"W Mazama"""")""",Washington,48.533991,-120.622542,11300.0,,,1988-08-29,1988,PRESERVED_SPECIMEN,NMMNHS,Mammalogy,NMMNH:Mamm:1037,Collector(s): Robert Miles Sullivan,CONTINENT_DERIVED_FROM_COORDINATES;INSTITUTION_MATCH_FUZZY;INSTITUTION_COLLECTION_MISMATCH
6187098965,4e50e3a6-8d31-44bc-ad3d-de6311ad0943,https://arctos.database.museum/guid/NMMNH:Mamm:1032,"""4 mi. S, 10 mi. Wazama (assume """"W Mazama"""")""",Washington,48.533991,-120.622542,11300.0,,,1988-08-29,1988,PRESERVED_SPECIMEN,NMMNHS,Mammalogy,NMMNH:Mamm:1032,Collector(s): David J. Hafner,CONTINENT_DERIVED_FROM_COORDINATES;INSTITUTION_MATCH_FUZZY;INSTITUTION_COLLECTION_MISMATCH
6187098961,4e50e3a6-8d31-44bc-ad3d-de6311ad0943,https://arctos.database.museum/guid/NMMNH:Mamm:1031,"""4 mi. S, 10 mi. Wazama (assume """"W Mazama"""")""",Washington,48.533991,-120.622542,11300.0,,,1988-08-29,1988,PRESERVED_SPECIMEN,NMMNHS,Mammalogy,NMMNH:Mamm:1031,Collector(s): David J. Hafner,CONTINENT_DERIVED_FROM_COORDINATES;INSTITUTION_MATCH_FUZZY;INSTITUTION_COLLECTION_MISMATCH
6187098959,4e50e3a6-8d31-44bc-ad3d-de6311ad0943,https://arctos.database.museum/guid/NMMNH:Mamm:1030,"""4 mi. S, 10 mi. Wazama (assume """"W Mazama"""")""",Washington,48.533991,-120.622542,11300.0,,,1988-08-29,1988,PRESERVED_SPECIMEN,NMMNHS,Mammalogy,NMMNH:Mamm:1030,Collector(s): David J. Hafner,CONTINENT_DERIVED_FROM_COORDINATES;INSTITUTION_MATCH_FUZZY;INSTITUTION_COLLECTION_MISMATCH
6187098694,4e50e3a6-8d31-44bc-ad3d-de6311ad0943,https://arctos.database.museum/guid/NMMNH:Mamm:1014,"2 mi. S, 11 mi. E Glacier",Washington,48.860927,-121.703735,12500.0,,,1988-08-28,1988,PRESERVED_SPECIMEN,NMMNHS,Mammalogy,NMMNH:Mamm:1014,Collector(s): David J. Hafner,CONTINENT_DERIVED_FROM_COORDINATES;INSTITUTION_MATCH_FUZZY;INSTITUTION_COLLECTION_MISMATCH
6187098692,4e50e3a6-8d31-44bc-ad3d-de6311ad0943,https://arctos.database.museum/guid/NMMNH:Mamm:1013,"2 mi. S, 11 mi. E Glacier",Washington,48.860927,-121.703735,12500.0,,,1988-08-28,1988,PRESERVED_SPECIMEN,NMMNHS,Mammalogy,NMMNH:Mamm:1013,Collector(s): David J. Hafner,CONTINENT_DERIVED_FROM_COORDINATES;INSTITUTION_MATCH_FUZZY;INSTITUTION_COLLECTION_MISMATCH
6187098689,4e50e3a6-8d31-44bc-ad3d-de6311ad0943,https://arctos.database.museum/guid/NMMNH:Mamm:1012,"2 mi. S, 11 mi. E Glacier",Washington,48.860927,-121.703735,12500.0,,,1988-08-28,1988,PRESERVED_SPECIMEN,NMMNHS,Mammalogy,NMMNH:Mamm:1012,Collector(s): David J. Hafner,CONTINENT_DERIVED_FROM_COORDINATES;INSTITUTION_MATCH_FUZZY;INSTITUTION_COLLECTION_MISMATCH
6187098687,4e50e3a6-8d31-44bc-ad3d-de6311ad0943,https://arctos.database.museum/guid/NMMNH:Mamm:1011,"2 mi. S, 11 mi. E Glacier",Washington,48.860927,-121.703735,12500.0,,,1988-08-28,1988,PRESERVED_SPECIMEN,NMMNHS,Mammalogy,NMMNH:Mamm:1011,Collector(s): David J. Hafner,CONTINENT_DERIVED_FROM_COORDINATES;INSTITUTION_MATCH_FUZZY;INSTITUTION_COLLECTION_MISMATCH
6187098683,4e50e3a6-8d31-44bc-ad3d-de6311ad0943,https://arctos.database.museum/guid/NMMNH:Mamm:1018,"2 mi. S, 11 mi. E Glacier",Washington,48.860927,-121.703735,12500.0,,,1988-08-28,1988,PRESERVED_SPECIMEN,NMMNHS,Mammalogy,NMMNH:Mamm:1018,Collector(s): David J. Hafner,CONTINENT_DERIVED_FROM_COORDINATES;INSTITUTION_MATCH_FUZZY;INSTITUTION_COLLECTION_MISMATCH
6187098679,4e50e3a6-8d31-44bc-ad3d-de6311ad0943,https://arctos.database.museum/guid/NMMNH:Mamm:1017,"2 mi. S, 11 mi. E Glacier",Washington,48.860927,-121.703735,12500.0,,,1988-08-28,1988,PRESERVED_SPECIMEN,NMMNHS,Mammalogy,NMMNH:Mamm:1017,Collector(s): David J. Hafner,CONTINENT_DERIVED_FROM_COORDINATES;INSTITUTION_MATCH_FUZZY;INSTITUTION_COLLECTION_MISMATCH
6187098674,4e50e3a6-8d31-44bc-ad3d-de6311ad0943,https://arctos.database.museum/guid/NMMNH:Mamm:1016,"2 mi. S, 11 mi. E Glacier",Washington,48.860927,-121.703735,12500.0,,,1988-08-28,1988,PRESERVED_SPECIMEN,NMMNHS,Mammalogy,NMMNH:Mamm:1016,Collector(s): David J. Hafner,CONTINENT_DERIVED_FROM_COORDINATES;INSTITUTION_MATCH_FUZZY;INSTITUTION_COLLECTION_MISMATCH
6187098672,4e50e3a6-8d31-44bc-ad3d-de6311ad0943,https://arctos.database.museum/guid/NMMNH:Mamm:1015,"2 mi. S, 11 mi. E Glacier",Washington,48.860927,-121.703735,12500.0,,,1988-08-28,1988,PRESERVED_SPECIMEN,NMMNHS,Mammalogy,NMMNH:Mamm:1015,Collector(s): David J. Hafner,CONTINENT_DERIVED_FROM_COORDINATES;INSTITUTION_MATCH_FUZZY;INSTITUTION_COLLECTION_MISMATCH
6187098666,4e50e3a6-8d31-44bc-ad3d-de6311ad0943,https://arctos.database.museum/guid/NMMNH:Mamm:1019,"2 mi. S, 11 mi. E Glacier",Washington,48.860927,-121.703735,12500.0,,,1988-08-28,1988,PRESERVED_SPECIMEN,NMMNHS,Mammalogy,NMMNH:Mamm:1019,Collector(s): David J. Hafner,CONTINENT_DERIVED_FROM_COORDINATES;INSTITUTION_MATCH_FUZZY;INSTITUTION_COLLECTION_MISMATCH
6187098664,4e50e3a6-8d31-44bc-ad3d-de6311ad0943,https://arctos.database.museum/guid/NMMNH:Mamm:1010,"2 mi. S, 11 mi. E Glacier",Washington,48.860927,-121.703735,12500.0,,,1988-08-28,1988,PRESERVED_SPECIMEN,NMMNHS,Mammalogy,NMMNH:Mamm:1010,Collector(s): David J. Hafner,CONTINENT_DERIVED_FROM_COORDINATES;INSTITUTION_MATCH_FUZZY;INSTITUTION_COLLECTION_MISMATCH
6186090631,50c9509d-22c7-4a22-a47d-8c48425ef4a7,https://www.inaturalist.org/observations/345832955,,Washington,46.233383,-121.551794,,,,2025-09-01T16:37:17,2025,HUMAN_OBSERVATION,iNaturalist,Observations,345832955,Emma,COORDINATE_ROUNDED;CONTINENT_DERIVED_FROM_COORDINATES;TAXON_ID_NOT_FOUND
6186043554,50c9509d-22c7-4a22-a47d-8c48425ef4a7,https://www.inaturalist.org/observations/345831601,,Washington,47.878169,-121.163169,,,,2025-09-10T17:41:05,2025,HUMAN_OBSERVATION,iNaturalist,Observations,345831601,Emma,COORDINATE_ROUNDED;CONTINENT_DERIVED_FROM_COORDINATES;TAXON_ID_NOT_FOUND
6185808159,50c9509d-22c7-4a22-a47d-8c48425ef4a7,https://www.inaturalist.org/observations/345828941,,Washington,48.928617,-120.762117,,,,2025-09-18T14:28:21,2025,HUMAN_OBSERVATION,iNaturalist,Observations,345828941,Emma,COORDINATE_ROUNDED;CONTINENT_DERIVED_FROM_COORDINATES;TAXON_ID_NOT_FOUND
6185697846,50c9509d-22c7-4a22-a47d-8c48425ef4a7,https://www.inaturalist.org/observations/345832099,,Washington,47.622492,-121.142608,,,,2025-09-07T11:41:03,2025,HUMAN_OBSERVATION,iNaturalist,Observations,345832099,Emma,COORDINATE_ROUNDED;CONTINENT_DERIVED_FROM_COORDINATES;TAXON_ID_NOT_FOUND
6185651935,50c9509d-22c7-4a22-a47d-8c48425ef4a7,https://www.inaturalist.org/observations/345832187,,Washington,47.453475,-121.280111,,,,2025-09-05T18:55:26,2025,HUMAN_OBSERVATION,iNaturalist,Observations,345832187,Emma,COORDINATE_ROUNDED;CONTINENT_DERIVED_FROM_COORDINATES;TAXON_ID_NOT_FOUND
6185328407,50c9509d-22c7-4a22-a47d-8c48425ef4a7,https://www.inaturalist.org/observations/345831383,,Washington,47.891597,-121.175414,,,,2025-09-10T18:41:55,2025,HUMAN_OBSERVATION,iNaturalist,Observations,345831383,Emma,COORDINATE_ROUNDED;CONTINENT_DERIVED_FROM_COORDINATES;TAXON_ID_NOT_FOUND
6185228397,50c9509d-22c7-4a22-a47d-8c48425ef4a7,https://www.inaturalist.org/observations/345831952,,Washington,47.786883,-121.106678,,,,2025-09-10T10:54:55,2025,HUMAN_OBSERVATION,iNaturalist,Observations,345831952,Emma,COORDINATE_ROUNDED;CONTINENT_DERIVED_FROM_COORDINATES;TAXON_ID_NOT_FOUND
6184742681,50c9509d-22c7-4a22-a47d-8c48425ef4a7,https://www.inaturalist.org/observations/345832485,,Washington,46.472972,-121.431694,,,,2025-09-02T16:39:43,2025,HUMAN_OBSERVATION,iNaturalist,Observations,345832485,Emma,COORDINATE_ROUNDED;CONTINENT_DERIVED_FROM_COORDINATES;TAXON_ID_NOT_FOUND
6178506986,50c9509d-22c7-4a22-a47d-8c48425ef4a7,https://www.inaturalist.org/observations/341665809,,Washington,48.504276,-121.119941,8.0,,,2025-08-04T19:16,2025,HUMAN_OBSERVATION,iNaturalist,Observations,341665809,Floyd E. Hayes,COORDINATE_ROUNDED;CONTINENT_DERIVED_FROM_COORDINATES;TAXON_ID_NOT_FOUND
6178441246,50c9509d-22c7-4a22-a47d-8c48425ef4a7,https://www.inaturalist.org/observations/343228678,,Washington,47.461483,-121.446563,14.0,,,2025-07-20T09:03:52,2025,HUMAN_OBSERVATION,iNaturalist,Observations,343228678,Angus Shen,COORDINATE_ROUNDED;CONTINENT_DERIVED_FROM_COORDINATES;TAXON_ID_NOT_FOUND
6178429229,50c9509d-22c7-4a22-a47d-8c48425ef4a7,https://www.inaturalist.org/observations/343053838,,Washington,45.938911,-121.758008,200.0,,,2020-05-24T16:15,2020,HUMAN_OBSERVATION,iNaturalist,Observations,343053838,Kristina Weis,COORDINATE_ROUNDED;CONTINENT_DERIVED_FROM_COORDINATES;TAXON_ID_NOT_FOUND
6178427049,50c9509d-22c7-4a22-a47d-8c48425ef4a7,https://www.inaturalist.org/observations/342827849,,Washington,46.876323,-121.730062,26935.0,,,2017-09-03T12:30,2017,HUMAN_OBSERVATION,iNaturalist,Observations,342827849,slvrsprngwanderer,COORDINATE_ROUNDED;CONTINENT_DERIVED_FROM_COORDINATES;TAXON_ID_NOT_FOUND
6171418508,50c9509d-22c7-4a22-a47d-8c48425ef4a7,https://www.inaturalist.org/observations/340846663,,Washington,48.516056,-121.118041,6.0,,,2025-08-03T20:45,2025,HUMAN_OBSERVATION,iNaturalist,Observations,340846663,Floyd E. Hayes,COORDINATE_ROUNDED;CONTINENT_DERIVED_FROM_COORDINATES;TAXON_ID_NOT_FOUND
6163215688,50c9509d-22c7-4a22-a47d-8c48425ef4a7,https://www.inaturalist.org/observations/339833172,,Washington,48.085096,-120.810954,4.0,,,2025-10-17T12:06:34,2025,HUMAN_OBSERVATION,iNaturalist,Observations,339833172,jackson200,COORDINATE_ROUNDED;CONTINENT_DERIVED_FROM_COORDINATES;TAXON_ID_NOT_FOUND
6162767940,50c9509d-22c7-4a22-a47d-8c48425ef4a7,https://www.inaturalist.org/observations/339100872,,Washington,48.500938,-120.766084,2693.0,,,2025-06-24T13:26:29,2025,HUMAN_OBSERVATION,iNaturalist,Observations,339100872,prinseth,COORDINATE_ROUNDED;CONTINENT_DERIVED_FROM_COORDINATES;TAXON_ID_NOT_FOUND
6159363001,50c9509d-22c7-4a22-a47d-8c48425ef4a7,https://www.inaturalist.org/observations/338238498,,Washington,48.50954,-120.745495,,,,2010-07-28T15:06,2010,HUMAN_OBSERVATION,iNaturalist,Observations,338238498,Skip Russell,CONTINENT_DERIVED_FROM_COORDINATES;TAXON_ID_NOT_FOUND
6159255816,50c9509d-22c7-4a22-a47d-8c48425ef4a7,https://www.inaturalist.org/observations/338143393,,Washington,47.467498,-121.448938,15.0,,,2024-10-26T10:23,2024,HUMAN_OBSERVATION,iNaturalist,Observations,338143393,Michael G,COORDINATE_ROUNDED;CONTINENT_DERIVED_FROM_COORDINATES;TAXON_ID_NOT_FOUND
6159222454,50c9509d-22c7-4a22-a47d-8c48425ef4a7,https://www.inaturalist.org/observations/338799628,,Washington,47.709274,-121.360101,1193.0,,,2024-08-10T16:17:26,2024,HUMAN_OBSERVATION,iNaturalist,Observations,338799628,elliechap,COORDINATE_ROUNDED;CONTINENT_DERIVED_FROM_COORDINATES;TAXON_ID_NOT_FOUND
6133168948,50c9509d-22c7-4a22-a47d-8c48425ef4a7,https://www.inaturalist.org/observations/336596365,,Washington,48.51888,-120.670393,,,,2017-08-16T17:28,2017,HUMAN_OBSERVATION,iNaturalist,Observations,336596365,hkellner,COORDINATE_ROUNDED;CONTINENT_DERIVED_FROM_COORDINATES;TAXON_ID_NOT_FOUND
5938242801,50c9509d-22c7-4a22-a47d-8c48425ef4a7,https://www.inaturalist.org/observations/295865596,,Washington,47.610051,-121.499528,,,,2025-07-05T14:26:58,2025,HUMAN_OBSERVATION,iNaturalist,Observations,295865596,Andrew,COORDINATE_ROUNDED;CONTINENT_DERIVED_FROM_COORDINATES;TAXON_ID_NOT_FOUND
5938133868,50c9509d-22c7-4a22-a47d-8c48425ef4a7,https://www.inaturalist.org/observations/333385016,,Washington,46.92003,-121.696993,2208.0,,,2025-07-30T14:07:26,2025,HUMAN_OBSERVATION,iNaturalist,Observations,333385016,Cole Puzdrakiewicz,COORDINATE_ROUNDED;CONTINENT_DERIVED_FROM_COORDINATES;TAXON_ID_NOT_FOUND
5938114601,50c9509d-22c7-4a22-a47d-8c48425ef4a7,https://www.inaturalist.org/observations/262907243,,Washington,47.666297,-121.224578,4.0,,,1988-07-30,1988,HUMAN_OBSERVATION,iNaturalist,Observations,262907243,shermbug,COORDINATE_ROUNDED;CONTINENT_DERIVED_FROM_COORDINATES;TAXON_ID_NOT_FOUND
5936095176,50c9509d-22c7-4a22-a47d-8c48425ef4a7,https://www.inaturalist.org/observations/331967353,,Washington,48.54755,-120.705632,1511.0,,,2025-09-11T16:49:40,2025,HUMAN_OBSERVATION,iNaturalist,Observations,331967353,makennap,COORDINATE_ROUNDED;CONTINENT_DERIVED_FROM_COORDINATES;TAXON_ID_NOT_FOUND
5935998061,50c9509d-22c7-4a22-a47d-8c48425ef4a7,https://www.inaturalist.org/observations/323026918,,Washington,45.92172,-121.605451,,,,2025-10-22T10:18:42,2025,HUMAN_OBSERVATION,iNaturalist,Observations,323026918,Drew Meyer,CONTINENT_DERIVED_FROM_COORDINATES;TAXON_ID_NOT_FOUND
5935948055,50c9509d-22c7-4a22-a47d-8c48425ef4a7,https://www.inaturalist.org/observations/269240768,,Washington,46.761551,-121.144036,9.0,,,1983-08-15,1983,HUMAN_OBSERVATION,iNaturalist,Observations,269240768,shermbug,COORDINATE_ROUNDED;CONTINENT_DERIVED_FROM_COORDINATES;TAXON_ID_NOT_FOUND
5935568853,50c9509d-22c7-4a22-a47d-8c48425ef4a7,https://www.inaturalist.org/observations/285721595,,Washington,46.335417,-121.747011,10.0,,,2024-07-06T19:43:09,2024,HUMAN_OBSERVATION,iNaturalist,Observations,285721595,cap1096,COORDINATE_ROUNDED;CONTINENT_DERIVED_FROM_COORDINATES;TAXON_ID_NOT_FOUND
5935233705,50c9509d-22c7-4a22-a47d-8c48425ef4a7,https://www.inaturalist.org/observations/331901336,,Washington,45.716227,-122.295369,182.0,,,2024-07-20T20:38,2024,HUMAN_OBSERVATION,iNaturalist,Observations,331901336,csteinbronn8,COORDINATE_ROUNDED;CONTINENT_DERIVED_FROM_COORDINATES;TAXON_ID_NOT_FOUND
5932656627,50c9509d-22c7-4a22-a47d-8c48425ef4a7,https://www.inaturalist.org/observations/330842043,,Washington,48.061961,-121.804978,4.0,,,2025-07-26T15:34:50,2025,HUMAN_OBSERVATION,iNaturalist,Observations,330842043,oosty,COORDINATE_ROUNDED;CONTINENT_DERIVED_FROM_COORDINATES;TAXON_ID_NOT_FOUND
5920341916,50c9509d-22c7-4a22-a47d-8c48425ef4a7,https://www.inaturalist.org/observations/329742779,,Washington,48.47362,-121.062286,13.0,,,2025-09-15T16:03:42,2025,HUMAN_OBSERVATION,iNaturalist,Observations,329742779,Julio Campis,COORDINATE_ROUNDED;CONTINENT_DERIVED_FROM_COORDINATES;TAXON_ID_NOT_FOUND
5920252502,50c9509d-22c7-4a22-a47d-8c48425ef4a7,https://www.inaturalist.org/observations/329743114,,Washington,48.47883,-121.06903,17.0,,,2025-09-15T15:18:43,2025,HUMAN_OBSERVATION,iNaturalist,Observations,329743114,Julio Campis,COORDINATE_ROUNDED;CONTINENT_DERIVED_FROM_COORDINATES;TAXON_ID_NOT_FOUND
5909238514,50c9509d-22c7-4a22-a47d-8c48425ef4a7,https://www.inaturalist.org/observations/328879639,,Washington,46.762608,-121.733444,,,,2025-09-15T08:38:27,2025,HUMAN_OBSERVATION,iNaturalist,Observations,328879639,Lohren Montgomery,COORDINATE_ROUNDED;CONTINENT_DERIVED_FROM_COORDINATES;TAXON_ID_NOT_FOUND
5904027468,50c9509d-22c7-4a22-a47d-8c48425ef4a7,https://www.inaturalist.org/observations/327810899,,Washington,46.71027,-121.894062,26967.0,,,2025-11-22T12:29,2025,HUMAN_OBSERVATION,iNaturalist,Observations,327810899,Zach Hawn,COORDINATE_ROUNDED;CONTINENT_DERIVED_FROM_COORDINATES;TAXON_ID_NOT_FOUND
5903979892,50c9509d-22c7-4a22-a47d-8c48425ef4a7,https://www.inaturalist.org/observations/327810898,,Washington,46.773007,-121.991676,26967.0,,,2025-11-22T12:20,2025,HUMAN_OBSERVATION,iNaturalist,Observations,327810898,Zach Hawn,COORDINATE_ROUNDED;CONTINENT_DERIVED_FROM_COORDINATES;TAXON_ID_NOT_FOUND
5903918569,50c9509d-22c7-4a22-a47d-8c48425ef4a7,https://www.inaturalist.org/observations/327810892,,Washington,46.650602,-121.915835,26967.0,,,2025-11-22T11:28,2025,HUMAN_OBSERVATION,iNaturalist,Observations,327810892,Zach Hawn,COORDINATE_ROUNDED;CONTINENT_DERIVED_FROM_COORDINATES;TAXON_ID_NOT_FOUND
5903912505,50c9509d-22c7-4a22-a47d-8c48425ef4a7,https://www.inaturalist.org/observations/327810901,,Washington,46.73395,-121.960565,26967.0,,,2025-11-22T13:16,2025,HUMAN_OBSERVATION,iNaturalist,Observations,327810901,Zach Hawn,COORDINATE_ROUNDED;CONTINENT_DERIVED_FROM_COORDINATES;TAXON_ID_NOT_FOUND
5903829340,50c9509d-22c7-4a22-a47d-8c48425ef4a7,https://www.inaturalist.org/observations/327810904,,Washington,46.624901,-121.931792,26967.0,,,2025-11-22T14:40,2025,HUMAN_OBSERVATION,iNaturalist,Observations,327810904,Zach Hawn,COORDINATE_ROUNDED;CONTINENT_DERIVED_FROM_COORDINATES;TAXON_ID_NOT_FOUND
5903825347,50c9509d-22c7-4a22-a47d-8c48425ef4a7,https://www.inaturalist.org/observations/327810893,,Washington,46.686434,-121.803522,26967.0,,,2025-11-22T11:28,2025,HUMAN_OBSERVATION,iNaturalist,Observations,327810893,Zach Hawn,COORDINATE_ROUNDED;CONTINENT_DERIVED_FROM_COORDINATES;TAXON_ID_NOT_FOUND
5903708859,50c9509d-22c7-4a22-a47d-8c48425ef4a7,https://www.inaturalist.org/observations/327810903,,Washington,46.697912,-121.991241,26967.0,,,2025-11-22T13:18,2025,HUMAN_OBSERVATION,iNaturalist,Observations,327810903,Zach Hawn,COORDINATE_ROUNDED;CONTINENT_DERIVED_FROM_COORDINATES;TAXON_ID_NOT_FOUND
5897787461,50c9509d-22c7-4a22-a47d-8c48425ef4a7,https://www.inaturalist.org/observations/313227590,,Washington,47.443332,-121.404599,,,,2025-09-10T16:11,2025,HUMAN_OBSERVATION,iNaturalist,Observations,313227590,Eric Jain,CONTINENT_DERIVED_FROM_COORDINATES;TAXON_ID_NOT_FOUND
5897707964,50c9509d-22c7-4a22-a47d-8c48425ef4a7,https://www.inaturalist.org/observations/326360970,,Washington,46.024939,-121.783383,,,,2025-08-30T14:20:31,2025,HUMAN_OBSERVATION,iNaturalist,Observations,326360970,Walter,COORDINATE_ROUNDED;CONTINENT_DERIVED_FROM_COORDINATES;TAXON_ID_NOT_FOUND
5897707462,50c9509d-22c7-4a22-a47d-8c48425ef4a7,https://www.inaturalist.org/observations/304376450,,Washington,47.487012,-120.830628,32.0,,,2025-08-04T09:49:56,2025,HUMAN_OBSERVATION,iNaturalist,Observations,304376450,Megan Cosand,COORDINATE_ROUNDED;CONTINENT_DERIVED_FROM_COORDINATES;TAXON_ID_NOT_FOUND
5897658637,50c9509d-22c7-4a22-a47d-8c48425ef4a7,https://www.inaturalist.org/observations/327160888,,Washington,46.864207,-121.512372,,,,2021-09-11T12:42:32,2021,HUMAN_OBSERVATION,iNaturalist,Observations,327160888,jhiker1,CONTINENT_DERIVED_FROM_COORDINATES;TAXON_ID_NOT_FOUND
5897446702,50c9509d-22c7-4a22-a47d-8c48425ef4a7,https://www.inaturalist.org/observations/313872141,,Washington,47.607487,-121.103733,,,,2025-09-13T08:53:47,2025,HUMAN_OBSERVATION,iNaturalist,Observations,313872141,Andrew,COORDINATE_ROUNDED;CONTINENT_DERIVED_FROM_COORDINATES;TAXON_ID_NOT_FOUND
5897385428,50c9509d-22c7-4a22-a47d-8c48425ef4a7,https://www.inaturalist.org/observations/326556051,,Washington,48.46983,-121.0549,4.0,,,2025-08-02T13:26:05,2025,HUMAN_OBSERVATION,iNaturalist,Observations,326556051,connorpeck18,CONTINENT_DERIVED_FROM_COORDINATES;TAXON_ID_NOT_FOUND
5897206946,50c9509d-22c7-4a22-a47d-8c48425ef4a7,https://www.inaturalist.org/observations/317450996,,Washington,45.907564,-122.071471,,,,2025-09-28T10:19:50,2025,HUMAN_OBSERVATION,iNaturalist,Observations,317450996,Drew Meyer,CONTINENT_DERIVED_FROM_COORDINATES;TAXON_ID_NOT_FOUND
5897127754,50c9509d-22c7-4a22-a47d-8c48425ef4a7,https://www.inaturalist.org/observations/316584568,,Washington,46.790909,-121.782394,,,,2025-09-24T17:37,2025,HUMAN_OBSERVATION,iNaturalist,Observations,316584568,Eric Jain,CONTINENT_DERIVED_FROM_COORDINATES;TAXON_ID_NOT_FOUND
5892994340,50c9509d-22c7-4a22-a47d-8c48425ef4a7,https://www.inaturalist.org/observations/325822996,,Washington,48.065242,-121.765819,8.0,,,2025-11-09T13:29,2025,HUMAN_OBSERVATION,iNaturalist,Observations,325822996,Zach Hawn,COORDINATE_ROUNDED;CONTINENT_DERIVED_FROM_COORDINATES;TAXON_ID_NOT_FOUND
5892772070,50c9509d-22c7-4a22-a47d-8c48425ef4a7,https://www.inaturalist.org/observations/325822997,,Washington,48.065003,-121.766136,8.0,,,2025-11-09T14:17,2025,HUMAN_OBSERVATION,iNaturalist,Observations,325822997,Zach Hawn,COORDINATE_ROUNDED;CONTINENT_DERIVED_FROM_COORDINATES;TAXON_ID_NOT_FOUND
5892722299,50c9509d-22c7-4a22-a47d-8c48425ef4a7,https://www.inaturalist.org/observations/325746437,,Washington,46.915917,-121.657705,1140.0,,,2025-08-28T10:41,2025,HUMAN_OBSERVATION,iNaturalist,Observations,325746437,David Weber,COORDINATE_ROUNDED;CONTINENT_DERIVED_FROM_COORDINATES;TAXON_ID_NOT_FOUND
5892722118,50c9509d-22c7-4a22-a47d-8c48425ef4a7,https://www.inaturalist.org/observations/325746438,,Washington,46.915917,-121.657705,1140.0,,,2025-08-28T10:47,2025,HUMAN_OBSERVATION,iNaturalist,Observations,325746438,David Weber,COORDINATE_ROUNDED;CONTINENT_DERIVED_FROM_COORDINATES;TAXON_ID_NOT_FOUND
5892721991,50c9509d-22c7-4a22-a47d-8c48425ef4a7,https://www.inaturalist.org/observations/325559229,,Washington,47.397887,-121.342703,,,,2025-09-28T16:39:33,2025,HUMAN_OBSERVATION,iNaturalist,Observations,325559229,Zarek,COORDINATE_ROUNDED;CONTINENT_DERIVED_FROM_COORDINATES;TAXON_ID_NOT_FOUND
5892703033,50c9509d-22c7-4a22-a47d-8c48425ef4a7,https://www.inaturalist.org/observations/325746468,,Washington,46.919639,-121.58553,15.0,,,2025-08-28T17:31,2025,HUMAN_OBSERVATION,iNaturalist,Observations,325746468,David Weber,COORDINATE_ROUNDED;CONTINENT_DERIVED_FROM_COORDINATES;TAXON_ID_NOT_FOUND
5892606111,50c9509d-22c7-4a22-a47d-8c48425ef4a7,https://www.inaturalist.org/observations/325746444,,Washington,46.915917,-121.657705,1140.0,,,2025-08-28T12:31,2025,HUMAN_OBSERVATION,iNaturalist,Observations,325746444,David Weber,COORDINATE_ROUNDED;CONTINENT_DERIVED_FROM_COORDINATES;TAXON_ID_NOT_FOUND
5892424887,50c9509d-22c7-4a22-a47d-8c48425ef4a7,https://www.inaturalist.org/observations/325558470,,Washington,47.394388,-121.345904,262.0,,,2025-09-28T16:44:19,2025,HUMAN_OBSERVATION,iNaturalist,Observations,325558470,Zarek,COORDINATE_ROUNDED;CONTINENT_DERIVED_FROM_COORDINATES;TAXON_ID_NOT_FOUND
5890023293,50c9509d-22c7-4a22-a47d-8c48425ef4a7,https://www.inaturalist.org/observations/323384336,,Washington,46.919373,-121.660042,31.0,,,2025-10-03T16:04,2025,HUMAN_OBSERVATION,iNaturalist,Observations,323384336,Brandon Hawn,COORDINATE_ROUNDED;CONTINENT_DERIVED_FROM_COORDINATES;TAXON_ID_NOT_FOUND
5889546066,50c9509d-22c7-4a22-a47d-8c48425ef4a7,https://www.inaturalist.org/observations/324561579,,Washington,48.511071,-120.745871,61.0,,,2025-10-03T11:09,2025,HUMAN_OBSERVATION,iNaturalist,Observations,324561579,David Carr,COORDINATE_ROUNDED;CONTINENT_DERIVED_FROM_COORDINATES;TAXON_ID_NOT_FOUND
5889531667,50c9509d-22c7-4a22-a47d-8c48425ef4a7,https://www.inaturalist.org/observations/324492802,,Washington,46.867431,-121.534671,2.0,,,2025-10-23T14:33,2025,HUMAN_OBSERVATION,iNaturalist,Observations,324492802,Lex Orr,COORDINATE_ROUNDED;CONTINENT_DERIVED_FROM_COORDINATES;TAXON_ID_NOT_FOUND
5889208112,50c9509d-22c7-4a22-a47d-8c48425ef4a7,https://www.inaturalist.org/observations/324492933,,Washington,46.867391,-121.533918,4.0,,,2025-10-23T14:38,2025,HUMAN_OBSERVATION,iNaturalist,Observations,324492933,Lex Orr,COORDINATE_ROUNDED;CONTINENT_DERIVED_FROM_COORDINATES;TAXON_ID_NOT_FOUND
5868411805,50c9509d-22c7-4a22-a47d-8c48425ef4a7,https://www.inaturalist.org/observations/321675663,,Washington,46.792645,-121.728837,4.0,,,2025-08-01T07:28:30,2025,HUMAN_OBSERVATION,iNaturalist,Observations,321675663,Amaya Grace,COORDINATE_ROUNDED;CONTINENT_DERIVED_FROM_COORDINATES;TAXON_ID_NOT_FOUND
5868178450,50c9509d-22c7-4a22-a47d-8c48425ef4a7,https://www.inaturalist.org/observations/321499593,,Washington,47.802906,-121.071358,4.0,,,2024-10-12T17:44,2024,HUMAN_OBSERVATION,iNaturalist,Observations,321499593,Lisa H. Robinson,COORDINATE_ROUNDED;CONTINENT_DERIVED_FROM_COORDINATES;TAXON_ID_NOT_FOUND
5868095354,50c9509d-22c7-4a22-a47d-8c48425ef4a7,https://www.inaturalist.org/observations/320989132,,Washington,47.016752,-121.681124,61.0,,,2025-09-18T19:04,2025,HUMAN_OBSERVATION,iNaturalist,Observations,320989132,Ariel R.,COORDINATE_ROUNDED;CONTINENT_DERIVED_FROM_COORDINATES;TAXON_ID_NOT_FOUND
5868069789,50c9509d-22c7-4a22-a47d-8c48425ef4a7,https://www.inaturalist.org/observations/321426460,,Washington,48.572293,-120.589897,18960.0,,,2025-10-16T14:05:36,2025,HUMAN_OBSERVATION,iNaturalist,Observations,321426460,Marlo Perdicas,COORDINATE_ROUNDED;CONTINENT_DERIVED_FROM_COORDINATES;TAXON_ID_NOT_FOUND
5867956887,50c9509d-22c7-4a22-a47d-8c48425ef4a7,https://www.inaturalist.org/observations/309646100,,Washington,47.681744,-121.132499,,,,2025-08-20T17:00:52,2025,HUMAN_OBSERVATION,iNaturalist,Observations,309646100,Andrew,COORDINATE_ROUNDED;CONTINENT_DERIVED_FROM_COORDINATES;TAXON_ID_NOT_FOUND
5867945469,50c9509d-22c7-4a22-a47d-8c48425ef4a7,https://www.inaturalist.org/observations/321465099,,Washington,47.436395,-121.39917,10.0,,,2025-10-15T13:33:03,2025,HUMAN_OBSERVATION,iNaturalist,Observations,321465099,szeligaw,CONTINENT_DERIVED_FROM_COORDINATES;TAXON_ID_NOT_FOUND
5867879847,50c9509d-22c7-4a22-a47d-8c48425ef4a7,https://www.inaturalist.org/observations/321775676,,Washington,48.846962,-121.717833,4.0,,,2025-10-14T13:09:49,2025,HUMAN_OBSERVATION,iNaturalist,Observations,321775676,kristinop,COORDINATE_ROUNDED;CONTINENT_DERIVED_FROM_COORDINATES;TAXON_ID_NOT_FOUND
5867845131,50c9509d-22c7-4a22-a47d-8c48425ef4a7,https://www.inaturalist.org/observations/320976538,,Washington,48.50623,-120.62658,12.0,,,2025-10-11T14:19:29,2025,HUMAN_OBSERVATION,iNaturalist,Observations,320976538,Mark Robinson,CONTINENT_DERIVED_FROM_COORDINATES;TAXON_ID_NOT_FOUND
5867837582,50c9509d-22c7-4a22-a47d-8c48425ef4a7,https://www.inaturalist.org/observations/321960360,,Washington,45.91163,-121.777945,15.0,,,2025-08-04T12:27,2025,HUMAN_OBSERVATION,iNaturalist,Observations,321960360,elik03,CONTINENT_DERIVED_FROM_COORDINATES;TAXON_ID_NOT_FOUND
5867814681,50c9509d-22c7-4a22-a47d-8c48425ef4a7,https://www.inaturalist.org/observations/301699708,,Washington,47.462648,-121.367525,4.0,,,2025-07-26T19:25:07,2025,HUMAN_OBSERVATION,iNaturalist,Observations,301699708,manseekingorganisms,COORDINATE_ROUNDED;CONTINENT_DERIVED_FROM_COORDINATES;TAXON_ID_NOT_FOUND
5844531951,50c9509d-22c7-4a22-a47d-8c48425ef4a7,https://www.inaturalist.org/observations/316849612,,Washington,47.9451,-121.355147,14.0,,,2025-09-24T10:22:02,2025,HUMAN_OBSERVATION,iNaturalist,Observations,316849612,Coleman Evans,COORDINATE_ROUNDED;CONTINENT_DERIVED_FROM_COORDINATES;TAXON_ID_NOT_FOUND
5844511168,50c9509d-22c7-4a22-a47d-8c48425ef4a7,https://www.inaturalist.org/observations/319601379,,Washington,46.899533,-121.699997,12670.0,,,2025-08-23T04:24:29,2025,HUMAN_OBSERVATION,iNaturalist,Observations,319601379,Filip Tkaczyk,COORDINATE_ROUNDED;CONTINENT_DERIVED_FROM_COORDINATES;TAXON_ID_NOT_FOUND
5844510623,50c9509d-22c7-4a22-a47d-8c48425ef4a7,https://www.inaturalist.org/observations/320431531,,Washington,46.004399,-121.825586,10.0,,,2025-08-24T11:31,2025,HUMAN_OBSERVATION,iNaturalist,Observations,320431531,Jeff Ward,COORDINATE_ROUNDED;CONTINENT_DERIVED_FROM_COORDINATES;TAXON_ID_NOT_FOUND
5844498891,50c9509d-22c7-4a22-a47d-8c48425ef4a7,https://www.inaturalist.org/observations/319513396,,Washington,48.979237,-117.056493,607.0,,,2025-09-20T11:35:30,2025,HUMAN_OBSERVATION,iNaturalist,Observations,319513396,dhasemann,COORDINATE_ROUNDED;CONTINENT_DERIVED_FROM_COORDINATES;TAXON_ID_NOT_FOUND
5844376061,50c9509d-22c7-4a22-a47d-8c48425ef4a7,https://www.inaturalist.org/observations/319591439,,Washington,48.483587,-120.679337,2.0,,,2025-10-06T18:03:24,2025,HUMAN_OBSERVATION,iNaturalist,Observations,319591439,Amy Alverson,COORDINATE_ROUNDED;CONTINENT_DERIVED_FROM_COORDINATES;TAXON_ID_NOT_FOUND
5844268932,50c9509d-22c7-4a22-a47d-8c48425ef4a7,https://www.inaturalist.org/observations/320099606,,Washington,46.909514,-121.649843,2527.0,,,2019-07-30T21:17,2019,HUMAN_OBSERVATION,iNaturalist,Observations,320099606,beniaminot,COORDINATE_ROUNDED;CONTINENT_DERIVED_FROM_COORDINATES;TAXON_ID_NOT_FOUND
5844066553,50c9509d-22c7-4a22-a47d-8c48425ef4a7,https://www.inaturalist.org/observations/320077386,,Washington,46.793447,-121.72536,188.0,,,2025-10-10T15:51:21,2025,HUMAN_OBSERVATION,iNaturalist,Observations,320077386,mcmule,COORDINATE_ROUNDED;CONTINENT_DERIVED_FROM_COORDINATES;TAXON_ID_NOT_FOUND
5843992943,50c9509d-22c7-4a22-a47d-8c48425ef4a7,https://www.inaturalist.org/observations/319873359,,Washington,46.799114,-121.725031,125.0,,,2025-10-09T14:26,2025,HUMAN_OBSERVATION,iNaturalist,Observations,319873359,Niko Levy,COORDINATE_ROUNDED;CONTINENT_DERIVED_FROM_COORDINATES;TAXON_ID_NOT_FOUND
5840522877,50c9509d-22c7-4a22-a47d-8c48425ef4a7,https://www.inaturalist.org/observations/319395711,,Washington,48.846886,-121.697559,119.0,,,2023-07-06T19:04,2023,HUMAN_OBSERVATION,iNaturalist,Observations,319395711,Victor Burgett,COORDINATE_ROUNDED;CONTINENT_DERIVED_FROM_COORDINATES;TAXON_ID_NOT_FOUND
5840469525,50c9509d-22c7-4a22-a47d-8c48425ef4a7,https://www.inaturalist.org/observations/318300869,,Washington,48.077387,-121.784587,15.0,,,2025-10-01T11:00,2025,HUMAN_OBSERVATION,iNaturalist,Observations,318300869,Ed Brown,COORDINATE_ROUNDED;CONTINENT_DERIVED_FROM_COORDINATES;TAXON_ID_NOT_FOUND
5840367364,50c9509d-22c7-4a22-a47d-8c48425ef4a7,https://www.inaturalist.org/observations/317871254,,Washington,47.453543,-121.280061,,,,2025-09-19T09:31:30,2025,HUMAN_OBSERVATION,iNaturalist,Observations,317871254,cz123,COORDINATE_ROUNDED;CONTINENT_DERIVED_FROM_COORDINATES;TAXON_ID_NOT_FOUND
5840339833,50c9509d-22c7-4a22-a47d-8c48425ef4a7,https://www.inaturalist.org/observations/318533999,,Washington,46.929126,-121.67396,37.0,,,2025-10-03T10:11,2025,HUMAN_OBSERVATION,iNaturalist,Observations,318533999,Pierce Louderback,COORDINATE_ROUNDED;CONTINENT_DERIVED_FROM_COORDINATES;TAXON_ID_NOT_FOUND
5840337139,50c9509d-22c7-4a22-a47d-8c48425ef4a7,https://www.inaturalist.org/observations/319286019,,Washington,47.688411,-121.414821,,,,2025-10-04T16:24:57,2025,HUMAN_OBSERVATION,iNaturalist,Observations,319286019,Andrew,COORDINATE_ROUNDED;CONTINENT_DERIVED_FROM_COORDINATES;TAXON_ID_NOT_FOUND
5840271675,50c9509d-22c7-4a22-a47d-8c48425ef4a7,https://www.inaturalist.org/observations/319306799,,Washington,48.162094,-121.626359,,,,2025-10-05T13:42,2025,HUMAN_OBSERVATION,iNaturalist,Observations,319306799,Eric Jain,CONTINENT_DERIVED_FROM_COORDINATES;TAXON_ID_NOT_FOUND
5840255306,50c9509d-22c7-4a22-a47d-8c48425ef4a7,https://www.inaturalist.org/observations/318324266,,Washington,47.458476,-121.446437,61.0,,,2017-08-12T19:02,2017,HUMAN_OBSERVATION,iNaturalist,Observations,318324266,Lukas Evans,COORDINATE_ROUNDED;CONTINENT_DERIVED_FROM_COORDINATES;TAXON_ID_NOT_FOUND
5840248715,50c9509d-22c7-4a22-a47d-8c48425ef4a7,https://www.inaturalist.org/observations/317380793,,Washington,47.387878,-121.353478,820.0,,,2025-09-28T09:40:59,2025,HUMAN_OBSERVATION,iNaturalist,Observations,317380793,larsonek,COORDINATE_ROUNDED;CONTINENT_DERIVED_FROM_COORDINATES;TAXON_ID_NOT_FOUND
5840121485,50c9509d-22c7-4a22-a47d-8c48425ef4a7,https://www.inaturalist.org/observations/318716002,,Washington,48.848136,-121.711294,,,,2025-10-04T09:27:20,2025,HUMAN_OBSERVATION,iNaturalist,Observations,318716002,Kilian White,COORDINATE_ROUNDED;CONTINENT_DERIVED_FROM_COORDINATES;TAXON_ID_NOT_FOUND
5840071287,50c9509d-22c7-4a22-a47d-8c48425ef4a7,https://www.inaturalist.org/observations/319202612,,Washington,48.510937,-120.7461,14.0,,,2025-10-04T12:32:14,2025,HUMAN_OBSERVATION,iNaturalist,Observations,319202612,sarahpei,COORDINATE_ROUNDED;CONTINENT_DERIVED_FROM_COORDINATES;TAXON_ID_NOT_FOUND
5839972903,50c9509d-22c7-4a22-a47d-8c48425ef4a7,https://www.inaturalist.org/observations/319289616,,Washington,48.845691,-121.715031,,,,2025-10-04T14:05,2025,HUMAN_OBSERVATION,iNaturalist,Observations,319289616,Phil Pickering,COORDINATE_ROUNDED;CONTINENT_DERIVED_FROM_COORDINATES;TAXON_ID_NOT_FOUND
5839963321,50c9509d-22c7-4a22-a47d-8c48425ef4a7,https://www.inaturalist.org/observations/318101773,,Washington,47.448513,-121.380387,42.0,,,2025-09-02T07:14:51,2025,HUMAN_OBSERVATION,iNaturalist,Observations,318101773,makennap,COORDINATE_ROUNDED;CONTINENT_DERIVED_FROM_COORDINATES;TAXON_ID_NOT_FOUND
5839954596,50c9509d-22c7-4a22-a47d-8c48425ef4a7,https://www.inaturalist.org/observations/317877111,,Washington,48.468031,-121.057451,93.0,,,2025-09-20T11:15:59,2025,HUMAN_OBSERVATION,iNaturalist,Observations,317877111,Peter Anthony Ricci,COORDINATE_ROUNDED;CONTINENT_DERIVED_FROM_COORDINATES;TAXON_ID_NOT_FOUND
5838396254,50c9509d-22c7-4a22-a47d-8c48425ef4a7,https://www.inaturalist.org/observations/301612840,,Washington,46.793448,-121.725999,1500.0,,,2019-07-05T08:12,2019,HUMAN_OBSERVATION,iNaturalist,Observations,301612840,Lee J,COORDINATE_ROUNDED;CONTINENT_DERIVED_FROM_COORDINATES;TAXON_ID_NOT_FOUND
5838393375,50c9509d-22c7-4a22-a47d-8c48425ef4a7,https://www.inaturalist.org/observations/317354322,,Washington,47.405327,-121.338281,,,,2025-09-27T10:47:41,2025,HUMAN_OBSERVATION,iNaturalist,Observations,317354322,larsonek,COORDINATE_ROUNDED;CONTINENT_DERIVED_FROM_COORDINATES;TAXON_ID_NOT_FOUND
5838366491,50c9509d-22c7-4a22-a47d-8c48425ef4a7,https://www.inaturalist.org/observations/304777702,,Washington,46.919449,-121.584987,200.0,,,2025-07-26T10:15,2025,HUMAN_OBSERVATION,iNaturalist,Observations,304777702,Lee J,COORDINATE_ROUNDED;CONTINENT_DERIVED_FROM_COORDINATES;TAXON_ID_NOT_FOUND
5838344272,50c9509d-22c7-4a22-a47d-8c48425ef4a7,https://www.inaturalist.org/observations/304777703,,Washington,46.919449,-121.584987,200.0,,,2025-07-26T10:15,2025,HUMAN_OBSERVATION,iNaturalist,Observations,304777703,Lee J,COORDINATE_ROUNDED;CONTINENT_DERIVED_FROM_COORDINATES;TAXON_ID_NOT_FOUND
5838245888,50c9509d-22c7-4a22-a47d-8c48425ef4a7,https://www.inaturalist.org/observations/317461622,,Washington,46.919267,-121.6614,5.0,,,2019-07-14T15:22:32,2019,HUMAN_OBSERVATION,iNaturalist,Observations,317461622,sckaiser,COORDINATE_ROUNDED;CONTINENT_DERIVED_FROM_COORDINATES;TAXON_ID_NOT_FOUND
5838222506,50c9509d-22c7-4a22-a47d-8c48425ef4a7,https://www.inaturalist.org/observations/300999069,,Washington,46.954142,-121.876069,750.0,,,2024-08-22T14:26,2024,HUMAN_OBSERVATION,iNaturalist,Observations,300999069,Lee J,COORDINATE_ROUNDED;CONTINENT_DERIVED_FROM_COORDINATES;TAXON_ID_NOT_FOUND
5838157975,50c9509d-22c7-4a22-a47d-8c48425ef4a7,https://www.inaturalist.org/observations/301381728,,Washington,48.505858,-120.748243,2000.0,,,2021-09-23,2021,HUMAN_OBSERVATION,iNaturalist,Observations,301381728,Lee J,COORDINATE_ROUNDED;CONTINENT_DERIVED_FROM_COORDINATES;TAXON_ID_NOT_FOUND
5838144397,50c9509d-22c7-4a22-a47d-8c48425ef4a7,https://www.inaturalist.org/observations/300997533,,Washington,48.508928,-120.752711,1500.0,,,2024-09-19T07:13,2024,HUMAN_OBSERVATION,iNaturalist,Observations,300997533,Lee J,COORDINATE_ROUNDED;CONTINENT_DERIVED_FROM_COORDINATES;TAXON_ID_NOT_FOUND
5838116335,50c9509d-22c7-4a22-a47d-8c48425ef4a7,https://www.inaturalist.org/observations/317424904,,Washington,47.391603,-121.347053,17.0,,,2025-09-28T16:43:01,2025,HUMAN_OBSERVATION,iNaturalist,Observations,317424904,nathanxturner,COORDINATE_ROUNDED;CONTINENT_DERIVED_FROM_COORDINATES;TAXON_ID_NOT_FOUND
5838093836,50c9509d-22c7-4a22-a47d-8c48425ef4a7,https://www.inaturalist.org/observations/304777699,,Washington,46.919449,-121.584987,200.0,,,2025-07-26T10:13,2025,HUMAN_OBSERVATION,iNaturalist,Observations,304777699,Lee J,COORDINATE_ROUNDED;CONTINENT_DERIVED_FROM_COORDINATES;TAXON_ID_NOT_FOUND
5838006247,50c9509d-22c7-4a22-a47d-8c48425ef4a7,https://www.inaturalist.org/observations/316584498,,Washington,46.788693,-121.783476,,,,2025-09-24T12:02,2025,HUMAN_OBSERVATION,iNaturalist,Observations,316584498,Eric Jain,CONTINENT_DERIVED_FROM_COORDINATES;TAXON_ID_NOT_FOUND
5837996414,50c9509d-22c7-4a22-a47d-8c48425ef4a7,https://www.inaturalist.org/observations/300997535,,Washington,48.508928,-120.752711,1500.0,,,2024-09-19T07:07,2024,HUMAN_OBSERVATION,iNaturalist,Observations,300997535,Lee J,COORDINATE_ROUNDED;CONTINENT_DERIVED_FROM_COORDINATES;TAXON_ID_NOT_FOUND
5837969911,50c9509d-22c7-4a22-a47d-8c48425ef4a7,https://www.inaturalist.org/observations/316848257,,Washington,47.936903,-121.351937,13.0,,,2025-09-24T19:02:34,2025,HUMAN_OBSERVATION,iNaturalist,Observations,316848257,Coleman Evans,COORDINATE_ROUNDED;CONTINENT_DERIVED_FROM_COORDINATES;TAXON_ID_NOT_FOUND
5837948536,50c9509d-22c7-4a22-a47d-8c48425ef4a7,https://www.inaturalist.org/observations/317170881,,Washington,47.36603,-121.20067,2.0,,,2025-09-27T12:27:10,2025,HUMAN_OBSERVATION,iNaturalist,Observations,317170881,Darren Schack,CONTINENT_DERIVED_FROM_COORDINATES;TAXON_ID_NOT_FOUND
5837942142,50c9509d-22c7-4a22-a47d-8c48425ef4a7,https://www.inaturalist.org/observations/316584565,,Washington,46.792299,-121.780354,,,,2025-09-24T17:29,2025,HUMAN_OBSERVATION,iNaturalist,Observations,316584565,Eric Jain,CONTINENT_DERIVED_FROM_COORDINATES;TAXON_ID_NOT_FOUND
5837925209,50c9509d-22c7-4a22-a47d-8c48425ef4a7,https://www.inaturalist.org/observations/317170562,,Washington,46.852119,-121.760323,22467.0,,,2025-09-25T10:14:37,2025,HUMAN_OBSERVATION,iNaturalist,Observations,317170562,amamo,COORDINATE_ROUNDED;CONTINENT_DERIVED_FROM_COORDINATES;TAXON_ID_NOT_FOUND
5837910353,50c9509d-22c7-4a22-a47d-8c48425ef4a7,https://www.inaturalist.org/observations/317352221,,Washington,48.829042,-121.654962,4.0,,,2025-09-28T08:44:38,2025,HUMAN_OBSERVATION,iNaturalist,Observations,317352221,mwaltz,COORDINATE_ROUNDED;CONTINENT_DERIVED_FROM_COORDINATES;TAXON_ID_NOT_FOUND
5837874146,50c9509d-22c7-4a22-a47d-8c48425ef4a7,https://www.inaturalist.org/observations/301000988,,Washington,46.792662,-121.728107,500.0,,,2024-07-11T11:03,2024,HUMAN_OBSERVATION,iNaturalist,Observations,301000988,Lee J,COORDINATE_ROUNDED;CONTINENT_DERIVED_FROM_COORDINATES;TAXON_ID_NOT_FOUND
5837856344,50c9509d-22c7-4a22-a47d-8c48425ef4a7,https://www.inaturalist.org/observations/298993870,,Washington,46.790011,-121.727872,500.0,,,2025-07-10T17:08,2025,HUMAN_OBSERVATION,iNaturalist,Observations,298993870,Lee J,COORDINATE_ROUNDED;CONTINENT_DERIVED_FROM_COORDINATES;TAXON_ID_NOT_FOUND
5837841990,50c9509d-22c7-4a22-a47d-8c48425ef4a7,https://www.inaturalist.org/observations/316190268,,Washington,46.766848,-121.779229,15.0,,,2025-08-28T20:33,2025,HUMAN_OBSERVATION,iNaturalist,Observations,316190268,Ian Campbell,COORDINATE_ROUNDED;CONTINENT_DERIVED_FROM_COORDINATES;TAXON_ID_NOT_FOUND
5837802086,50c9509d-22c7-4a22-a47d-8c48425ef4a7,https://www.inaturalist.org/observations/317146070,,Washington,48.473297,-121.062094,4.0,,,2025-09-27T13:00:45,2025,HUMAN_OBSERVATION,iNaturalist,Observations,317146070,Cody S Davis,COORDINATE_ROUNDED;CONTINENT_DERIVED_FROM_COORDINATES;TAXON_ID_NOT_FOUND
5837783984,50c9509d-22c7-4a22-a47d-8c48425ef4a7,https://www.inaturalist.org/observations/317602967,,Washington,47.429345,-121.692177,8.0,,,2025-09-28T16:31,2025,HUMAN_OBSERVATION,iNaturalist,Observations,317602967,song_dog,COORDINATE_ROUNDED;CONTINENT_DERIVED_FROM_COORDINATES;TAXON_ID_NOT_FOUND
5837693776,50c9509d-22c7-4a22-a47d-8c48425ef4a7,https://www.inaturalist.org/observations/304774243,,Washington,46.919418,-121.584597,200.0,,,2025-07-26T08:12,2025,HUMAN_OBSERVATION,iNaturalist,Observations,304774243,Lee J,COORDINATE_ROUNDED;CONTINENT_DERIVED_FROM_COORDINATES;TAXON_ID_NOT_FOUND
5837636257,50c9509d-22c7-4a22-a47d-8c48425ef4a7,https://www.inaturalist.org/observations/304774945,,Washington,46.919537,-121.585845,150.0,,,2025-07-26T08:13,2025,HUMAN_OBSERVATION,iNaturalist,Observations,304774945,Lee J,COORDINATE_ROUNDED;CONTINENT_DERIVED_FROM_COORDINATES;TAXON_ID_NOT_FOUND
5837633971,50c9509d-22c7-4a22-a47d-8c48425ef4a7,https://www.inaturalist.org/observations/316616901,,Washington,48.960311,-117.095662,61.0,,,2025-09-24T14:03,2025,HUMAN_OBSERVATION,iNaturalist,Observations,316616901,Dave Drum,COORDINATE_ROUNDED;CONTINENT_DERIVED_FROM_COORDINATES;TAXON_ID_NOT_FOUND
5831069890,50c9509d-22c7-4a22-a47d-8c48425ef4a7,https://www.inaturalist.org/observations/309162950,,Washington,45.912197,-121.778725,4.0,,,2025-08-04T12:19:30,2025,HUMAN_OBSERVATION,iNaturalist,Observations,309162950,AlmndButtrToast,COORDINATE_ROUNDED;CONTINENT_DERIVED_FROM_COORDINATES;TAXON_ID_NOT_FOUND
5831054768,50c9509d-22c7-4a22-a47d-8c48425ef4a7,https://www.inaturalist.org/observations/226576254,,Washington,46.792196,-121.780316,,,,2023-09-09T12:54:58,2023,HUMAN_OBSERVATION,iNaturalist,Observations,226576254,Alexandra Mariani,COORDINATE_ROUNDED;CONTINENT_DERIVED_FROM_COORDINATES;TAXON_ID_NOT_FOUND
5831032683,50c9509d-22c7-4a22-a47d-8c48425ef4a7,https://www.inaturalist.org/observations/314480517,,Washington,48.96101,-117.095775,31.0,,,2025-08-22T10:46,2025,HUMAN_OBSERVATION,iNaturalist,Observations,314480517,Dave Drum,COORDINATE_ROUNDED;CONTINENT_DERIVED_FROM_COORDINATES;TAXON_ID_NOT_FOUND
5831028970,50c9509d-22c7-4a22-a47d-8c48425ef4a7,https://www.inaturalist.org/observations/315096936,,Washington,47.434353,-121.401515,4.0,,,2025-09-19T14:07:21,2025,HUMAN_OBSERVATION,iNaturalist,Observations,315096936,jackson200,COORDINATE_ROUNDED;CONTINENT_DERIVED_FROM_COORDINATES;TAXON_ID_NOT_FOUND
5831019219,50c9509d-22c7-4a22-a47d-8c48425ef4a7,https://www.inaturalist.org/observations/239292105,,Washington,46.792381,-121.78008,,,,2023-09-09T12:49:14,2023,HUMAN_OBSERVATION,iNaturalist,Observations,239292105,Alexandra Mariani,COORDINATE_ROUNDED;CONTINENT_DERIVED_FROM_COORDINATES;TAXON_ID_NOT_FOUND
5830971452,50c9509d-22c7-4a22-a47d-8c48425ef4a7,https://www.inaturalist.org/observations/314514840,,Washington,48.473274,-121.062119,,,,2025-09-13T10:51:55,2025,HUMAN_OBSERVATION,iNaturalist,Observations,314514840,shortemi000,COORDINATE_ROUNDED;CONTINENT_DERIVED_FROM_COORDINATES;TAXON_ID_NOT_FOUND
5830897589,50c9509d-22c7-4a22-a47d-8c48425ef4a7,https://www.inaturalist.org/observations/315309245,,Washington,48.844243,-121.687127,,,,2025-09-19T12:28:57,2025,HUMAN_OBSERVATION,iNaturalist,Observations,315309245,Merrill Peterson,COORDINATE_ROUNDED;CONTINENT_DERIVED_FROM_COORDINATES;TAXON_ID_NOT_FOUND
5830889573,50c9509d-22c7-4a22-a47d-8c48425ef4a7,https://www.inaturalist.org/observations/315436902,,Washington,48.510978,-120.733912,4.0,,,2025-09-20T13:40:12,2025,HUMAN_OBSERVATION,iNaturalist,Observations,315436902,jareddodson,COORDINATE_ROUNDED;CONTINENT_DERIVED_FROM_COORDINATES;TAXON_ID_NOT_FOUND
5830889372,50c9509d-22c7-4a22-a47d-8c48425ef4a7,https://www.inaturalist.org/observations/315098179,,Washington,46.919742,-121.585079,145.0,,,2025-09-12T16:11:30,2025,HUMAN_OBSERVATION,iNaturalist,Observations,315098179,kodaj,COORDINATE_ROUNDED;CONTINENT_DERIVED_FROM_COORDINATES;TAXON_ID_NOT_FOUND
5830798649,50c9509d-22c7-4a22-a47d-8c48425ef4a7,https://www.inaturalist.org/observations/315904887,,Washington,46.919141,-121.662361,8.0,,,2025-09-20T08:04,2025,HUMAN_OBSERVATION,iNaturalist,Observations,315904887,Ryan Shaw,COORDINATE_ROUNDED;CONTINENT_DERIVED_FROM_COORDINATES;TAXON_ID_NOT_FOUND
5830738215,50c9509d-22c7-4a22-a47d-8c48425ef4a7,https://www.inaturalist.org/observations/315286046,,Washington,46.806916,-121.81205,,,,2025-09-19T13:37:48,2025,HUMAN_OBSERVATION,iNaturalist,Observations,315286046,gary_petro,COORDINATE_ROUNDED;CONTINENT_DERIVED_FROM_COORDINATES;TAXON_ID_NOT_FOUND
5830708965,50c9509d-22c7-4a22-a47d-8c48425ef4a7,https://www.inaturalist.org/observations/315055842,,Washington,48.710374,-121.096486,31.0,,,2019-06-05T08:33,2019,HUMAN_OBSERVATION,iNaturalist,Observations,315055842,Victor Burgett,COORDINATE_ROUNDED;CONTINENT_DERIVED_FROM_COORDINATES;TAXON_ID_NOT_FOUND
5830657413,50c9509d-22c7-4a22-a47d-8c48425ef4a7,https://www.inaturalist.org/observations/315330792,,Washington,47.433785,-121.402506,15.0,,,2025-09-14T17:57,2025,HUMAN_OBSERVATION,iNaturalist,Observations,315330792,song_dog,COORDINATE_ROUNDED;CONTINENT_DERIVED_FROM_COORDINATES;TAXON_ID_NOT_FOUND
5830637468,50c9509d-22c7-4a22-a47d-8c48425ef4a7,https://www.inaturalist.org/observations/315904890,,Washington,46.91926,-121.663092,15.0,,,2025-09-20T08:05,2025,HUMAN_OBSERVATION,iNaturalist,Observations,315904890,Ryan Shaw,COORDINATE_ROUNDED;CONTINENT_DERIVED_FROM_COORDINATES;TAXON_ID_NOT_FOUND
5830637263,50c9509d-22c7-4a22-a47d-8c48425ef4a7,https://www.inaturalist.org/observations/315096920,,Washington,47.460451,-121.369226,4.0,,,2025-09-19T11:50:22,2025,HUMAN_OBSERVATION,iNaturalist,Observations,315096920,jackson200,COORDINATE_ROUNDED;CONTINENT_DERIVED_FROM_COORDINATES;TAXON_ID_NOT_FOUND
5830597221,50c9509d-22c7-4a22-a47d-8c48425ef4a7,https://www.inaturalist.org/observations/314587677,,Washington,47.466928,-121.447957,4.0,,,2025-09-12T22:57,2025,HUMAN_OBSERVATION,iNaturalist,Observations,314587677,kindjay,COORDINATE_ROUNDED;CONTINENT_DERIVED_FROM_COORDINATES;TAXON_ID_NOT_FOUND
5830543077,50c9509d-22c7-4a22-a47d-8c48425ef4a7,https://www.inaturalist.org/observations/314587676,,Washington,47.467393,-121.448294,8.0,,,2025-09-12T22:55,2025,HUMAN_OBSERVATION,iNaturalist,Observations,314587676,kindjay,COORDINATE_ROUNDED;CONTINENT_DERIVED_FROM_COORDINATES;TAXON_ID_NOT_FOUND
5830468811,50c9509d-22c7-4a22-a47d-8c48425ef4a7,https://www.inaturalist.org/observations/315321686,,Washington,48.818899,-121.945582,76.0,,,2020-08-24T01:04,2020,HUMAN_OBSERVATION,iNaturalist,Observations,315321686,Victor Burgett,COORDINATE_ROUNDED;CONTINENT_DERIVED_FROM_COORDINATES;TAXON_ID_NOT_FOUND
5830429414,50c9509d-22c7-4a22-a47d-8c48425ef4a7,https://www.inaturalist.org/observations/315047742,,Washington,47.440025,-121.386522,4.0,,,2025-09-19T10:06:27,2025,HUMAN_OBSERVATION,iNaturalist,Observations,315047742,jackson200,COORDINATE_ROUNDED;CONTINENT_DERIVED_FROM_COORDINATES;TAXON_ID_NOT_FOUND
5830414872,50c9509d-22c7-4a22-a47d-8c48425ef4a7,https://www.inaturalist.org/observations/239292181,,Washington,46.792196,-121.780316,,,,2023-09-09T12:54:58,2023,HUMAN_OBSERVATION,iNaturalist,Observations,239292181,Alexandra Mariani,COORDINATE_ROUNDED;CONTINENT_DERIVED_FROM_COORDINATES;TAXON_ID_NOT_FOUND
5830413618,50c9509d-22c7-4a22-a47d-8c48425ef4a7,https://www.inaturalist.org/observations/304154890,,Washington,47.46179,-121.44705,,,,2025-08-05T13:49:39,2025,HUMAN_OBSERVATION,iNaturalist,Observations,304154890,Mike,COORDINATE_ROUNDED;CONTINENT_DERIVED_FROM_COORDINATES;TAXON_ID_NOT_FOUND
5830407343,50c9509d-22c7-4a22-a47d-8c48425ef4a7,https://www.inaturalist.org/observations/315096909,,Washington,47.459571,-121.369154,4.0,,,2025-09-19T11:11:07,2025,HUMAN_OBSERVATION,iNaturalist,Observations,315096909,jackson200,COORDINATE_ROUNDED;CONTINENT_DERIVED_FROM_COORDINATES;TAXON_ID_NOT_FOUND
5830335027,50c9509d-22c7-4a22-a47d-8c48425ef4a7,https://www.inaturalist.org/observations/315294269,,Washington,47.424362,-121.52948,2.0,,,2025-09-19T10:21:20,2025,HUMAN_OBSERVATION,iNaturalist,Observations,315294269,cascadecat,COORDINATE_ROUNDED;CONTINENT_DERIVED_FROM_COORDINATES;TAXON_ID_NOT_FOUND
5828849468,50c9509d-22c7-4a22-a47d-8c48425ef4a7,https://www.inaturalist.org/observations/311840387,,Washington,47.04012,-121.499213,4.0,,,2025-09-04T10:26:32,2025,HUMAN_OBSERVATION,iNaturalist,Observations,311840387,dbshark,COORDINATE_ROUNDED;CONTINENT_DERIVED_FROM_COORDINATES;TAXON_ID_NOT_FOUND
5828816026,50c9509d-22c7-4a22-a47d-8c48425ef4a7,https://www.inaturalist.org/observations/311587284,,Washington,46.919252,-121.661352,,,,2025-08-23T08:19,2025,HUMAN_OBSERVATION,iNaturalist,Observations,311587284,Dominic Gentilcore,COORDINATE_ROUNDED;CONTINENT_DERIVED_FROM_COORDINATES;TAXON_ID_NOT_FOUND
5828726994,50c9509d-22c7-4a22-a47d-8c48425ef4a7,https://www.inaturalist.org/observations/313227563,,Washington,47.452647,-121.408745,,,,2025-09-10T15:05,2025,HUMAN_OBSERVATION,iNaturalist,Observations,313227563,Eric Jain,CONTINENT_DERIVED_FROM_COORDINATES;TAXON_ID_NOT_FOUND
5828621142,50c9509d-22c7-4a22-a47d-8c48425ef4a7,https://www.inaturalist.org/observations/313227582,,Washington,47.444323,-121.405584,,,,2025-09-10T16:05,2025,HUMAN_OBSERVATION,iNaturalist,Observations,313227582,Eric Jain,CONTINENT_DERIVED_FROM_COORDINATES;TAXON_ID_NOT_FOUND
5828449572,50c9509d-22c7-4a22-a47d-8c48425ef4a7,https://www.inaturalist.org/observations/312281867,,Washington,46.274788,-121.589163,4.0,,,2025-09-06T16:57:22,2025,HUMAN_OBSERVATION,iNaturalist,Observations,312281867,Zac Cota,COORDINATE_ROUNDED;CONTINENT_DERIVED_FROM_COORDINATES;TAXON_ID_NOT_FOUND
5828407911,50c9509d-22c7-4a22-a47d-8c48425ef4a7,https://www.inaturalist.org/observations/311161970,,Washington,46.919464,-121.660398,160.0,,,2025-09-01T18:05:12,2025,HUMAN_OBSERVATION,iNaturalist,Observations,311161970,glyf,COORDINATE_ROUNDED;CONTINENT_DERIVED_FROM_COORDINATES;TAXON_ID_NOT_FOUND
5828307407,50c9509d-22c7-4a22-a47d-8c48425ef4a7,https://www.inaturalist.org/observations/314274945,,Washington,48.824288,-121.729567,,,,2025-09-15T15:38:52,2025,HUMAN_OBSERVATION,iNaturalist,Observations,314274945,rozzle,COORDINATE_ROUNDED;CONTINENT_DERIVED_FROM_COORDINATES;TAXON_ID_NOT_FOUND
5828055346,50c9509d-22c7-4a22-a47d-8c48425ef4a7,https://www.inaturalist.org/observations/312112727,,Washington,48.858116,-121.811774,,,,2025-09-06T14:56,2025,HUMAN_OBSERVATION,iNaturalist,Observations,312112727,wweellll,COORDINATE_ROUNDED;CONTINENT_DERIVED_FROM_COORDINATES;TAXON_ID_NOT_FOUND
5828014007,50c9509d-22c7-4a22-a47d-8c48425ef4a7,https://www.inaturalist.org/observations/312921520,,Washington,47.434933,-121.400969,5.0,,,2025-09-08T13:24,2025,HUMAN_OBSERVATION,iNaturalist,Observations,312921520,James H. Thomas,COORDINATE_ROUNDED;CONTINENT_DERIVED_FROM_COORDINATES;TAXON_ID_NOT_FOUND
5827991602,50c9509d-22c7-4a22-a47d-8c48425ef4a7,https://www.inaturalist.org/observations/311200946,,Washington,48.830905,-121.726378,3496.0,,,2025-08-24T19:00,2025,HUMAN_OBSERVATION,iNaturalist,Observations,311200946,Alan Zhu,COORDINATE_ROUNDED;CONTINENT_DERIVED_FROM_COORDINATES;TAXON_ID_NOT_FOUND
5827881558,50c9509d-22c7-4a22-a47d-8c48425ef4a7,https://www.inaturalist.org/observations/313436712,,Washington,47.418643,-121.558516,182.0,,,2025-09-12T13:41:52,2025,HUMAN_OBSERVATION,iNaturalist,Observations,313436712,maggijohnson,COORDINATE_ROUNDED;CONTINENT_DERIVED_FROM_COORDINATES;TAXON_ID_NOT_FOUND
5827830597,50c9509d-22c7-4a22-a47d-8c48425ef4a7,https://www.inaturalist.org/observations/311846210,,Washington,48.0184,-121.443838,,,,2025-07-12T07:35,2025,HUMAN_OBSERVATION,iNaturalist,Observations,311846210,Sean Haight,COORDINATE_ROUNDED;CONTINENT_DERIVED_FROM_COORDINATES;TAXON_ID_NOT_FOUND
5827803411,50c9509d-22c7-4a22-a47d-8c48425ef4a7,https://www.inaturalist.org/observations/314038895,,Washington,46.86092,-121.705628,,,,2025-09-13T09:08,2025,HUMAN_OBSERVATION,iNaturalist,Observations,314038895,Jessica Schmitt,COORDINATE_ROUNDED;CONTINENT_DERIVED_FROM_COORDINATES;TAXON_ID_NOT_FOUND
5827670135,50c9509d-22c7-4a22-a47d-8c48425ef4a7,https://www.inaturalist.org/observations/312499905,,Washington,48.010525,-121.496979,,,,2025-09-07T19:10:55,2025,HUMAN_OBSERVATION,iNaturalist,Observations,312499905,natetreat,COORDINATE_ROUNDED;CONTINENT_DERIVED_FROM_COORDINATES;TAXON_ID_NOT_FOUND
5827662319,50c9509d-22c7-4a22-a47d-8c48425ef4a7,https://www.inaturalist.org/observations/314259233,,Washington,47.461372,-121.446813,8.0,,,2025-09-12T12:49,2025,HUMAN_OBSERVATION,iNaturalist,Observations,314259233,kindjay,COORDINATE_ROUNDED;CONTINENT_DERIVED_FROM_COORDINATES;TAXON_ID_NOT_FOUND
5827516080,50c9509d-22c7-4a22-a47d-8c48425ef4a7,https://www.inaturalist.org/observations/312037985,,Washington,46.757755,-121.735345,4.0,,,2025-09-05T09:20:41,2025,HUMAN_OBSERVATION,iNaturalist,Observations,312037985,nodnarbmirp,CONTINENT_DERIVED_FROM_COORDINATES;TAXON_ID_NOT_FOUND
5827454729,50c9509d-22c7-4a22-a47d-8c48425ef4a7,https://www.inaturalist.org/observations/312580579,,Washington,47.438,-121.385461,5.0,,,2025-09-08T11:48,2025,HUMAN_OBSERVATION,iNaturalist,Observations,312580579,James H. Thomas,COORDINATE_ROUNDED;CONTINENT_DERIVED_FROM_COORDINATES;TAXON_ID_NOT_FOUND
5827437137,50c9509d-22c7-4a22-a47d-8c48425ef4a7,https://www.inaturalist.org/observations/313844137,,Washington,47.61233,-121.137038,,,,2025-09-13T14:28,2025,HUMAN_OBSERVATION,iNaturalist,Observations,313844137,Andrew,COORDINATE_ROUNDED;CONTINENT_DERIVED_FROM_COORDINATES;TAXON_ID_NOT_FOUND
5827390742,50c9509d-22c7-4a22-a47d-8c48425ef4a7,https://www.inaturalist.org/observations/314164680,,Washington,47.439216,-121.385992,8.0,,,2025-09-14T14:13,2025,HUMAN_OBSERVATION,iNaturalist,Observations,314164680,song_dog,COORDINATE_ROUNDED;CONTINENT_DERIVED_FROM_COORDINATES;TAXON_ID_NOT_FOUND
5761164926,50c9509d-22c7-4a22-a47d-8c48425ef4a7,https://www.inaturalist.org/observations/308404605,,Washington,48.960978,-117.09593,8.0,,,2025-08-22T10:00,2025,HUMAN_OBSERVATION,iNaturalist,Observations,308404605,Dave Drum,COORDINATE_ROUNDED;CONTINENT_DERIVED_FROM_COORDINATES;TAXON_ID_NOT_FOUND
5761162188,50c9509d-22c7-4a22-a47d-8c48425ef4a7,https://www.inaturalist.org/observations/308330850,,Washington,48.47357,-121.06222,5.0,,,2025-08-21T10:44,2025,HUMAN_OBSERVATION,iNaturalist,Observations,308330850,Alex Willett,CONTINENT_DERIVED_FROM_COORDINATES;TAXON_ID_NOT_FOUND
5761141005,50c9509d-22c7-4a22-a47d-8c48425ef4a7,https://www.inaturalist.org/observations/308404603,,Washington,48.960959,-117.095943,61.0,,,2025-08-22T09:41,2025,HUMAN_OBSERVATION,iNaturalist,Observations,308404603,Dave Drum,COORDINATE_ROUNDED;CONTINENT_DERIVED_FROM_COORDINATES;TAXON_ID_NOT_FOUND
5761134453,50c9509d-22c7-4a22-a47d-8c48425ef4a7,https://www.inaturalist.org/observations/310686507,,Washington,46.907935,-121.666183,10.0,,,2025-08-30T10:43,2025,HUMAN_OBSERVATION,iNaturalist,Observations,310686507,Pierce Louderback,COORDINATE_ROUNDED;CONTINENT_DERIVED_FROM_COORDINATES;TAXON_ID_NOT_FOUND
5761046773,50c9509d-22c7-4a22-a47d-8c48425ef4a7,https://www.inaturalist.org/observations/308860719,,Washington,47.625633,-121.126273,,,,2025-08-23T11:13:26,2025,HUMAN_OBSERVATION,iNaturalist,Observations,308860719,Andrew,COORDINATE_ROUNDED;CONTINENT_DERIVED_FROM_COORDINATES;TAXON_ID_NOT_FOUND
5761037787,50c9509d-22c7-4a22-a47d-8c48425ef4a7,https://www.inaturalist.org/observations/310155706,,Washington,48.018422,-121.443814,,,,2023-07-01T17:42:30,2023,HUMAN_OBSERVATION,iNaturalist,Observations,310155706,Alex Burch,COORDINATE_ROUNDED;CONTINENT_DERIVED_FROM_COORDINATES;TAXON_ID_NOT_FOUND
5760925349,50c9509d-22c7-4a22-a47d-8c48425ef4a7,https://www.inaturalist.org/observations/308327259,,Washington,47.610716,-121.331656,,,,2025-08-22T13:19:22,2025,HUMAN_OBSERVATION,iNaturalist,Observations,308327259,Roger Peet,COORDINATE_ROUNDED;CONTINENT_DERIVED_FROM_COORDINATES;TAXON_ID_NOT_FOUND
5760891060,50c9509d-22c7-4a22-a47d-8c48425ef4a7,https://www.inaturalist.org/observations/308098499,,Washington,46.76249,-121.733527,,,,2025-08-20T11:20:41,2025,HUMAN_OBSERVATION,iNaturalist,Observations,308098499,Dr-R-Lorenzana,COORDINATE_ROUNDED;CONTINENT_DERIVED_FROM_COORDINATES;TAXON_ID_NOT_FOUND
5760867923,50c9509d-22c7-4a22-a47d-8c48425ef4a7,https://www.inaturalist.org/observations/310127001,,Washington,47.470801,-121.454485,4.0,,,2025-08-22T08:43:24,2025,HUMAN_OBSERVATION,iNaturalist,Observations,310127001,jackson200,COORDINATE_ROUNDED;CONTINENT_DERIVED_FROM_COORDINATES;TAXON_ID_NOT_FOUND
5760839808,50c9509d-22c7-4a22-a47d-8c48425ef4a7,https://www.inaturalist.org/observations/308581328,,Washington,47.453531,-121.436282,4.0,,,2025-08-22T07:08:29,2025,HUMAN_OBSERVATION,iNaturalist,Observations,308581328,jackson200,COORDINATE_ROUNDED;CONTINENT_DERIVED_FROM_COORDINATES;TAXON_ID_NOT_FOUND
5760836427,50c9509d-22c7-4a22-a47d-8c48425ef4a7,https://www.inaturalist.org/observations/308491478,,Washington,45.935914,-121.763876,1048.0,,,2025-08-22T07:35:15,2025,HUMAN_OBSERVATION,iNaturalist,Observations,308491478,cornflakerabbit,COORDINATE_ROUNDED;CONTINENT_DERIVED_FROM_COORDINATES;TAXON_ID_NOT_FOUND
5760783823,50c9509d-22c7-4a22-a47d-8c48425ef4a7,https://www.inaturalist.org/observations/309629557,,Washington,47.667392,-121.122776,,,,2025-08-21T09:15:54,2025,HUMAN_OBSERVATION,iNaturalist,Observations,309629557,Andrew,COORDINATE_ROUNDED;CONTINENT_DERIVED_FROM_COORDINATES;TAXON_ID_NOT_FOUND
5760743474,50c9509d-22c7-4a22-a47d-8c48425ef4a7,https://www.inaturalist.org/observations/310127032,,Washington,47.472413,-121.458713,4.0,,,2025-08-22T09:03:22,2025,HUMAN_OBSERVATION,iNaturalist,Observations,310127032,jackson200,COORDINATE_ROUNDED;CONTINENT_DERIVED_FROM_COORDINATES;TAXON_ID_NOT_FOUND
5760702473,50c9509d-22c7-4a22-a47d-8c48425ef4a7,https://www.inaturalist.org/observations/308934457,,Washington,46.764238,-121.703645,1.0,,,2025-08-21T13:49:31,2025,HUMAN_OBSERVATION,iNaturalist,Observations,308934457,Zachary Sun Monen,COORDINATE_ROUNDED;CONTINENT_DERIVED_FROM_COORDINATES;TAXON_ID_NOT_FOUND
5760687816,50c9509d-22c7-4a22-a47d-8c48425ef4a7,https://www.inaturalist.org/observations/309664091,,Washington,48.469755,-121.059791,13.0,,,2025-07-25T15:34,2025,HUMAN_OBSERVATION,iNaturalist,Observations,309664091,Sydney Gerig,COORDINATE_ROUNDED;CONTINENT_DERIVED_FROM_COORDINATES;TAXON_ID_NOT_FOUND
5760559748,50c9509d-22c7-4a22-a47d-8c48425ef4a7,https://www.inaturalist.org/observations/310083362,,Washington,47.675613,-121.12702,,,,2025-08-20T13:30:10,2025,HUMAN_OBSERVATION,iNaturalist,Observations,310083362,Andrew,COORDINATE_ROUNDED;CONTINENT_DERIVED_FROM_COORDINATES;TAXON_ID_NOT_FOUND
5760514715,50c9509d-22c7-4a22-a47d-8c48425ef4a7,https://www.inaturalist.org/observations/308330825,,Washington,48.46838,-121.05951,1.0,,,2025-08-21T11:43,2025,HUMAN_OBSERVATION,iNaturalist,Observations,308330825,Alex Willett,CONTINENT_DERIVED_FROM_COORDINATES;TAXON_ID_NOT_FOUND
5760503312,50c9509d-22c7-4a22-a47d-8c48425ef4a7,https://www.inaturalist.org/observations/306835940,,Washington,46.938258,-121.595511,5.0,,,2025-08-15T11:32,2025,HUMAN_OBSERVATION,iNaturalist,Observations,306835940,James H. Thomas,COORDINATE_ROUNDED;CONTINENT_DERIVED_FROM_COORDINATES;TAXON_ID_NOT_FOUND
5760489749,50c9509d-22c7-4a22-a47d-8c48425ef4a7,https://www.inaturalist.org/observations/309264145,,Washington,46.917013,-121.669508,4.0,,,2025-08-25T10:56:55,2025,HUMAN_OBSERVATION,iNaturalist,Observations,309264145,Lucid,COORDINATE_ROUNDED;CONTINENT_DERIVED_FROM_COORDINATES;TAXON_ID_NOT_FOUND
5760416035,50c9509d-22c7-4a22-a47d-8c48425ef4a7,https://www.inaturalist.org/observations/308858715,,Washington,47.623449,-121.131308,,,,2025-08-23T11:41,2025,HUMAN_OBSERVATION,iNaturalist,Observations,308858715,Andrew,COORDINATE_ROUNDED;CONTINENT_DERIVED_FROM_COORDINATES;TAXON_ID_NOT_FOUND
5760333072,50c9509d-22c7-4a22-a47d-8c48425ef4a7,https://www.inaturalist.org/observations/307654400,,Washington,47.456008,-121.440688,2000.0,,,2025-08-19T12:48:55,2025,HUMAN_OBSERVATION,iNaturalist,Observations,307654400,kailavinder,COORDINATE_ROUNDED;CONTINENT_DERIVED_FROM_COORDINATES;TAXON_ID_NOT_FOUND
5760326678,50c9509d-22c7-4a22-a47d-8c48425ef4a7,https://www.inaturalist.org/observations/310127040,,Washington,47.478919,-121.476367,4.0,,,2025-08-22T11:59:25,2025,HUMAN_OBSERVATION,iNaturalist,Observations,310127040,jackson200,COORDINATE_ROUNDED;CONTINENT_DERIVED_FROM_COORDINATES;TAXON_ID_NOT_FOUND
5760317176,50c9509d-22c7-4a22-a47d-8c48425ef4a7,https://www.inaturalist.org/observations/307664424,,Washington,47.439917,-121.386519,,,,2025-08-19T10:46:31,2025,HUMAN_OBSERVATION,iNaturalist,Observations,307664424,Jacob T,COORDINATE_ROUNDED;CONTINENT_DERIVED_FROM_COORDINATES;TAXON_ID_NOT_FOUND
5760281683,50c9509d-22c7-4a22-a47d-8c48425ef4a7,https://www.inaturalist.org/observations/308330927,,Washington,48.4732,-121.06207,5.0,,,2025-08-21T10:50,2025,HUMAN_OBSERVATION,iNaturalist,Observations,308330927,Alex Willett,CONTINENT_DERIVED_FROM_COORDINATES;TAXON_ID_NOT_FOUND
5760244614,50c9509d-22c7-4a22-a47d-8c48425ef4a7,https://www.inaturalist.org/observations/307869721,,Washington,45.838901,-122.061657,843.0,,,2025-08-17T12:44:16,2025,HUMAN_OBSERVATION,iNaturalist,Observations,307869721,Sean Coogan,COORDINATE_ROUNDED;CONTINENT_DERIVED_FROM_COORDINATES;TAXON_ID_NOT_FOUND
5760237264,50c9509d-22c7-4a22-a47d-8c48425ef4a7,https://www.inaturalist.org/observations/310127008,,Washington,47.472238,-121.456939,4.0,,,2025-08-22T08:57:16,2025,HUMAN_OBSERVATION,iNaturalist,Observations,310127008,jackson200,COORDINATE_ROUNDED;CONTINENT_DERIVED_FROM_COORDINATES;TAXON_ID_NOT_FOUND
5760229280,50c9509d-22c7-4a22-a47d-8c48425ef4a7,https://www.inaturalist.org/observations/308246047,,Washington,48.845774,-121.714805,34.0,,,2025-08-21T08:58:45,2025,HUMAN_OBSERVATION,iNaturalist,Observations,308246047,nodnarbmirp,COORDINATE_ROUNDED;CONTINENT_DERIVED_FROM_COORDINATES;TAXON_ID_NOT_FOUND
5760189996,50c9509d-22c7-4a22-a47d-8c48425ef4a7,https://www.inaturalist.org/observations/308485163,,Washington,46.79498,-121.716186,200.0,,,2002-09-14T17:17,2002,HUMAN_OBSERVATION,iNaturalist,Observations,308485163,Michael G. Shepard,COORDINATE_ROUNDED;CONTINENT_DERIVED_FROM_COORDINATES;TAXON_ID_NOT_FOUND
5760170337,50c9509d-22c7-4a22-a47d-8c48425ef4a7,https://www.inaturalist.org/observations/308100304,,Washington,47.424629,-121.530271,,,,2025-08-21T11:15:05,2025,HUMAN_OBSERVATION,iNaturalist,Observations,308100304,Mike,COORDINATE_ROUNDED;CONTINENT_DERIVED_FROM_COORDINATES;TAXON_ID_NOT_FOUND
5760162439,50c9509d-22c7-4a22-a47d-8c48425ef4a7,https://www.inaturalist.org/observations/308256203,,Washington,46.486447,-121.455472,,,,2025-08-21T08:54:05,2025,HUMAN_OBSERVATION,iNaturalist,Observations,308256203,Rob Schanz,COORDINATE_ROUNDED;CONTINENT_DERIVED_FROM_COORDINATES;TAXON_ID_NOT_FOUND
5760159437,50c9509d-22c7-4a22-a47d-8c48425ef4a7,https://www.inaturalist.org/observations/309663991,,Washington,48.473059,-121.06207,25.0,,,2025-07-25T11:13,2025,HUMAN_OBSERVATION,iNaturalist,Observations,309663991,Sydney Gerig,COORDINATE_ROUNDED;CONTINENT_DERIVED_FROM_COORDINATES;TAXON_ID_NOT_FOUND
5760100094,50c9509d-22c7-4a22-a47d-8c48425ef4a7,https://www.inaturalist.org/observations/309663937,,Washington,48.478691,-121.069118,42.0,,,2025-07-25T10:27,2025,HUMAN_OBSERVATION,iNaturalist,Observations,309663937,Sydney Gerig,COORDINATE_ROUNDED;CONTINENT_DERIVED_FROM_COORDINATES;TAXON_ID_NOT_FOUND
5760085021,50c9509d-22c7-4a22-a47d-8c48425ef4a7,https://www.inaturalist.org/observations/308202271,,Washington,48.061672,-121.812417,5.0,,,2025-08-21T14:03,2025,HUMAN_OBSERVATION,iNaturalist,Observations,308202271,James H. Thomas,COORDINATE_ROUNDED;CONTINENT_DERIVED_FROM_COORDINATES;TAXON_ID_NOT_FOUND
5760082324,50c9509d-22c7-4a22-a47d-8c48425ef4a7,https://www.inaturalist.org/observations/310792359,,Washington,48.50373,-120.73677,2640.0,,,2025-08-31T10:15:37,2025,HUMAN_OBSERVATION,iNaturalist,Observations,310792359,mmjohn00,COORDINATE_ROUNDED;CONTINENT_DERIVED_FROM_COORDINATES;TAXON_ID_NOT_FOUND
5760068694,50c9509d-22c7-4a22-a47d-8c48425ef4a7,https://www.inaturalist.org/observations/310126995,,Washington,47.466737,-121.447929,4.0,,,2025-08-22T08:15:24,2025,HUMAN_OBSERVATION,iNaturalist,Observations,310126995,jackson200,COORDINATE_ROUNDED;CONTINENT_DERIVED_FROM_COORDINATES;TAXON_ID_NOT_FOUND
5759966118,50c9509d-22c7-4a22-a47d-8c48425ef4a7,https://www.inaturalist.org/observations/309264081,,Washington,46.919175,-121.665185,4.0,,,2025-08-25T10:25:07,2025,HUMAN_OBSERVATION,iNaturalist,Observations,309264081,Lucid,COORDINATE_ROUNDED;CONTINENT_DERIVED_FROM_COORDINATES;TAXON_ID_NOT_FOUND
5759965460,50c9509d-22c7-4a22-a47d-8c48425ef4a7,https://www.inaturalist.org/observations/308328982,,Washington,46.758042,-121.735283,4.0,,,2025-08-22T11:38:02,2025,HUMAN_OBSERVATION,iNaturalist,Observations,308328982,Tony Ernst,COORDINATE_ROUNDED;CONTINENT_DERIVED_FROM_COORDINATES;TAXON_ID_NOT_FOUND
5759942586,50c9509d-22c7-4a22-a47d-8c48425ef4a7,https://www.inaturalist.org/observations/309664056,,Washington,48.469814,-121.053514,8.0,,,2025-07-25T12:28,2025,HUMAN_OBSERVATION,iNaturalist,Observations,309664056,Sydney Gerig,COORDINATE_ROUNDED;CONTINENT_DERIVED_FROM_COORDINATES;TAXON_ID_NOT_FOUND
5759880359,50c9509d-22c7-4a22-a47d-8c48425ef4a7,https://www.inaturalist.org/observations/309246154,,Washington,46.91912,-121.664368,,,,2025-08-25T10:30,2025,HUMAN_OBSERVATION,iNaturalist,Observations,309246154,encryptidomen,COORDINATE_ROUNDED;CONTINENT_DERIVED_FROM_COORDINATES;TAXON_ID_NOT_FOUND
5759838464,50c9509d-22c7-4a22-a47d-8c48425ef4a7,https://www.inaturalist.org/observations/308599937,,Washington,46.507732,-121.480814,122.0,,,2025-08-08,2025,HUMAN_OBSERVATION,iNaturalist,Observations,308599937,Nadia Fay,COORDINATE_ROUNDED;CONTINENT_DERIVED_FROM_COORDINATES;TAXON_ID_NOT_FOUND
5759821889,50c9509d-22c7-4a22-a47d-8c48425ef4a7,https://www.inaturalist.org/observations/308100456,,Washington,47.424364,-121.529528,,,,2025-08-21T11:11:35,2025,HUMAN_OBSERVATION,iNaturalist,Observations,308100456,Mike,COORDINATE_ROUNDED;CONTINENT_DERIVED_FROM_COORDINATES;TAXON_ID_NOT_FOUND
5759731752,50c9509d-22c7-4a22-a47d-8c48425ef4a7,https://www.inaturalist.org/observations/310126984,,Washington,47.461112,-121.446681,4.0,,,2025-08-22T07:54:13,2025,HUMAN_OBSERVATION,iNaturalist,Observations,310126984,jackson200,COORDINATE_ROUNDED;CONTINENT_DERIVED_FROM_COORDINATES;TAXON_ID_NOT_FOUND
5759609344,50c9509d-22c7-4a22-a47d-8c48425ef4a7,https://www.inaturalist.org/observations/310212245,,Washington,46.920876,-121.65393,1317.0,,,2023-07-31T17:18,2023,HUMAN_OBSERVATION,iNaturalist,Observations,310212245,rwanguba,COORDINATE_ROUNDED;CONTINENT_DERIVED_FROM_COORDINATES;TAXON_ID_NOT_FOUND
5759533730,50c9509d-22c7-4a22-a47d-8c48425ef4a7,https://www.inaturalist.org/observations/308042716,,Washington,46.919211,-121.664839,110.0,,,2025-07-24,2025,HUMAN_OBSERVATION,iNaturalist,Observations,308042716,Xueli Xie,COORDINATE_ROUNDED;CONTINENT_DERIVED_FROM_COORDINATES;TAXON_ID_NOT_FOUND
5759522374,50c9509d-22c7-4a22-a47d-8c48425ef4a7,https://www.inaturalist.org/observations/309630909,,Washington,47.675768,-121.126487,,,,2025-08-21T08:27:08,2025,HUMAN_OBSERVATION,iNaturalist,Observations,309630909,Andrew,COORDINATE_ROUNDED;CONTINENT_DERIVED_FROM_COORDINATES;TAXON_ID_NOT_FOUND
5759498184,50c9509d-22c7-4a22-a47d-8c48425ef4a7,https://www.inaturalist.org/observations/310689471,,Washington,46.876865,-121.724783,26935.0,,,2025-08-31T21:40:42,2025,HUMAN_OBSERVATION,iNaturalist,Observations,310689471,Collier Sparks,COORDINATE_ROUNDED;CONTINENT_DERIVED_FROM_COORDINATES;TAXON_ID_NOT_FOUND
5293320954,50c9509d-22c7-4a22-a47d-8c48425ef4a7,https://www.inaturalist.org/observations/306519675,,Washington,46.792678,-121.728797,4.0,,,2025-08-14T13:40:48,2025,HUMAN_OBSERVATION,iNaturalist,Observations,306519675,Trent Baker,COORDINATE_ROUNDED;CONTINENT_DERIVED_FROM_COORDINATES;TAXON_ID_NOT_FOUND
5293319126,50c9509d-22c7-4a22-a47d-8c48425ef4a7,https://www.inaturalist.org/observations/304875170,,Washington,47.675134,-121.128034,4.0,,,2025-08-08T13:34:55,2025,HUMAN_OBSERVATION,iNaturalist,Observations,304875170,jackson200,COORDINATE_ROUNDED;CONTINENT_DERIVED_FROM_COORDINATES;TAXON_ID_NOT_FOUND
5293316804,50c9509d-22c7-4a22-a47d-8c48425ef4a7,https://www.inaturalist.org/observations/304875173,,Washington,47.692579,-121.094105,4.0,,,2025-08-08T14:45:51,2025,HUMAN_OBSERVATION,iNaturalist,Observations,304875173,jackson200,COORDINATE_ROUNDED;CONTINENT_DERIVED_FROM_COORDINATES;TAXON_ID_NOT_FOUND
5293252474,50c9509d-22c7-4a22-a47d-8c48425ef4a7,https://www.inaturalist.org/observations/306595432,,Washington,48.957711,-117.078281,1059.0,,,2025-08-07T13:27,2025,HUMAN_OBSERVATION,iNaturalist,Observations,306595432,Liam Hutcheson,COORDINATE_ROUNDED;CONTINENT_DERIVED_FROM_COORDINATES;TAXON_ID_NOT_FOUND
5293249112,50c9509d-22c7-4a22-a47d-8c48425ef4a7,https://www.inaturalist.org/observations/304875052,,Washington,47.692868,-121.094187,4.0,,,2025-08-08T08:45:44,2025,HUMAN_OBSERVATION,iNaturalist,Observations,304875052,jackson200,COORDINATE_ROUNDED;CONTINENT_DERIVED_FROM_COORDINATES;TAXON_ID_NOT_FOUND
5293245017,50c9509d-22c7-4a22-a47d-8c48425ef4a7,https://www.inaturalist.org/observations/304121876,,Washington,47.455645,-121.440524,15.0,,,2025-08-05,2025,HUMAN_OBSERVATION,iNaturalist,Observations,304121876,Mike,COORDINATE_ROUNDED;CONTINENT_DERIVED_FROM_COORDINATES;TAXON_ID_NOT_FOUND
5293243421,50c9509d-22c7-4a22-a47d-8c48425ef4a7,https://www.inaturalist.org/observations/306635454,,Washington,46.917794,-121.655649,2838.0,,,2025-07-27T13:05:56,2025,HUMAN_OBSERVATION,iNaturalist,Observations,306635454,Rosie Green,COORDINATE_ROUNDED;CONTINENT_DERIVED_FROM_COORDINATES;TAXON_ID_NOT_FOUND
5293242122,50c9509d-22c7-4a22-a47d-8c48425ef4a7,https://www.inaturalist.org/observations/304875162,,Washington,47.681739,-121.119553,4.0,,,2025-08-08T09:35:47,2025,HUMAN_OBSERVATION,iNaturalist,Observations,304875162,jackson200,COORDINATE_ROUNDED;CONTINENT_DERIVED_FROM_COORDINATES;TAXON_ID_NOT_FOUND
5293230637,50c9509d-22c7-4a22-a47d-8c48425ef4a7,https://www.inaturalist.org/observations/306389068,,Washington,46.520113,-121.49778,2.0,,,2025-08-05T12:31:56,2025,HUMAN_OBSERVATION,iNaturalist,Observations,306389068,max_forster,COORDINATE_ROUNDED;CONTINENT_DERIVED_FROM_COORDINATES;TAXON_ID_NOT_FOUND
5293187148,50c9509d-22c7-4a22-a47d-8c48425ef4a7,https://www.inaturalist.org/observations/304121883,,Washington,47.461292,-121.446085,31.0,,,2025-08-05T12:25,2025,HUMAN_OBSERVATION,iNaturalist,Observations,304121883,Mike,COORDINATE_ROUNDED;CONTINENT_DERIVED_FROM_COORDINATES;TAXON_ID_NOT_FOUND
5293183932,50c9509d-22c7-4a22-a47d-8c48425ef4a7,https://www.inaturalist.org/observations/306733318,,Washington,46.919464,-121.586297,5.0,,,2025-08-15T09:59,2025,HUMAN_OBSERVATION,iNaturalist,Observations,306733318,James H. Thomas,COORDINATE_ROUNDED;CONTINENT_DERIVED_FROM_COORDINATES;TAXON_ID_NOT_FOUND
5293159580,50c9509d-22c7-4a22-a47d-8c48425ef4a7,https://www.inaturalist.org/observations/306412914,,Washington,46.938247,-121.595488,4.0,,,2025-08-14T15:52:21,2025,HUMAN_OBSERVATION,iNaturalist,Observations,306412914,Nick T.,COORDINATE_ROUNDED;CONTINENT_DERIVED_FROM_COORDINATES;TAXON_ID_NOT_FOUND
5293141193,50c9509d-22c7-4a22-a47d-8c48425ef4a7,https://www.inaturalist.org/observations/305690235,,Washington,47.461169,-121.445832,15.0,,,2025-08-08T17:16:19,2025,HUMAN_OBSERVATION,iNaturalist,Observations,305690235,Ben Borgmann-Winter,COORDINATE_ROUNDED;CONTINENT_DERIVED_FROM_COORDINATES;TAXON_ID_NOT_FOUND
5293113381,50c9509d-22c7-4a22-a47d-8c48425ef4a7,https://www.inaturalist.org/observations/306595418,,Washington,48.957711,-117.078281,1059.0,,,2025-08-07T12:45,2025,HUMAN_OBSERVATION,iNaturalist,Observations,306595418,Liam Hutcheson,COORDINATE_ROUNDED;CONTINENT_DERIVED_FROM_COORDINATES;TAXON_ID_NOT_FOUND
5293086236,50c9509d-22c7-4a22-a47d-8c48425ef4a7,https://www.inaturalist.org/observations/306602885,,Washington,46.640137,-121.392131,57.0,,,2025-07-29T11:29:20,2025,HUMAN_OBSERVATION,iNaturalist,Observations,306602885,Rosie Green,COORDINATE_ROUNDED;CONTINENT_DERIVED_FROM_COORDINATES;TAXON_ID_NOT_FOUND
5293073455,50c9509d-22c7-4a22-a47d-8c48425ef4a7,https://www.inaturalist.org/observations/307429870,,Washington,48.030088,-121.444051,,,,2025-08-18T14:33:14,2025,HUMAN_OBSERVATION,iNaturalist,Observations,307429870,Kate Turner,COORDINATE_ROUNDED;CONTINENT_DERIVED_FROM_COORDINATES;TAXON_ID_NOT_FOUND
5293022007,50c9509d-22c7-4a22-a47d-8c48425ef4a7,https://www.inaturalist.org/observations/305112661,,Washington,47.62313,-121.143189,4.0,,,2025-08-08T13:24:25,2025,HUMAN_OBSERVATION,iNaturalist,Observations,305112661,okamee,COORDINATE_ROUNDED;CONTINENT_DERIVED_FROM_COORDINATES;TAXON_ID_NOT_FOUND
5292994581,50c9509d-22c7-4a22-a47d-8c48425ef4a7,https://www.inaturalist.org/observations/306636906,,Washington,46.919179,-121.664436,54.0,,,2025-07-27T15:32:28,2025,HUMAN_OBSERVATION,iNaturalist,Observations,306636906,Rosie Green,COORDINATE_ROUNDED;CONTINENT_DERIVED_FROM_COORDINATES;TAXON_ID_NOT_FOUND
5292951352,50c9509d-22c7-4a22-a47d-8c48425ef4a7,https://www.inaturalist.org/observations/304875167,,Washington,47.67531,-121.127775,4.0,,,2025-08-08T10:03:28,2025,HUMAN_OBSERVATION,iNaturalist,Observations,304875167,jackson200,COORDINATE_ROUNDED;CONTINENT_DERIVED_FROM_COORDINATES;TAXON_ID_NOT_FOUND
5292945576,50c9509d-22c7-4a22-a47d-8c48425ef4a7,https://www.inaturalist.org/observations/306415941,,Washington,46.938392,-121.59552,14.0,,,2025-08-14T15:52:25,2025,HUMAN_OBSERVATION,iNaturalist,Observations,306415941,ekwerkwe,COORDINATE_ROUNDED;CONTINENT_DERIVED_FROM_COORDINATES;TAXON_ID_NOT_FOUND
5292944078,50c9509d-22c7-4a22-a47d-8c48425ef4a7,https://www.inaturalist.org/observations/306632927,,Washington,46.769642,-121.714857,57.0,,,2025-07-25T19:23:41,2025,HUMAN_OBSERVATION,iNaturalist,Observations,306632927,Rosie Green,COORDINATE_ROUNDED;CONTINENT_DERIVED_FROM_COORDINATES;TAXON_ID_NOT_FOUND
5292935623,50c9509d-22c7-4a22-a47d-8c48425ef4a7,https://www.inaturalist.org/observations/306387675,,Washington,47.980845,-121.462403,4.0,,,2025-08-13T08:55:09,2025,HUMAN_OBSERVATION,iNaturalist,Observations,306387675,jareddodson,COORDINATE_ROUNDED;CONTINENT_DERIVED_FROM_COORDINATES;TAXON_ID_NOT_FOUND
5292918327,50c9509d-22c7-4a22-a47d-8c48425ef4a7,https://www.inaturalist.org/observations/304121884,,Washington,47.461087,-121.446643,8.0,,,2025-08-05T12:34,2025,HUMAN_OBSERVATION,iNaturalist,Observations,304121884,Mike,COORDINATE_ROUNDED;CONTINENT_DERIVED_FROM_COORDINATES;TAXON_ID_NOT_FOUND
5292844561,50c9509d-22c7-4a22-a47d-8c48425ef4a7,https://www.inaturalist.org/observations/304875179,,Washington,47.69285,-121.094201,4.0,,,2025-08-08T14:48,2025,HUMAN_OBSERVATION,iNaturalist,Observations,304875179,jackson200,COORDINATE_ROUNDED;CONTINENT_DERIVED_FROM_COORDINATES;TAXON_ID_NOT_FOUND
5292650662,50c9509d-22c7-4a22-a47d-8c48425ef4a7,https://www.inaturalist.org/observations/304875169,,Washington,47.670524,-121.126392,4.0,,,2025-08-08T13:08:53,2025,HUMAN_OBSERVATION,iNaturalist,Observations,304875169,jackson200,COORDINATE_ROUNDED;CONTINENT_DERIVED_FROM_COORDINATES;TAXON_ID_NOT_FOUND
5292647837,50c9509d-22c7-4a22-a47d-8c48425ef4a7,https://www.inaturalist.org/observations/307208230,,Washington,47.343266,-121.441103,,,,2025-08-17T14:29,2025,HUMAN_OBSERVATION,iNaturalist,Observations,307208230,Eric Jain,CONTINENT_DERIVED_FROM_COORDINATES;TAXON_ID_NOT_FOUND
5292635833,50c9509d-22c7-4a22-a47d-8c48425ef4a7,https://www.inaturalist.org/observations/306552184,,Washington,48.46815,-121.058236,4.0,,,2025-08-12T10:49:15,2025,HUMAN_OBSERVATION,iNaturalist,Observations,306552184,dwebb27,COORDINATE_ROUNDED;CONTINENT_DERIVED_FROM_COORDINATES;TAXON_ID_NOT_FOUND
5292625562,50c9509d-22c7-4a22-a47d-8c48425ef4a7,https://www.inaturalist.org/observations/306162539,,Washington,48.83379,-121.604027,1697.0,,,2025-08-13T14:17,2025,HUMAN_OBSERVATION,iNaturalist,Observations,306162539,Al,COORDINATE_ROUNDED;CONTINENT_DERIVED_FROM_COORDINATES;TAXON_ID_NOT_FOUND
5292562205,50c9509d-22c7-4a22-a47d-8c48425ef4a7,https://www.inaturalist.org/observations/307136537,,Washington,46.924328,-121.656897,4.0,,,2025-08-17T09:24:33,2025,HUMAN_OBSERVATION,iNaturalist,Observations,307136537,josielm11,COORDINATE_ROUNDED;CONTINENT_DERIVED_FROM_COORDINATES;TAXON_ID_NOT_FOUND
5292486324,50c9509d-22c7-4a22-a47d-8c48425ef4a7,https://www.inaturalist.org/observations/306635938,,Washington,46.918262,-121.663962,1212.0,,,2025-07-27T14:40:23,2025,HUMAN_OBSERVATION,iNaturalist,Observations,306635938,Rosie Green,COORDINATE_ROUNDED;CONTINENT_DERIVED_FROM_COORDINATES;TAXON_ID_NOT_FOUND
5292474645,50c9509d-22c7-4a22-a47d-8c48425ef4a7,https://www.inaturalist.org/observations/307309885,,Washington,47.461017,-121.445992,4.0,,,2025-08-17T17:40:31,2025,HUMAN_OBSERVATION,iNaturalist,Observations,307309885,xizitro33,COORDINATE_ROUNDED;CONTINENT_DERIVED_FROM_COORDINATES;TAXON_ID_NOT_FOUND
5292457741,50c9509d-22c7-4a22-a47d-8c48425ef4a7,https://www.inaturalist.org/observations/306602846,,Washington,46.640178,-121.392242,104.0,,,2025-07-28T22:18:13,2025,HUMAN_OBSERVATION,iNaturalist,Observations,306602846,Rosie Green,COORDINATE_ROUNDED;CONTINENT_DERIVED_FROM_COORDINATES;TAXON_ID_NOT_FOUND
5292421142,50c9509d-22c7-4a22-a47d-8c48425ef4a7,https://www.inaturalist.org/observations/306641633,,Washington,46.587312,-121.39705,865.0,,,2020-07-26T17:52,2020,HUMAN_OBSERVATION,iNaturalist,Observations,306641633,kaeliswift,COORDINATE_ROUNDED;CONTINENT_DERIVED_FROM_COORDINATES;TAXON_ID_NOT_FOUND
5292413829,50c9509d-22c7-4a22-a47d-8c48425ef4a7,https://www.inaturalist.org/observations/305690199,,Washington,47.461164,-121.447851,24.0,,,2025-08-08T17:15:40,2025,HUMAN_OBSERVATION,iNaturalist,Observations,305690199,Ben Borgmann-Winter,COORDINATE_ROUNDED;CONTINENT_DERIVED_FROM_COORDINATES;TAXON_ID_NOT_FOUND
5292404007,50c9509d-22c7-4a22-a47d-8c48425ef4a7,https://www.inaturalist.org/observations/306595431,,Washington,48.958387,-117.077272,430.0,,,2025-08-07T13:25,2025,HUMAN_OBSERVATION,iNaturalist,Observations,306595431,Liam Hutcheson,COORDINATE_ROUNDED;CONTINENT_DERIVED_FROM_COORDINATES;TAXON_ID_NOT_FOUND
5292313070,50c9509d-22c7-4a22-a47d-8c48425ef4a7,https://www.inaturalist.org/observations/306420570,,Washington,46.919184,-121.664617,25.0,,,2025-08-14T17:38:57,2025,HUMAN_OBSERVATION,iNaturalist,Observations,306420570,xiaolinyue,COORDINATE_ROUNDED;CONTINENT_DERIVED_FROM_COORDINATES;TAXON_ID_NOT_FOUND
5292278451,50c9509d-22c7-4a22-a47d-8c48425ef4a7,https://www.inaturalist.org/observations/304979237,,Washington,46.640839,-121.39209,,,,2025-08-09T08:02:32,2025,HUMAN_OBSERVATION,iNaturalist,Observations,304979237,Michael A. Thaibinh,COORDINATE_ROUNDED;CONTINENT_DERIVED_FROM_COORDINATES;TAXON_ID_NOT_FOUND
5292272102,50c9509d-22c7-4a22-a47d-8c48425ef4a7,https://www.inaturalist.org/observations/307101253,,Washington,46.919943,-121.858434,242.0,,,2025-08-08T18:53:34,2025,HUMAN_OBSERVATION,iNaturalist,Observations,307101253,William Walker,COORDINATE_ROUNDED;CONTINENT_DERIVED_FROM_COORDINATES;TAXON_ID_NOT_FOUND
5292185323,50c9509d-22c7-4a22-a47d-8c48425ef4a7,https://www.inaturalist.org/observations/296452133,,Washington,46.623361,-121.243127,68.0,,,2025-07-07T20:06,2025,HUMAN_OBSERVATION,iNaturalist,Observations,296452133,Matthew Cozart,COORDINATE_ROUNDED;CONTINENT_DERIVED_FROM_COORDINATES;TAXON_ID_NOT_FOUND
5292178679,50c9509d-22c7-4a22-a47d-8c48425ef4a7,https://www.inaturalist.org/observations/306513108,,Washington,46.919492,-121.586167,4.0,,,2025-08-08T11:37:49,2025,HUMAN_OBSERVATION,iNaturalist,Observations,306513108,max_forster,COORDINATE_ROUNDED;CONTINENT_DERIVED_FROM_COORDINATES;TAXON_ID_NOT_FOUND
5292058882,50c9509d-22c7-4a22-a47d-8c48425ef4a7,https://www.inaturalist.org/observations/305423397,,Washington,48.46855,-121.058995,849.0,,,2025-08-10T15:18:57,2025,HUMAN_OBSERVATION,iNaturalist,Observations,305423397,cwolf92,COORDINATE_ROUNDED;CONTINENT_DERIVED_FROM_COORDINATES;TAXON_ID_NOT_FOUND
5291932598,50c9509d-22c7-4a22-a47d-8c48425ef4a7,https://www.inaturalist.org/observations/306396375,,Washington,47.435333,-121.400055,4.0,,,2025-08-14T12:04:35,2025,HUMAN_OBSERVATION,iNaturalist,Observations,306396375,jareddodson,COORDINATE_ROUNDED;CONTINENT_DERIVED_FROM_COORDINATES;TAXON_ID_NOT_FOUND
5291926437,50c9509d-22c7-4a22-a47d-8c48425ef4a7,https://www.inaturalist.org/observations/307186816,,Washington,48.39649,-120.730824,170.0,,,2024-07-01T15:55:51,2024,HUMAN_OBSERVATION,iNaturalist,Observations,307186816,Mauricio Mata,COORDINATE_ROUNDED;CONTINENT_DERIVED_FROM_COORDINATES;TAXON_ID_NOT_FOUND
5291904238,50c9509d-22c7-4a22-a47d-8c48425ef4a7,https://www.inaturalist.org/observations/304754849,,Washington,46.790888,-121.782555,4.0,,,2025-08-07T12:03:50,2025,HUMAN_OBSERVATION,iNaturalist,Observations,304754849,nodnarbmirp,COORDINATE_ROUNDED;CONTINENT_DERIVED_FROM_COORDINATES;TAXON_ID_NOT_FOUND
5291901569,50c9509d-22c7-4a22-a47d-8c48425ef4a7,https://www.inaturalist.org/observations/304372108,,Washington,46.792662,-121.728972,4.0,,,2025-08-05T17:32:57,2025,HUMAN_OBSERVATION,iNaturalist,Observations,304372108,oliver97624,COORDINATE_ROUNDED;CONTINENT_DERIVED_FROM_COORDINATES;TAXON_ID_NOT_FOUND
5291896995,50c9509d-22c7-4a22-a47d-8c48425ef4a7,https://www.inaturalist.org/observations/307387197,,Washington,46.925953,-121.674028,11.0,,,2025-08-18T12:23:35,2025,HUMAN_OBSERVATION,iNaturalist,Observations,307387197,Connor O’Brien,COORDINATE_ROUNDED;CONTINENT_DERIVED_FROM_COORDINATES;TAXON_ID_NOT_FOUND
5291893315,50c9509d-22c7-4a22-a47d-8c48425ef4a7,https://www.inaturalist.org/observations/304198555,,Washington,47.475931,-120.768757,1435.0,,,2025-08-04T14:10:10,2025,HUMAN_OBSERVATION,iNaturalist,Observations,304198555,hexed,COORDINATE_ROUNDED;CONTINENT_DERIVED_FROM_COORDINATES;TAXON_ID_NOT_FOUND
5291810364,50c9509d-22c7-4a22-a47d-8c48425ef4a7,https://www.inaturalist.org/observations/306585256,,Washington,48.466606,-121.054149,,,,2025-08-13T13:18:04,2025,HUMAN_OBSERVATION,iNaturalist,Observations,306585256,T. Abe Lloyd,COORDINATE_ROUNDED;CONTINENT_DERIVED_FROM_COORDINATES;TAXON_ID_NOT_FOUND
5291806464,50c9509d-22c7-4a22-a47d-8c48425ef4a7,https://www.inaturalist.org/observations/307287420,,Washington,48.701325,-120.674325,4.0,,,2025-08-17T11:58:50,2025,HUMAN_OBSERVATION,iNaturalist,Observations,307287420,Mark Robinson,CONTINENT_DERIVED_FROM_COORDINATES;TAXON_ID_NOT_FOUND
5285021115,830eb5d0-f762-11e1-a439-00145eb45e9a,https://arctos.database.museum/guid/UWBM:Mamm:87960,Cascade Pass,Washington,48.467904,-121.060112,90.0,,,1966-08-02,1966,PRESERVED_SPECIMEN,UWBM,Mammalogy,UWBM:Mamm:87960,Collector(s): Lowell S. Booth,CONTINENT_DERIVED_FROM_COORDINATES;INSTITUTION_MATCH_FUZZY;INSTITUTION_COLLECTION_MISMATCH;TAXON_MATCH_HIGHERRANK
5285020331,830eb5d0-f762-11e1-a439-00145eb45e9a,https://arctos.database.museum/guid/UWBM:Mamm:95274,Tye,Washington,47.705565,-121.306145,210.0,,,1939-10-15,1939,PRESERVED_SPECIMEN,UWBM,Mammalogy,UWBM:Mamm:95274,,CONTINENT_DERIVED_FROM_COORDINATES;INSTITUTION_MATCH_FUZZY;INSTITUTION_COLLECTION_MISMATCH
5282589175,50c9509d-22c7-4a22-a47d-8c48425ef4a7,https://www.inaturalist.org/observations/302456073,,Washington,47.466524,-121.448071,4.0,,,2025-07-24T08:32:38,2025,HUMAN_OBSERVATION,iNaturalist,Observations,302456073,jackson200,COORDINATE_ROUNDED;CONTINENT_DERIVED_FROM_COORDINATES;TAXON_ID_NOT_FOUND
5282500732,50c9509d-22c7-4a22-a47d-8c48425ef4a7,https://www.inaturalist.org/observations/302540576,,Washington,48.85532,-121.697533,4.0,,,2025-07-30T16:59:05,2025,HUMAN_OBSERVATION,iNaturalist,Observations,302540576,Nick T.,COORDINATE_ROUNDED;CONTINENT_DERIVED_FROM_COORDINATES;TAXON_ID_NOT_FOUND
5282483964,50c9509d-22c7-4a22-a47d-8c48425ef4a7,https://www.inaturalist.org/observations/304056010,,Washington,46.75812,-121.735287,4.0,,,2025-08-05T12:51:21,2025,HUMAN_OBSERVATION,iNaturalist,Observations,304056010,jackson200,COORDINATE_ROUNDED;CONTINENT_DERIVED_FROM_COORDINATES;TAXON_ID_NOT_FOUND
5282449981,50c9509d-22c7-4a22-a47d-8c48425ef4a7,https://www.inaturalist.org/observations/303517780,,Washington,46.919312,-121.661322,4.0,,,2025-08-03T09:59:56,2025,HUMAN_OBSERVATION,iNaturalist,Observations,303517780,JJ Furuno,COORDINATE_ROUNDED;CONTINENT_DERIVED_FROM_COORDINATES;TAXON_ID_NOT_FOUND
5282445655,50c9509d-22c7-4a22-a47d-8c48425ef4a7,https://www.inaturalist.org/observations/302456199,,Washington,47.475246,-121.461793,4.0,,,2025-07-24T10:23:53,2025,HUMAN_OBSERVATION,iNaturalist,Observations,302456199,jackson200,COORDINATE_ROUNDED;CONTINENT_DERIVED_FROM_COORDINATES;TAXON_ID_NOT_FOUND
5282441726,50c9509d-22c7-4a22-a47d-8c48425ef4a7,https://www.inaturalist.org/observations/303589129,,Washington,46.919554,-121.663601,115.0,,,2025-08-03T17:25:22,2025,HUMAN_OBSERVATION,iNaturalist,Observations,303589129,jianfeih,COORDINATE_ROUNDED;CONTINENT_DERIVED_FROM_COORDINATES;TAXON_ID_NOT_FOUND
5282434705,50c9509d-22c7-4a22-a47d-8c48425ef4a7,https://www.inaturalist.org/observations/303037600,,Washington,46.918733,-121.66328,54.0,,,2025-07-26T12:36,2025,HUMAN_OBSERVATION,iNaturalist,Observations,303037600,Pierce Louderback,COORDINATE_ROUNDED;CONTINENT_DERIVED_FROM_COORDINATES;TAXON_ID_NOT_FOUND
5282415149,50c9509d-22c7-4a22-a47d-8c48425ef4a7,https://www.inaturalist.org/observations/303048797,,Washington,47.61062,-121.183158,19.0,,,2025-07-30T12:30:21,2025,HUMAN_OBSERVATION,iNaturalist,Observations,303048797,Rajan Rao,COORDINATE_ROUNDED;CONTINENT_DERIVED_FROM_COORDINATES;TAXON_ID_NOT_FOUND
5282357579,50c9509d-22c7-4a22-a47d-8c48425ef4a7,https://www.inaturalist.org/observations/303914889,,Washington,47.453547,-121.436333,4.0,,,2025-08-04T19:28:07,2025,HUMAN_OBSERVATION,iNaturalist,Observations,303914889,jjfeiler,COORDINATE_ROUNDED;CONTINENT_DERIVED_FROM_COORDINATES;TAXON_ID_NOT_FOUND
5282267290,50c9509d-22c7-4a22-a47d-8c48425ef4a7,https://www.inaturalist.org/observations/302538896,,Washington,47.610458,-121.183075,13.0,,,2025-07-30T12:30:32,2025,HUMAN_OBSERVATION,iNaturalist,Observations,302538896,Gwyn Scoville,COORDINATE_ROUNDED;CONTINENT_DERIVED_FROM_COORDINATES;TAXON_ID_NOT_FOUND
5282203094,50c9509d-22c7-4a22-a47d-8c48425ef4a7,https://www.inaturalist.org/observations/303013222,,Washington,46.772342,-121.716897,4.0,,,2025-08-01T15:38:27,2025,HUMAN_OBSERVATION,iNaturalist,Observations,303013222,conifers1,COORDINATE_ROUNDED;CONTINENT_DERIVED_FROM_COORDINATES;TAXON_ID_NOT_FOUND
5282196784,50c9509d-22c7-4a22-a47d-8c48425ef4a7,https://www.inaturalist.org/observations/217734315,,Washington,48.560394,-120.094967,22.0,,,2024-05-23T07:20:10,2024,HUMAN_OBSERVATION,iNaturalist,Observations,217734315,Ryan Andrews,COORDINATE_ROUNDED;CONTINENT_DERIVED_FROM_COORDINATES;TAXON_ID_NOT_FOUND
5282174560,50c9509d-22c7-4a22-a47d-8c48425ef4a7,https://www.inaturalist.org/observations/304056006,,Washington,46.762473,-121.733647,4.0,,,2025-08-05T11:56:12,2025,HUMAN_OBSERVATION,iNaturalist,Observations,304056006,jackson200,COORDINATE_ROUNDED;CONTINENT_DERIVED_FROM_COORDINATES;TAXON_ID_NOT_FOUND
5282072679,50c9509d-22c7-4a22-a47d-8c48425ef4a7,https://www.inaturalist.org/observations/302456062,,Washington,47.4559,-121.440429,4.0,,,2025-07-24T07:29:02,2025,HUMAN_OBSERVATION,iNaturalist,Observations,302456062,jackson200,COORDINATE_ROUNDED;CONTINENT_DERIVED_FROM_COORDINATES;TAXON_ID_NOT_FOUND
5282039247,50c9509d-22c7-4a22-a47d-8c48425ef4a7,https://www.inaturalist.org/observations/302540426,,Washington,48.855288,-121.697542,4.0,,,2025-07-30T16:58:55,2025,HUMAN_OBSERVATION,iNaturalist,Observations,302540426,ekwerkwe,COORDINATE_ROUNDED;CONTINENT_DERIVED_FROM_COORDINATES;TAXON_ID_NOT_FOUND
5281987088,50c9509d-22c7-4a22-a47d-8c48425ef4a7,https://www.inaturalist.org/observations/303270981,,Washington,48.52192,-121.60063,4.0,,,2025-07-27T10:29:30,2025,HUMAN_OBSERVATION,iNaturalist,Observations,303270981,Riley Potts,CONTINENT_DERIVED_FROM_COORDINATES;TAXON_ID_NOT_FOUND
5281983341,50c9509d-22c7-4a22-a47d-8c48425ef4a7,https://www.inaturalist.org/observations/303801229,,Washington,46.931693,-121.674854,,,,2025-08-01T11:56:10,2025,HUMAN_OBSERVATION,iNaturalist,Observations,303801229,Oscar Dove,COORDINATE_ROUNDED;CONTINENT_DERIVED_FROM_COORDINATES;TAXON_ID_NOT_FOUND
5281975235,50c9509d-22c7-4a22-a47d-8c48425ef4a7,https://www.inaturalist.org/observations/302726854,,Washington,46.15865,-122.193513,15.0,,,2025-07-26T07:56,2025,HUMAN_OBSERVATION,iNaturalist,Observations,302726854,Matt D'Agrosa,COORDINATE_ROUNDED;CONTINENT_DERIVED_FROM_COORDINATES;TAXON_ID_NOT_FOUND
5281949733,50c9509d-22c7-4a22-a47d-8c48425ef4a7,https://www.inaturalist.org/observations/302456142,,Washington,47.471779,-121.457272,4.0,,,2025-07-24T09:11:41,2025,HUMAN_OBSERVATION,iNaturalist,Observations,302456142,jackson200,COORDINATE_ROUNDED;CONTINENT_DERIVED_FROM_COORDINATES;TAXON_ID_NOT_FOUND
5281905490,50c9509d-22c7-4a22-a47d-8c48425ef4a7,https://www.inaturalist.org/observations/302276881,,Washington,47.429832,-121.454038,48.0,,,2025-07-27T09:14:45,2025,HUMAN_OBSERVATION,iNaturalist,Observations,302276881,forest,COORDINATE_ROUNDED;CONTINENT_DERIVED_FROM_COORDINATES;TAXON_ID_NOT_FOUND
5281864717,50c9509d-22c7-4a22-a47d-8c48425ef4a7,https://www.inaturalist.org/observations/302724474,,Washington,47.551112,-121.299448,116.0,,,2025-07-28T15:57:40,2025,HUMAN_OBSERVATION,iNaturalist,Observations,302724474,larsonek,COORDINATE_ROUNDED;CONTINENT_DERIVED_FROM_COORDINATES;TAXON_ID_NOT_FOUND
5281855409,50c9509d-22c7-4a22-a47d-8c48425ef4a7,https://www.inaturalist.org/observations/302357623,,Washington,48.079633,-121.226233,10.0,,,2025-07-28T06:56:57,2025,HUMAN_OBSERVATION,iNaturalist,Observations,302357623,dylhan51,COORDINATE_ROUNDED;CONTINENT_DERIVED_FROM_COORDINATES;TAXON_ID_NOT_FOUND
5281837625,50c9509d-22c7-4a22-a47d-8c48425ef4a7,https://www.inaturalist.org/observations/302770275,,Washington,46.924763,-121.674545,9.0,,,2025-07-31T09:38:35,2025,HUMAN_OBSERVATION,iNaturalist,Observations,302770275,nodnarbmirp,COORDINATE_ROUNDED;CONTINENT_DERIVED_FROM_COORDINATES;TAXON_ID_NOT_FOUND
5281826205,50c9509d-22c7-4a22-a47d-8c48425ef4a7,https://www.inaturalist.org/observations/301699566,,Washington,47.462779,-121.367544,6.0,,,2025-07-26T19:44:46,2025,HUMAN_OBSERVATION,iNaturalist,Observations,301699566,manseekingorganisms,COORDINATE_ROUNDED;CONTINENT_DERIVED_FROM_COORDINATES;TAXON_ID_NOT_FOUND
5281775294,50c9509d-22c7-4a22-a47d-8c48425ef4a7,https://www.inaturalist.org/observations/303759420,,Washington,48.845345,-121.709778,5.0,,,2025-08-03T18:48:30,2025,HUMAN_OBSERVATION,iNaturalist,Observations,303759420,potamogeton26,COORDINATE_ROUNDED;CONTINENT_DERIVED_FROM_COORDINATES;TAXON_ID_NOT_FOUND
5238425309,50c9509d-22c7-4a22-a47d-8c48425ef4a7,https://www.inaturalist.org/observations/301310550,,Washington,48.504238,-121.20793,14.0,,,2025-07-26T10:36:59,2025,HUMAN_OBSERVATION,iNaturalist,Observations,301310550,campc,COORDINATE_ROUNDED;CONTINENT_DERIVED_FROM_COORDINATES;TAXON_ID_NOT_FOUND
5238321258,50c9509d-22c7-4a22-a47d-8c48425ef4a7,https://www.inaturalist.org/observations/301153733,,Washington,46.919155,-121.663887,4.0,,,2025-07-25T19:27:35,2025,HUMAN_OBSERVATION,iNaturalist,Observations,301153733,Mitch Lindgren,COORDINATE_ROUNDED;CONTINENT_DERIVED_FROM_COORDINATES;TAXON_ID_NOT_FOUND
5238286912,50c9509d-22c7-4a22-a47d-8c48425ef4a7,https://www.inaturalist.org/observations/300584754,,Washington,46.905042,-121.501461,,,,2025-07-23T12:49,2025,HUMAN_OBSERVATION,iNaturalist,Observations,300584754,Cypress Hansen,COORDINATE_ROUNDED;CONTINENT_DERIVED_FROM_COORDINATES;TAXON_ID_NOT_FOUND
5238264669,50c9509d-22c7-4a22-a47d-8c48425ef4a7,https://www.inaturalist.org/observations/301922619,,Washington,46.804192,-121.732122,,,,2025-07-28T09:52:50,2025,HUMAN_OBSERVATION,iNaturalist,Observations,301922619,Liam Hutcheson,COORDINATE_ROUNDED;CONTINENT_DERIVED_FROM_COORDINATES;TAXON_ID_NOT_FOUND
5238148602,50c9509d-22c7-4a22-a47d-8c48425ef4a7,https://www.inaturalist.org/observations/301700346,,Washington,47.459683,-121.36923,20.0,,,2025-07-26T15:38:28,2025,HUMAN_OBSERVATION,iNaturalist,Observations,301700346,manseekingorganisms,COORDINATE_ROUNDED;CONTINENT_DERIVED_FROM_COORDINATES;TAXON_ID_NOT_FOUND
5238135623,50c9509d-22c7-4a22-a47d-8c48425ef4a7,https://www.inaturalist.org/observations/301699325,,Washington,47.457765,-121.369627,4.0,,,2025-07-27T09:14:52,2025,HUMAN_OBSERVATION,iNaturalist,Observations,301699325,manseekingorganisms,COORDINATE_ROUNDED;CONTINENT_DERIVED_FROM_COORDINATES;TAXON_ID_NOT_FOUND
5238119586,50c9509d-22c7-4a22-a47d-8c48425ef4a7,https://www.inaturalist.org/observations/297494765,,Washington,48.073228,-121.76425,,,,2025-07-12T13:55:33,2025,HUMAN_OBSERVATION,iNaturalist,Observations,297494765,Scott Wegner,COORDINATE_ROUNDED;CONTINENT_DERIVED_FROM_COORDINATES;TAXON_ID_NOT_FOUND
5238030678,50c9509d-22c7-4a22-a47d-8c48425ef4a7,https://www.inaturalist.org/observations/300210324,,Washington,47.416417,-121.477928,8.0,,,2025-07-20T20:15:38,2025,HUMAN_OBSERVATION,iNaturalist,Observations,300210324,Sam Jacobsen,COORDINATE_ROUNDED;CONTINENT_DERIVED_FROM_COORDINATES;TAXON_ID_NOT_FOUND
5238027831,50c9509d-22c7-4a22-a47d-8c48425ef4a7,https://www.inaturalist.org/observations/302097327,,Washington,46.669838,-121.237582,5.0,,,2025-07-28T10:27:13,2025,HUMAN_OBSERVATION,iNaturalist,Observations,302097327,Jeremy Buegge,CONTINENT_DERIVED_FROM_COORDINATES;TAXON_ID_NOT_FOUND
5238001662,50c9509d-22c7-4a22-a47d-8c48425ef4a7,https://www.inaturalist.org/observations/301913854,,Washington,47.837511,-121.264072,11001.0,,,2024-08-25T03:46:33,2024,HUMAN_OBSERVATION,iNaturalist,Observations,301913854,chogan18,COORDINATE_ROUNDED;CONTINENT_DERIVED_FROM_COORDINATES;TAXON_ID_NOT_FOUND
5237995642,50c9509d-22c7-4a22-a47d-8c48425ef4a7,https://www.inaturalist.org/observations/301866575,,Washington,47.560242,-121.263787,12.0,,,2025-07-25T19:51:30,2025,HUMAN_OBSERVATION,iNaturalist,Observations,301866575,banana515,COORDINATE_ROUNDED;CONTINENT_DERIVED_FROM_COORDINATES;TAXON_ID_NOT_FOUND
5237971671,50c9509d-22c7-4a22-a47d-8c48425ef4a7,https://www.inaturalist.org/observations/301865875,,Washington,47.580505,-121.3126,28.0,,,2025-07-26T18:10:40,2025,HUMAN_OBSERVATION,iNaturalist,Observations,301865875,banana515,CONTINENT_DERIVED_FROM_COORDINATES;TAXON_ID_NOT_FOUND
5237957719,50c9509d-22c7-4a22-a47d-8c48425ef4a7,https://www.inaturalist.org/observations/301917586,,Washington,47.451612,-121.432747,3.0,,,2024-08-24T15:17:05,2024,HUMAN_OBSERVATION,iNaturalist,Observations,301917586,Truman,COORDINATE_ROUNDED;CONTINENT_DERIVED_FROM_COORDINATES;TAXON_ID_NOT_FOUND
5237901668,50c9509d-22c7-4a22-a47d-8c48425ef4a7,https://www.inaturalist.org/observations/299727507,,Washington,47.44523,-120.930426,4.0,,,2025-07-15T12:21:19,2025,HUMAN_OBSERVATION,iNaturalist,Observations,299727507,jackson200,COORDINATE_ROUNDED;CONTINENT_DERIVED_FROM_COORDINATES;TAXON_ID_NOT_FOUND
5237900637,50c9509d-22c7-4a22-a47d-8c48425ef4a7,https://www.inaturalist.org/observations/301698783,,Washington,47.448446,-121.381039,4.0,,,2025-07-27T09:45:29,2025,HUMAN_OBSERVATION,iNaturalist,Observations,301698783,manseekingorganisms,COORDINATE_ROUNDED;CONTINENT_DERIVED_FROM_COORDINATES;TAXON_ID_NOT_FOUND
5237822837,50c9509d-22c7-4a22-a47d-8c48425ef4a7,https://www.inaturalist.org/observations/302097636,,Washington,46.683227,-121.250437,9.0,,,2025-07-28T13:22:03,2025,HUMAN_OBSERVATION,iNaturalist,Observations,302097636,Jeremy Buegge,COORDINATE_ROUNDED;CONTINENT_DERIVED_FROM_COORDINATES;TAXON_ID_NOT_FOUND
5237636606,50c9509d-22c7-4a22-a47d-8c48425ef4a7,https://www.inaturalist.org/observations/298001287,,Washington,46.508258,-121.474199,6.0,,,2025-07-14T07:05:56,2025,HUMAN_OBSERVATION,iNaturalist,Observations,298001287,mylodon,COORDINATE_ROUNDED;CONTINENT_DERIVED_FROM_COORDINATES;TAXON_ID_NOT_FOUND
5237623535,50c9509d-22c7-4a22-a47d-8c48425ef4a7,https://www.inaturalist.org/observations/301699449,,Washington,47.460464,-121.369327,12.0,,,2025-07-27T09:05:12,2025,HUMAN_OBSERVATION,iNaturalist,Observations,301699449,manseekingorganisms,COORDINATE_ROUNDED;CONTINENT_DERIVED_FROM_COORDINATES;TAXON_ID_NOT_FOUND
5237603606,50c9509d-22c7-4a22-a47d-8c48425ef4a7,https://www.inaturalist.org/observations/301699393,,Washington,47.45772,-121.368884,22.0,,,2025-07-27T09:14:31,2025,HUMAN_OBSERVATION,iNaturalist,Observations,301699393,manseekingorganisms,COORDINATE_ROUNDED;CONTINENT_DERIVED_FROM_COORDINATES;TAXON_ID_NOT_FOUND
5237509299,50c9509d-22c7-4a22-a47d-8c48425ef4a7,https://www.inaturalist.org/observations/301235286,,Washington,47.351667,-121.451362,,,,2025-07-25T14:07:52,2025,HUMAN_OBSERVATION,iNaturalist,Observations,301235286,Andrew,COORDINATE_ROUNDED;CONTINENT_DERIVED_FROM_COORDINATES;TAXON_ID_NOT_FOUND
5237508647,50c9509d-22c7-4a22-a47d-8c48425ef4a7,https://www.inaturalist.org/observations/299678397,,Washington,46.919237,-121.664642,9.0,,,2025-07-20T10:51:21,2025,HUMAN_OBSERVATION,iNaturalist,Observations,299678397,kbedunah,COORDINATE_ROUNDED;CONTINENT_DERIVED_FROM_COORDINATES;TAXON_ID_NOT_FOUND
5231607453,50c9509d-22c7-4a22-a47d-8c48425ef4a7,https://www.inaturalist.org/observations/297026201,,Washington,48.511228,-120.745247,6.0,,,2025-07-10T10:24:21,2025,HUMAN_OBSERVATION,iNaturalist,Observations,297026201,Mack Laverick,COORDINATE_ROUNDED;CONTINENT_DERIVED_FROM_COORDINATES;TAXON_ID_NOT_FOUND
5231577627,50c9509d-22c7-4a22-a47d-8c48425ef4a7,https://www.inaturalist.org/observations/297185870,,Washington,46.791164,-121.732084,600.0,,,2025-07-11T16:12,2025,HUMAN_OBSERVATION,iNaturalist,Observations,297185870,Jen,COORDINATE_ROUNDED;CONTINENT_DERIVED_FROM_COORDINATES;TAXON_ID_NOT_FOUND
5231564296,50c9509d-22c7-4a22-a47d-8c48425ef4a7,https://www.inaturalist.org/observations/300011575,,Washington,46.79403,-121.73037,31.0,,,2025-07-21T09:19,2025,HUMAN_OBSERVATION,iNaturalist,Observations,300011575,mrp123,COORDINATE_ROUNDED;CONTINENT_DERIVED_FROM_COORDINATES;TAXON_ID_NOT_FOUND
5231537244,50c9509d-22c7-4a22-a47d-8c48425ef4a7,https://www.inaturalist.org/observations/296693728,,Washington,46.919189,-121.664864,,,,2025-07-06T11:43,2025,HUMAN_OBSERVATION,iNaturalist,Observations,296693728,Ilya Burylov,COORDINATE_ROUNDED;CONTINENT_DERIVED_FROM_COORDINATES;TAXON_ID_NOT_FOUND
5231178825,50c9509d-22c7-4a22-a47d-8c48425ef4a7,https://www.inaturalist.org/observations/299239795,,Washington,46.905839,-121.497278,5.0,,,2025-07-18T12:23,2025,HUMAN_OBSERVATION,iNaturalist,Observations,299239795,James H. Thomas,COORDINATE_ROUNDED;CONTINENT_DERIVED_FROM_COORDINATES;TAXON_ID_NOT_FOUND
5230809595,50c9509d-22c7-4a22-a47d-8c48425ef4a7,https://www.inaturalist.org/observations/297185873,,Washington,46.791164,-121.732084,600.0,,,2025-07-11T16:19,2025,HUMAN_OBSERVATION,iNaturalist,Observations,297185873,Jen,COORDINATE_ROUNDED;CONTINENT_DERIVED_FROM_COORDINATES;TAXON_ID_NOT_FOUND
5230661792,50c9509d-22c7-4a22-a47d-8c48425ef4a7,https://www.inaturalist.org/observations/297503937,,Washington,48.14462,-121.385483,4.0,,,2025-07-12T11:12:42,2025,HUMAN_OBSERVATION,iNaturalist,Observations,297503937,biranouk,COORDINATE_ROUNDED;CONTINENT_DERIVED_FROM_COORDINATES;TAXON_ID_NOT_FOUND
5230626195,50c9509d-22c7-4a22-a47d-8c48425ef4a7,https://www.inaturalist.org/observations/299727505,,Washington,47.445178,-120.930392,4.0,,,2025-07-15T08:43:54,2025,HUMAN_OBSERVATION,iNaturalist,Observations,299727505,jackson200,COORDINATE_ROUNDED;CONTINENT_DERIVED_FROM_COORDINATES;TAXON_ID_NOT_FOUND
5230541081,50c9509d-22c7-4a22-a47d-8c48425ef4a7,https://www.inaturalist.org/observations/299610783,,Washington,46.791007,-121.782339,10.0,,,2025-07-13T07:35,2025,HUMAN_OBSERVATION,iNaturalist,Observations,299610783,Pierce Louderback,COORDINATE_ROUNDED;CONTINENT_DERIVED_FROM_COORDINATES;TAXON_ID_NOT_FOUND
5230477913,50c9509d-22c7-4a22-a47d-8c48425ef4a7,https://www.inaturalist.org/observations/297681638,,Washington,47.482121,-120.8228,4.0,,,2025-07-12T09:31:40,2025,HUMAN_OBSERVATION,iNaturalist,Observations,297681638,transient,COORDINATE_ROUNDED;CONTINENT_DERIVED_FROM_COORDINATES;TAXON_ID_NOT_FOUND
5230375232,50c9509d-22c7-4a22-a47d-8c48425ef4a7,https://www.inaturalist.org/observations/296645577,,Washington,46.784251,-121.780803,1920.0,,,2025-07-09T08:13:55,2025,HUMAN_OBSERVATION,iNaturalist,Observations,296645577,sanderee2,COORDINATE_ROUNDED;CONTINENT_DERIVED_FROM_COORDINATES;TAXON_ID_NOT_FOUND
5230271806,50c9509d-22c7-4a22-a47d-8c48425ef4a7,https://www.inaturalist.org/observations/299111321,,Washington,46.919195,-121.664825,13.0,,,2025-07-18T15:28:54,2025,HUMAN_OBSERVATION,iNaturalist,Observations,299111321,mdl651,CONTINENT_DERIVED_FROM_COORDINATES;TAXON_ID_NOT_FOUND
5230241286,50c9509d-22c7-4a22-a47d-8c48425ef4a7,https://www.inaturalist.org/observations/300011576,,Washington,46.793634,-121.730842,31.0,,,2025-07-21T09:21,2025,HUMAN_OBSERVATION,iNaturalist,Observations,300011576,mrp123,COORDINATE_ROUNDED;CONTINENT_DERIVED_FROM_COORDINATES;TAXON_ID_NOT_FOUND
5217655379,50c9509d-22c7-4a22-a47d-8c48425ef4a7,https://www.inaturalist.org/observations/296333921,,Washington,48.474884,-121.063239,3.0,,,2025-07-07T09:53:27,2025,HUMAN_OBSERVATION,iNaturalist,Observations,296333921,jackson200,COORDINATE_ROUNDED;CONTINENT_DERIVED_FROM_COORDINATES;TAXON_ID_NOT_FOUND
5217519391,50c9509d-22c7-4a22-a47d-8c48425ef4a7,https://www.inaturalist.org/observations/296334024,,Washington,48.469711,-121.055362,6.0,,,2025-07-07T10:45:30,2025,HUMAN_OBSERVATION,iNaturalist,Observations,296334024,jackson200,COORDINATE_ROUNDED;CONTINENT_DERIVED_FROM_COORDINATES;TAXON_ID_NOT_FOUND
5217000830,50c9509d-22c7-4a22-a47d-8c48425ef4a7,https://www.inaturalist.org/observations/293946000,,Washington,47.296222,-121.495763,26871.0,,,2025-06-28T15:01,2025,HUMAN_OBSERVATION,iNaturalist,Observations,293946000,Zach Hawn,COORDINATE_ROUNDED;CONTINENT_DERIVED_FROM_COORDINATES;TAXON_ID_NOT_FOUND
5216476924,50c9509d-22c7-4a22-a47d-8c48425ef4a7,https://www.inaturalist.org/observations/294001765,,Washington,48.509087,-120.757144,4.0,,,2025-06-28T09:21:39,2025,HUMAN_OBSERVATION,iNaturalist,Observations,294001765,nodnarbmirp,COORDINATE_ROUNDED;CONTINENT_DERIVED_FROM_COORDINATES;TAXON_ID_NOT_FOUND
5216027454,50c9509d-22c7-4a22-a47d-8c48425ef4a7,https://www.inaturalist.org/observations/296333998,,Washington,48.473297,-121.062066,2.0,,,2025-07-07T09:57:31,2025,HUMAN_OBSERVATION,iNaturalist,Observations,296333998,jackson200,COORDINATE_ROUNDED;CONTINENT_DERIVED_FROM_COORDINATES;TAXON_ID_NOT_FOUND
5215919360,50c9509d-22c7-4a22-a47d-8c48425ef4a7,https://www.inaturalist.org/observations/293047891,,Washington,48.711338,-121.135055,4.0,,,2023-10-26T13:03:16,2023,HUMAN_OBSERVATION,iNaturalist,Observations,293047891,Logan Stecker,COORDINATE_ROUNDED;CONTINENT_DERIVED_FROM_COORDINATES;TAXON_ID_NOT_FOUND
5206720296,50c9509d-22c7-4a22-a47d-8c48425ef4a7,https://www.inaturalist.org/observations/291579229,,Washington,47.303083,-120.5797,,,,2025-06-21T12:01:33,2025,HUMAN_OBSERVATION,iNaturalist,Observations,291579229,Audrey Ragsac,COORDINATE_ROUNDED;CONTINENT_DERIVED_FROM_COORDINATES;TAXON_ID_NOT_FOUND
5198745340,50c9509d-22c7-4a22-a47d-8c48425ef4a7,https://www.inaturalist.org/observations/289731866,,Washington,48.074092,-121.487887,4.0,,,2025-06-14T15:34:30,2025,HUMAN_OBSERVATION,iNaturalist,Observations,289731866,zeledonia10,COORDINATE_ROUNDED;CONTINENT_DERIVED_FROM_COORDINATES;TAXON_ID_NOT_FOUND
5198740268,50c9509d-22c7-4a22-a47d-8c48425ef4a7,https://www.inaturalist.org/observations/289570911,,Washington,47.041599,-121.594254,4.0,,,2025-06-14T09:51:29,2025,HUMAN_OBSERVATION,iNaturalist,Observations,289570911,sammokablamo,COORDINATE_ROUNDED;CONTINENT_DERIVED_FROM_COORDINATES;TAXON_ID_NOT_FOUND
5198703578,50c9509d-22c7-4a22-a47d-8c48425ef4a7,https://www.inaturalist.org/observations/286329251,,Washington,46.772291,-121.717254,50.0,,,2023-07-27T11:29,2023,HUMAN_OBSERVATION,iNaturalist,Observations,286329251,Brian,COORDINATE_ROUNDED;CONTINENT_DERIVED_FROM_COORDINATES;TAXON_ID_NOT_FOUND
5198346863,50c9509d-22c7-4a22-a47d-8c48425ef4a7,https://www.inaturalist.org/observations/288908148,,Washington,47.431097,-121.453985,16.0,,,2025-06-04T21:18,2025,HUMAN_OBSERVATION,iNaturalist,Observations,288908148,Ari Rice,COORDINATE_ROUNDED;CONTINENT_DERIVED_FROM_COORDINATES;TAXON_ID_NOT_FOUND
5196287567,faeffe24-0bbc-468f-bfc5-8899d0ab5d78,https://arctos.database.museum/guid/CRCM:Mamm:7009,Wenatchee Lake,Washington,47.42346,-120.310349,4735.0,,,1918-08-20,1918,PRESERVED_SPECIMEN,CRCM,Mammalogy,CRCM:Mamm:7009,Collector(s): unknown,CONTINENT_DERIVED_FROM_COORDINATES;INSTITUTION_MATCH_FUZZY;INSTITUTION_COLLECTION_MISMATCH
5196287566,faeffe24-0bbc-468f-bfc5-8899d0ab5d78,https://arctos.database.museum/guid/CRCM:Mamm:7008,1 mi N Loup Loup Campground,Washington,48.464472,-119.7,2639.0,1417.0,0.0,1980-11-09,1980,PRESERVED_SPECIMEN,CRCM,Mammalogy,CRCM:Mamm:7008,Collector(s): unknown,CONTINENT_DERIVED_FROM_COORDINATES;INSTITUTION_MATCH_FUZZY;INSTITUTION_COLLECTION_MISMATCH
5196287564,faeffe24-0bbc-468f-bfc5-8899d0ab5d78,https://arctos.database.museum/guid/CRCM:Mamm:7007,1 mi SE Slate Peak,Washington,48.731846,-120.66459,3591.0,2103.0,0.0,1979-08-22,1979,PRESERVED_SPECIMEN,CRCM,Mammalogy,CRCM:Mamm:7007,Collector(s): unknown,CONTINENT_DERIVED_FROM_COORDINATES;INSTITUTION_MATCH_FUZZY;INSTITUTION_COLLECTION_MISMATCH
5196287562,faeffe24-0bbc-468f-bfc5-8899d0ab5d78,https://arctos.database.museum/guid/CRCM:Mamm:7006,East Cirque Slate Peak,Washington,48.74208,-120.680108,1807.0,2134.0,0.0,1979-08-22,1979,PRESERVED_SPECIMEN,CRCM,Mammalogy,CRCM:Mamm:7006,Collector(s): unknown,CONTINENT_DERIVED_FROM_COORDINATES;INSTITUTION_MATCH_FUZZY;INSTITUTION_COLLECTION_MISMATCH
5196287560,faeffe24-0bbc-468f-bfc5-8899d0ab5d78,https://arctos.database.museum/guid/CRCM:Mamm:7005,N Cirque Slate Peak,Washington,48.74208,-120.680108,1807.0,2195.0,0.0,1979-08-23,1979,PRESERVED_SPECIMEN,CRCM,Mammalogy,CRCM:Mamm:7005,Collector(s): unknown,CONTINENT_DERIVED_FROM_COORDINATES;INSTITUTION_MATCH_FUZZY;INSTITUTION_COLLECTION_MISMATCH
5196287559,faeffe24-0bbc-468f-bfc5-8899d0ab5d78,https://arctos.database.museum/guid/CRCM:Mamm:7004,"Windy Peak, 25 mi W Oroville",Washington,48.93774,-119.986399,32214.0,2286.0,0.0,1947-07-16,1947,PRESERVED_SPECIMEN,CRCM,Mammalogy,CRCM:Mamm:7004,Collector(s): unknown,CONTINENT_DERIVED_FROM_COORDINATES;INSTITUTION_MATCH_FUZZY;INSTITUTION_COLLECTION_MISMATCH
5196287557,faeffe24-0bbc-468f-bfc5-8899d0ab5d78,https://arctos.database.museum/guid/CRCM:Mamm:7003,Horseshoe Mtn,Washington,48.548712,-119.740856,113140.0,,,1958-08-22,1958,PRESERVED_SPECIMEN,CRCM,Mammalogy,CRCM:Mamm:7003,Collector(s): unknown,CONTINENT_DERIVED_FROM_COORDINATES;INSTITUTION_MATCH_FUZZY;INSTITUTION_COLLECTION_MISMATCH
5196287555,faeffe24-0bbc-468f-bfc5-8899d0ab5d78,https://arctos.database.museum/guid/CRCM:Mamm:7002,Mt. St. Helens,Washington,46.022995,-121.91478,65658.0,1372.0,0.0,1925-08-04,1925,PRESERVED_SPECIMEN,CRCM,Mammalogy,CRCM:Mamm:7002,Collector(s): unknown,CONTINENT_DERIVED_FROM_COORDINATES;INSTITUTION_MATCH_FUZZY;INSTITUTION_COLLECTION_MISMATCH
5196285885,faeffe24-0bbc-468f-bfc5-8899d0ab5d78,https://arctos.database.museum/guid/CRCM:Mamm:7019,"Aasgard Pass, Enchantment Lake Wilderness Area",Washington,47.3667,-122.0333,301.0,2377.0,0.0,1980-09-08,1980,PRESERVED_SPECIMEN,CRCM,Mammalogy,CRCM:Mamm:7019,Collector(s): unknown,CONTINENT_DERIVED_FROM_COORDINATES;INSTITUTION_MATCH_FUZZY;INSTITUTION_COLLECTION_MISMATCH
5196285882,faeffe24-0bbc-468f-bfc5-8899d0ab5d78,https://arctos.database.museum/guid/CRCM:Mamm:7017,"2 mi S of Harts Pass, 0.8 mi E of Tatie Peak, approx 800 ft W of Brown Bear Mine",Washington,48.683299,-120.682464,1237.0,1975.0,0.0,1975-08-06,1975,PRESERVED_SPECIMEN,CRCM,Mammalogy,CRCM:Mamm:7017,Collector(s): unknown,CONTINENT_DERIVED_FROM_COORDINATES;INSTITUTION_MATCH_FUZZY;INSTITUTION_COLLECTION_MISMATCH
5196285877,faeffe24-0bbc-468f-bfc5-8899d0ab5d78,https://arctos.database.museum/guid/CRCM:Mamm:7014,W side of Gypsy Peak,Washington,48.945761,-117.152186,1807.0,2210.0,0.0,1981-07-11,1981,PRESERVED_SPECIMEN,CRCM,Mammalogy,CRCM:Mamm:7014,Collector(s): unknown,CONTINENT_DERIVED_FROM_COORDINATES;INSTITUTION_MATCH_FUZZY;INSTITUTION_COLLECTION_MISMATCH
5196285874,faeffe24-0bbc-468f-bfc5-8899d0ab5d78,https://arctos.database.museum/guid/CRCM:Mamm:7013,W side of Gypsy Peak,Washington,48.945761,-117.152186,1807.0,2195.0,0.0,1980-08-23,1980,PRESERVED_SPECIMEN,CRCM,Mammalogy,CRCM:Mamm:7013,Collector(s): unknown,CONTINENT_DERIVED_FROM_COORDINATES;INSTITUTION_MATCH_FUZZY;INSTITUTION_COLLECTION_MISMATCH
5196285871,faeffe24-0bbc-468f-bfc5-8899d0ab5d78,https://arctos.database.museum/guid/CRCM:Mamm:7011,"2 mi S of Harts Pass, 0.8 mi E of Tatie Peak, approx 800 ft W of Brown Bear Mine",Washington,48.683299,-120.682464,1237.0,1975.0,0.0,1975-08-06,1975,PRESERVED_SPECIMEN,CRCM,Mammalogy,CRCM:Mamm:7011,Collector(s): unknown,CONTINENT_DERIVED_FROM_COORDINATES;INSTITUTION_MATCH_FUZZY;INSTITUTION_COLLECTION_MISMATCH
5196285868,faeffe24-0bbc-468f-bfc5-8899d0ab5d78,https://arctos.database.museum/guid/CRCM:Mamm:7010,1 road mile N of Loup Loup Campground,Washington,48.45,-119.7,301.0,1417.0,0.0,1980-11-08,1980,PRESERVED_SPECIMEN,CRCM,Mammalogy,CRCM:Mamm:7010,Collector(s): unknown,CONTINENT_DERIVED_FROM_COORDINATES;INSTITUTION_MATCH_FUZZY;INSTITUTION_COLLECTION_MISMATCH
5196285858,faeffe24-0bbc-468f-bfc5-8899d0ab5d78,https://arctos.database.museum/guid/CRCM:Mamm:7026,"Head of Leeola Creek Basin, Colville National Forest",Washington,48.776888,-117.23045,1204.0,1920.0,0.0,1980-08-24,1980,PRESERVED_SPECIMEN,CRCM,Mammalogy,CRCM:Mamm:7026,Collector(s): unknown,CONTINENT_DERIVED_FROM_COORDINATES;INSTITUTION_MATCH_FUZZY;INSTITUTION_COLLECTION_MISMATCH
5196285854,faeffe24-0bbc-468f-bfc5-8899d0ab5d78,https://arctos.database.museum/guid/CRCM:Mamm:7024,W side of Gypsy Peak,Washington,48.945761,-117.152186,1807.0,2210.0,0.0,1981-07-11,1981,PRESERVED_SPECIMEN,CRCM,Mammalogy,CRCM:Mamm:7024,Collector(s): unknown,CONTINENT_DERIVED_FROM_COORDINATES;INSTITUTION_MATCH_FUZZY;INSTITUTION_COLLECTION_MISMATCH
5196285853,faeffe24-0bbc-468f-bfc5-8899d0ab5d78,https://arctos.database.museum/guid/CRCM:Mamm:7023,N Ridge Gypsy Peak,Washington,48.945761,-117.152186,1807.0,2179.0,0.0,1980-08-23,1980,PRESERVED_SPECIMEN,CRCM,Mammalogy,CRCM:Mamm:7023,Collector(s): unknown,CONTINENT_DERIVED_FROM_COORDINATES;INSTITUTION_MATCH_FUZZY;INSTITUTION_COLLECTION_MISMATCH
5196285850,faeffe24-0bbc-468f-bfc5-8899d0ab5d78,https://arctos.database.museum/guid/CRCM:Mamm:7022,"Morrison Creek, Mt. Adams",Washington,46.156906,-121.491007,301.0,1890.0,0.0,1979-08-07,1979,PRESERVED_SPECIMEN,CRCM,Mammalogy,CRCM:Mamm:7022,Collector(s): unknown,CONTINENT_DERIVED_FROM_COORDINATES;INSTITUTION_MATCH_FUZZY;INSTITUTION_COLLECTION_MISMATCH
5196285848,faeffe24-0bbc-468f-bfc5-8899d0ab5d78,https://arctos.database.museum/guid/CRCM:Mamm:7021,"Killen Creek, N side Mt. Adams",Washington,46.244721,-121.521163,301.0,1981.0,0.0,1981-09-04,1981,PRESERVED_SPECIMEN,CRCM,Mammalogy,CRCM:Mamm:7021,Collector(s): unknown,CONTINENT_DERIVED_FROM_COORDINATES;INSTITUTION_MATCH_FUZZY;INSTITUTION_COLLECTION_MISMATCH
5196280807,faeffe24-0bbc-468f-bfc5-8899d0ab5d78,https://arctos.database.museum/guid/CRCM:Mamm:5229,Round Top Mountain,Washington,48.810201,-117.130235,1807.0,,,1924-06-19,1924,PRESERVED_SPECIMEN,CRCM,Mammalogy,CRCM:Mamm:5229,Collector(s): unknown,CONTINENT_DERIVED_FROM_COORDINATES;INSTITUTION_MATCH_FUZZY;INSTITUTION_COLLECTION_MISMATCH
5196280705,faeffe24-0bbc-468f-bfc5-8899d0ab5d78,https://arctos.database.museum/guid/CRCM:Mamm:5231,Mt. Rainier,Washington,46.852827,-121.760441,1807.0,,,1919-07-19,1919,PRESERVED_SPECIMEN,CRCM,Mammalogy,CRCM:Mamm:5231,Collector(s): unknown,CONTINENT_DERIVED_FROM_COORDINATES;INSTITUTION_MATCH_FUZZY;INSTITUTION_COLLECTION_MISMATCH
5196280702,faeffe24-0bbc-468f-bfc5-8899d0ab5d78,https://arctos.database.museum/guid/CRCM:Mamm:5234,No specific locality recorded.,Washington,46.457027,-120.738491,98875.0,,,1965-01-01/1965-12-31,1965,PRESERVED_SPECIMEN,CRCM,Mammalogy,CRCM:Mamm:5234,Collector(s): unknown,CONTINENT_DERIVED_FROM_COORDINATES;INSTITUTION_MATCH_FUZZY;INSTITUTION_COLLECTION_MISMATCH
5196277156,faeffe24-0bbc-468f-bfc5-8899d0ab5d78,https://arctos.database.museum/guid/CRCM:Mamm:9945,Mt. Adams,Washington,46.202621,-121.490638,1807.0,,,1917-08-17,1917,PRESERVED_SPECIMEN,CRCM,Mammalogy,CRCM:Mamm:9945,Collector(s): unknown,CONTINENT_DERIVED_FROM_COORDINATES;INSTITUTION_MATCH_FUZZY;INSTITUTION_COLLECTION_MISMATCH
5196275085,faeffe24-0bbc-468f-bfc5-8899d0ab5d78,https://arctos.database.museum/guid/CRCM:Mamm:21832,1.5 mi S of Slate Peak,Washington,48.720373,-120.680108,3173.0,,,1953-06-27,1953,PRESERVED_SPECIMEN,CRCM,Mammalogy,CRCM:Mamm:21832,Collector(s): unknown,CONTINENT_DERIVED_FROM_COORDINATES;INSTITUTION_MATCH_FUZZY;INSTITUTION_COLLECTION_MISMATCH
5196274472,faeffe24-0bbc-468f-bfc5-8899d0ab5d78,https://arctos.database.museum/guid/CRCM:Mamm:5037,1 mi SE Slate Peak,Washington,48.731846,-120.66459,3591.0,2103.0,0.0,1979-08-22,1979,PRESERVED_SPECIMEN,CRCM,Mammalogy,CRCM:Mamm:5037,Collector(s): unknown,CONTINENT_DERIVED_FROM_COORDINATES;INSTITUTION_MATCH_FUZZY;INSTITUTION_COLLECTION_MISMATCH
5196269262,faeffe24-0bbc-468f-bfc5-8899d0ab5d78,https://arctos.database.museum/guid/CRCM:Mamm:6866,Mt. Baker,Washington,48.777343,-121.813201,1807.0,,,1923-07-28,1923,PRESERVED_SPECIMEN,CRCM,Mammalogy,CRCM:Mamm:6866,Collector(s): unknown,CONTINENT_DERIVED_FROM_COORDINATES;INSTITUTION_MATCH_FUZZY;INSTITUTION_COLLECTION_MISMATCH
5196268979,faeffe24-0bbc-468f-bfc5-8899d0ab5d78,https://arctos.database.museum/guid/CRCM:Mamm:6880,Mt. Baker,Washington,48.777343,-121.813201,1807.0,,,1924-08-05,1924,PRESERVED_SPECIMEN,CRCM,Mammalogy,CRCM:Mamm:6880,Collector(s): unknown,CONTINENT_DERIVED_FROM_COORDINATES;INSTITUTION_MATCH_FUZZY;INSTITUTION_COLLECTION_MISMATCH
5196268518,faeffe24-0bbc-468f-bfc5-8899d0ab5d78,https://arctos.database.museum/guid/CRCM:Mamm:6987,Twin Lakes,Washington,47.908928,-120.837896,1625.0,,,1917-09-08,1917,PRESERVED_SPECIMEN,CRCM,Mammalogy,CRCM:Mamm:6987,Collector(s): unknown,CONTINENT_DERIVED_FROM_COORDINATES;INSTITUTION_MATCH_FUZZY;INSTITUTION_COLLECTION_MISMATCH
5196268512,faeffe24-0bbc-468f-bfc5-8899d0ab5d78,https://arctos.database.museum/guid/CRCM:Mamm:6985,1 mi SE Slate Peak,Washington,48.731846,-120.66459,3591.0,2103.0,0.0,1979-08-22,1979,PRESERVED_SPECIMEN,CRCM,Mammalogy,CRCM:Mamm:6985,Collector(s): unknown,CONTINENT_DERIVED_FROM_COORDINATES;INSTITUTION_MATCH_FUZZY;INSTITUTION_COLLECTION_MISMATCH
5196268508,faeffe24-0bbc-468f-bfc5-8899d0ab5d78,https://arctos.database.museum/guid/CRCM:Mamm:6982,East Cirque Slate Peak,Washington,48.74208,-120.680108,1807.0,2134.0,0.0,1979-08-23,1979,PRESERVED_SPECIMEN,CRCM,Mammalogy,CRCM:Mamm:6982,Collector(s): unknown,CONTINENT_DERIVED_FROM_COORDINATES;INSTITUTION_MATCH_FUZZY;INSTITUTION_COLLECTION_MISMATCH
5196268503,faeffe24-0bbc-468f-bfc5-8899d0ab5d78,https://arctos.database.museum/guid/CRCM:Mamm:6980,1.5 mi S of Slate Peak,Washington,48.720373,-120.680108,3173.0,,,1953-06-27,1953,PRESERVED_SPECIMEN,CRCM,Mammalogy,CRCM:Mamm:6980,Collector(s): unknown,CONTINENT_DERIVED_FROM_COORDINATES;INSTITUTION_MATCH_FUZZY;INSTITUTION_COLLECTION_MISMATCH
5196268470,faeffe24-0bbc-468f-bfc5-8899d0ab5d78,https://arctos.database.museum/guid/CRCM:Mamm:6998,"Spray Park, Mt. Rainier",Washington,46.852827,-121.760441,1807.0,1676.0,0.0,1919-08-26,1919,PRESERVED_SPECIMEN,CRCM,Mammalogy,CRCM:Mamm:6998,Collector(s): unknown,CONTINENT_DERIVED_FROM_COORDINATES;INSTITUTION_MATCH_FUZZY;INSTITUTION_COLLECTION_MISMATCH
5196268467,faeffe24-0bbc-468f-bfc5-8899d0ab5d78,https://arctos.database.museum/guid/CRCM:Mamm:6997,Mt. Rainier,Washington,46.852827,-121.760441,1807.0,1615.0,0.0,1919-07-13,1919,PRESERVED_SPECIMEN,CRCM,Mammalogy,CRCM:Mamm:6997,Collector(s): unknown,CONTINENT_DERIVED_FROM_COORDINATES;INSTITUTION_MATCH_FUZZY;INSTITUTION_COLLECTION_MISMATCH
5196268464,faeffe24-0bbc-468f-bfc5-8899d0ab5d78,https://arctos.database.museum/guid/CRCM:Mamm:6996,"James Lake, Mt. Rainier",Washington,46.852827,-121.760441,1807.0,1332.0,0.0,1919-08-22,1919,PRESERVED_SPECIMEN,CRCM,Mammalogy,CRCM:Mamm:6996,Collector(s): unknown,CONTINENT_DERIVED_FROM_COORDINATES;INSTITUTION_MATCH_FUZZY;INSTITUTION_COLLECTION_MISMATCH
5196268455,faeffe24-0bbc-468f-bfc5-8899d0ab5d78,https://arctos.database.museum/guid/CRCM:Mamm:6991,"1 mi S, .2 mi W of Stampede Pass",Washington,47.268971,-121.355471,1225.0,,,1994-05-27,1994,PRESERVED_SPECIMEN,CRCM,Mammalogy,CRCM:Mamm:6991,Collector(s): unknown,CONTINENT_DERIVED_FROM_COORDINATES;INSTITUTION_MATCH_FUZZY;INSTITUTION_COLLECTION_MISMATCH
5196268425,faeffe24-0bbc-468f-bfc5-8899d0ab5d78,https://arctos.database.museum/guid/CRCM:Mamm:6969,Mt. Baker Lodge,Washington,48.777343,-121.813201,1807.0,,,1940-07-03,1940,PRESERVED_SPECIMEN,CRCM,Mammalogy,CRCM:Mamm:6969,Collector(s): unknown,CONTINENT_DERIVED_FROM_COORDINATES;INSTITUTION_MATCH_FUZZY;INSTITUTION_COLLECTION_MISMATCH
5196268421,faeffe24-0bbc-468f-bfc5-8899d0ab5d78,https://arctos.database.museum/guid/CRCM:Mamm:6968,"Mt. Hermann, Mt. Baker National Forest",Washington,48.8833,-121.8833,1204.0,,,1928-08-16,1928,PRESERVED_SPECIMEN,CRCM,Mammalogy,CRCM:Mamm:6968,Collector(s): unknown,CONTINENT_DERIVED_FROM_COORDINATES;INSTITUTION_MATCH_FUZZY;INSTITUTION_COLLECTION_MISMATCH
5196268420,faeffe24-0bbc-468f-bfc5-8899d0ab5d78,https://arctos.database.museum/guid/CRCM:Mamm:6967,Whatcom Pass,Washington,48.875405,-121.364578,90.0,1585.0,0.0,1920-08-02,1920,PRESERVED_SPECIMEN,CRCM,Mammalogy,CRCM:Mamm:6967,Collector(s): unknown,CONTINENT_DERIVED_FROM_COORDINATES;INSTITUTION_MATCH_FUZZY;INSTITUTION_COLLECTION_MISMATCH
5196268360,faeffe24-0bbc-468f-bfc5-8899d0ab5d78,https://arctos.database.museum/guid/CRCM:Mamm:6978,"Bumping River, Goose Prarie",Washington,46.988699,-121.094714,210.0,,,1917-08-31,1917,PRESERVED_SPECIMEN,CRCM,Mammalogy,CRCM:Mamm:6978,Collector(s): unknown,CONTINENT_DERIVED_FROM_COORDINATES;INSTITUTION_MATCH_FUZZY;INSTITUTION_COLLECTION_MISMATCH
5196268356,faeffe24-0bbc-468f-bfc5-8899d0ab5d78,https://arctos.database.museum/guid/CRCM:Mamm:6976,"1 mi S, .2 mi W of Stampede Pass",Washington,47.268971,-121.355471,1225.0,,,1994-05-27,1994,PRESERVED_SPECIMEN,CRCM,Mammalogy,CRCM:Mamm:6976,Collector(s): unknown,CONTINENT_DERIVED_FROM_COORDINATES;INSTITUTION_MATCH_FUZZY;INSTITUTION_COLLECTION_MISMATCH
5196268352,faeffe24-0bbc-468f-bfc5-8899d0ab5d78,https://arctos.database.museum/guid/CRCM:Mamm:6975,Horseshoe Mtn,Washington,48.548712,-119.740856,113140.0,,,1958-08-22,1958,PRESERVED_SPECIMEN,CRCM,Mammalogy,CRCM:Mamm:6975,Collector(s): unknown,CONTINENT_DERIVED_FROM_COORDINATES;INSTITUTION_MATCH_FUZZY;INSTITUTION_COLLECTION_MISMATCH
5196268347,faeffe24-0bbc-468f-bfc5-8899d0ab5d78,https://arctos.database.museum/guid/CRCM:Mamm:6972,"Mt. Pilchock, Pinnacle Lake",Washington,48.053224,-121.756583,587.0,,,1946-08-09,1946,PRESERVED_SPECIMEN,CRCM,Mammalogy,CRCM:Mamm:6972,Collector(s): unknown,CONTINENT_DERIVED_FROM_COORDINATES;INSTITUTION_MATCH_FUZZY;INSTITUTION_COLLECTION_MISMATCH
5196268345,faeffe24-0bbc-468f-bfc5-8899d0ab5d78,https://arctos.database.museum/guid/CRCM:Mamm:6970,"Austin Pass, Mt. Baker",Washington,48.777343,-121.813201,1807.0,,,1922-08-18,1922,PRESERVED_SPECIMEN,CRCM,Mammalogy,CRCM:Mamm:6970,Collector(s): unknown,CONTINENT_DERIVED_FROM_COORDINATES;INSTITUTION_MATCH_FUZZY;INSTITUTION_COLLECTION_MISMATCH
5196265969,faeffe24-0bbc-468f-bfc5-8899d0ab5d78,https://arctos.database.museum/guid/CRCM:Mamm:6948,Packrat Gorge,Washington,48.768151,-117.059131,1506.0,,,1961-07-16,1961,PRESERVED_SPECIMEN,CRCM,Mammalogy,CRCM:Mamm:6948,Collector(s): unknown,CONTINENT_DERIVED_FROM_COORDINATES;INSTITUTION_MATCH_FUZZY;INSTITUTION_COLLECTION_MISMATCH
5196265958,faeffe24-0bbc-468f-bfc5-8899d0ab5d78,https://arctos.database.museum/guid/CRCM:Mamm:6958,Packrat Gorge,Washington,48.768151,-117.059131,1506.0,,,1961-07-15,1961,PRESERVED_SPECIMEN,CRCM,Mammalogy,CRCM:Mamm:6958,Collector(s): unknown,CONTINENT_DERIVED_FROM_COORDINATES;INSTITUTION_MATCH_FUZZY;INSTITUTION_COLLECTION_MISMATCH
5196265955,faeffe24-0bbc-468f-bfc5-8899d0ab5d78,https://arctos.database.museum/guid/CRCM:Mamm:6955,"Bagley Creek, Mt. Herman",Washington,48.893736,-121.668379,210.0,1341.0,0.0,1928-08-19,1928,PRESERVED_SPECIMEN,CRCM,Mammalogy,CRCM:Mamm:6955,Collector(s): unknown,CONTINENT_DERIVED_FROM_COORDINATES;INSTITUTION_MATCH_FUZZY;INSTITUTION_COLLECTION_MISMATCH
5196265951,faeffe24-0bbc-468f-bfc5-8899d0ab5d78,https://arctos.database.museum/guid/CRCM:Mamm:6951,Glacier Peak,Washington,48.9667,-121.2333,301.0,1768.0,0.0,1924-07-23,1924,PRESERVED_SPECIMEN,CRCM,Mammalogy,CRCM:Mamm:6951,Collector(s): unknown,CONTINENT_DERIVED_FROM_COORDINATES;INSTITUTION_MATCH_FUZZY;INSTITUTION_COLLECTION_MISMATCH
5196265921,faeffe24-0bbc-468f-bfc5-8899d0ab5d78,https://arctos.database.museum/guid/CRCM:Mamm:6933,Packrat Gorge,Washington,48.768151,-117.059131,1506.0,,,1963-07-13,1963,PRESERVED_SPECIMEN,CRCM,Mammalogy,CRCM:Mamm:6933,Collector(s): unknown,CONTINENT_DERIVED_FROM_COORDINATES;INSTITUTION_MATCH_FUZZY;INSTITUTION_COLLECTION_MISMATCH
5196263079,faeffe24-0bbc-468f-bfc5-8899d0ab5d78,https://arctos.database.museum/guid/CRCM:Mamm:21226,1.5 mi S of Slate Peak,Washington,48.720373,-120.680108,3173.0,,,1953-06-27,1953,PRESERVED_SPECIMEN,CRCM,Mammalogy,CRCM:Mamm:21226,Collector(s): unknown,CONTINENT_DERIVED_FROM_COORDINATES;INSTITUTION_MATCH_FUZZY;INSTITUTION_COLLECTION_MISMATCH
5196231058,faeffe24-0bbc-468f-bfc5-8899d0ab5d78,https://arctos.database.museum/guid/CRCM:Mamm:6790,Mt. Baker Lookout,Washington,48.777343,-121.813201,1807.0,1463.0,0.0,1923-08-03,1923,PRESERVED_SPECIMEN,CRCM,Mammalogy,CRCM:Mamm:6790,Collector(s): unknown,CONTINENT_DERIVED_FROM_COORDINATES;INSTITUTION_MATCH_FUZZY;INSTITUTION_COLLECTION_MISMATCH
5196222987,faeffe24-0bbc-468f-bfc5-8899d0ab5d78,https://arctos.database.museum/guid/CRCM:Mamm:6246,Sullivan Lake,Washington,48.814811,-117.289974,873.0,,,1959-06-17,1959,PRESERVED_SPECIMEN,CRCM,Mammalogy,CRCM:Mamm:6246,Collector(s): unknown,CONTINENT_DERIVED_FROM_COORDINATES;INSTITUTION_MATCH_FUZZY;INSTITUTION_COLLECTION_MISMATCH
5196198550,faeffe24-0bbc-468f-bfc5-8899d0ab5d78,https://arctos.database.museum/guid/CRCM:Mamm:5738,Scenic,Washington,47.490922,-121.835952,71239.0,642.0,0.0,1918-08-30,1918,PRESERVED_SPECIMEN,CRCM,Mammalogy,CRCM:Mamm:5738,Collector(s): unknown,CONTINENT_DERIVED_FROM_COORDINATES;INSTITUTION_MATCH_FUZZY;INSTITUTION_COLLECTION_MISMATCH
5196198511,faeffe24-0bbc-468f-bfc5-8899d0ab5d78,https://arctos.database.museum/guid/CRCM:Mamm:5717,Packrat Gorge,Washington,48.768151,-117.059131,1506.0,,,1958-07-20,1958,PRESERVED_SPECIMEN,CRCM,Mammalogy,CRCM:Mamm:5717,Collector(s): unknown,CONTINENT_DERIVED_FROM_COORDINATES;INSTITUTION_MATCH_FUZZY;INSTITUTION_COLLECTION_MISMATCH
5196198482,faeffe24-0bbc-468f-bfc5-8899d0ab5d78,https://arctos.database.museum/guid/CRCM:Mamm:5890,Stehekin,Washington,48.309303,-120.656488,301.0,,,1918-07-25,1918,PRESERVED_SPECIMEN,CRCM,Mammalogy,CRCM:Mamm:5890,Collector(s): unknown,CONTINENT_DERIVED_FROM_COORDINATES;INSTITUTION_MATCH_FUZZY;INSTITUTION_COLLECTION_MISMATCH
5187602489,50c9509d-22c7-4a22-a47d-8c48425ef4a7,https://www.inaturalist.org/observations/287217247,,Washington,46.752394,-121.886242,8.0,,,2025-05-24T10:56,2025,HUMAN_OBSERVATION,iNaturalist,Observations,287217247,Zach Hawn,COORDINATE_ROUNDED;CONTINENT_DERIVED_FROM_COORDINATES;TAXON_ID_NOT_FOUND
5174838004,377be098-626f-4cc2-b4b5-35700050669a,https://arctos.database.museum/guid/UAM:Mamm:113962,Wenatchee National Forest,Washington,47.80337,-121.05504,4.0,,,2010-06-30,2010,PRESERVED_SPECIMEN,UAM,Mammalogy,UAM:Mamm:113962,"Collector(s): Link E. Olson, Nicholas J. Kerhoulas; Preparator(s): Aren M. Gunderson",CONTINENT_DERIVED_FROM_COORDINATES;AMBIGUOUS_INSTITUTION
5174806021,377be098-626f-4cc2-b4b5-35700050669a,https://arctos.database.museum/guid/UAM:Mamm:113944,Wenatchee National Forest,Washington,47.80337,-121.05504,4.0,,,2010-06-30,2010,PRESERVED_SPECIMEN,UAM,Mammalogy,UAM:Mamm:113944,"Collector(s): Link E. Olson, Nicholas J. Kerhoulas; Preparator(s): Aren M. Gunderson",CONTINENT_DERIVED_FROM_COORDINATES;AMBIGUOUS_INSTITUTION
5174793569,377be098-626f-4cc2-b4b5-35700050669a,https://arctos.database.museum/guid/UAM:Mamm:54422,Thorp Cr trail head,Washington,47.347222,-121.155556,,,,1993-08-28,1993,PRESERVED_SPECIMEN,UAM,Mammalogy,UAM:Mamm:54422,Collector(s): Michael K. MacDonald; Preparator(s): Michael K. MacDonald,COORDINATE_ROUNDED;CONTINENT_DERIVED_FROM_COORDINATES;AMBIGUOUS_INSTITUTION
5174789761,377be098-626f-4cc2-b4b5-35700050669a,https://arctos.database.museum/guid/UAM:Mamm:35119,0.125 mi NW Peoh Point Road & 111 Road; T19 R15 S15,Washington,47.15,-121.95,1041.0,,,1994-10-11,1994,PRESERVED_SPECIMEN,UAM,Mammalogy,UAM:Mamm:35119,Collector(s): Michael K. MacDonald; Preparator(s): Michael K. MacDonald,CONTINENT_DERIVED_FROM_COORDINATES;AMBIGUOUS_INSTITUTION
5174773019,377be098-626f-4cc2-b4b5-35700050669a,https://arctos.database.museum/guid/UAM:Mamm:113935,Gifford Pinchot National Forest,Washington,46.54487,-121.59556,7.0,848.0,0.0,2010-07-02,2010,PRESERVED_SPECIMEN,UAM,Mammalogy,UAM:Mamm:113935,"Collector(s): Link E. Olson, Nicholas J. Kerhoulas; Preparator(s): Aren M. Gunderson",CONTINENT_DERIVED_FROM_COORDINATES;AMBIGUOUS_INSTITUTION
5174753761,377be098-626f-4cc2-b4b5-35700050669a,https://arctos.database.museum/guid/UAM:Mamm:35060,1 mi SW Peoh Point; T19 R15 S15,Washington,47.133333,-120.966667,1041.0,,,1995-09-21,1995,PRESERVED_SPECIMEN,UAM,Mammalogy,UAM:Mamm:35060,Collector(s): Michael K. MacDonald; Preparator(s): Michael K. MacDonald,COORDINATE_ROUNDED;CONTINENT_DERIVED_FROM_COORDINATES;AMBIGUOUS_INSTITUTION
5174736003,377be098-626f-4cc2-b4b5-35700050669a,https://arctos.database.museum/guid/UAM:Mamm:113931,Wenatchee National Forest,Washington,47.80307,-121.05545,3.0,,,2010-06-30,2010,PRESERVED_SPECIMEN,UAM,Mammalogy,UAM:Mamm:113931,"Collector(s): Link E. Olson, Nicholas J. Kerhoulas; Preparator(s): Jonathan A. Nations",CONTINENT_DERIVED_FROM_COORDINATES;AMBIGUOUS_INSTITUTION
5174734008,377be098-626f-4cc2-b4b5-35700050669a,https://arctos.database.museum/guid/UAM:Mamm:113897,"Gifford Pinchot National Forest, Lewis County, southwestern edge of Glacier Lake",Washington,46.54688,-121.58768,4.0,908.0,0.0,2010-07-02,2010,PRESERVED_SPECIMEN,UAM,Mammalogy,UAM:Mamm:113897,"Collector(s): Link E. Olson, Nicholas J. Kerhoulas; Preparator(s): Takae Nakajima",CONTINENT_DERIVED_FROM_COORDINATES;AMBIGUOUS_INSTITUTION
5174700012,377be098-626f-4cc2-b4b5-35700050669a,https://arctos.database.museum/guid/UAM:Mamm:113933,Gifford Pinchot National Forest,Washington,46.54702,-121.58727,3.0,,,2010-07-02,2010,PRESERVED_SPECIMEN,UAM,Mammalogy,UAM:Mamm:113933,"Collector(s): Link E. Olson, Nicholas J. Kerhoulas; Preparator(s): Jonathan A. Nations",CONTINENT_DERIVED_FROM_COORDINATES;AMBIGUOUS_INSTITUTION
5167810217,50c9509d-22c7-4a22-a47d-8c48425ef4a7,https://www.inaturalist.org/observations/283064848,,Washington,48.469222,-121.059364,10.0,,,2019-08-13T20:32:47,2019,HUMAN_OBSERVATION,iNaturalist,Observations,283064848,green_flamingo,COORDINATE_ROUNDED;CONTINENT_DERIVED_FROM_COORDINATES;TAXON_ID_NOT_FOUND
5154942134,50c9509d-22c7-4a22-a47d-8c48425ef4a7,https://www.inaturalist.org/observations/280791657,,Washington,46.750297,-121.78392,203.0,,,2024-06-28T20:04:21,2024,HUMAN_OBSERVATION,iNaturalist,Observations,280791657,boytoad99,COORDINATE_ROUNDED;CONTINENT_DERIVED_FROM_COORDINATES;TAXON_ID_NOT_FOUND
5153622820,50c9509d-22c7-4a22-a47d-8c48425ef4a7,https://www.inaturalist.org/observations/278887295,,Washington,47.444257,-120.651333,26839.0,,,2024-08-12T09:25:41,2024,HUMAN_OBSERVATION,iNaturalist,Observations,278887295,schomakera,COORDINATE_ROUNDED;CONTINENT_DERIVED_FROM_COORDINATES;TAXON_ID_NOT_FOUND
5147417919,0daed095-478a-4af6-abf5-18acb790fbb2,https://arctos.database.museum/guid/MVZ:Mamm:134803,"Rock Creek Pass, Round Top Mt.",Washington,47.8706,-117.1014,1139.0,,,1938-09-05,1938,PRESERVED_SPECIMEN,MVZ,Mammalogy,MVZ:Mamm:134803,Collector(s): Walter W. Dalquest,CONTINENT_DERIVED_FROM_COORDINATES;INSTITUTION_MATCH_FUZZY;INSTITUTION_COLLECTION_MISMATCH;TAXON_MATCH_HIGHERRANK
5147416913,0daed095-478a-4af6-abf5-18acb790fbb2,https://arctos.database.museum/guid/MVZ:Mamm:134817,4 mi SE Mt. Stuart,Washington,47.434359,-120.841514,3582.0,,,1940-08-25,1940,PRESERVED_SPECIMEN,MVZ,Mammalogy,MVZ:Mamm:134817,Collector(s): Walter W. Dalquest,COORDINATE_ROUNDED;CONTINENT_DERIVED_FROM_COORDINATES;INSTITUTION_MATCH_FUZZY;INSTITUTION_COLLECTION_MISMATCH
5147416912,0daed095-478a-4af6-abf5-18acb790fbb2,https://arctos.database.museum/guid/MVZ:Mamm:134790,2 mi NE Tye,Washington,47.76987,-121.089049,3388.0,,,1940-09-08,1940,PRESERVED_SPECIMEN,MVZ,Mammalogy,MVZ:Mamm:134790,Collector(s): Walter W. Dalquest,COORDINATE_ROUNDED;CONTINENT_DERIVED_FROM_COORDINATES;INSTITUTION_MATCH_FUZZY;INSTITUTION_COLLECTION_MISMATCH;TAXON_MATCH_HIGHERRANK
5147416911,0daed095-478a-4af6-abf5-18acb790fbb2,https://arctos.database.museum/guid/MVZ:Mamm:134787,Tye,Washington,47.7494,-121.1194,1300.0,,,1940-06-09,1940,PRESERVED_SPECIMEN,MVZ,Mammalogy,MVZ:Mamm:134787,Collector(s): Walter W. Dalquest,CONTINENT_DERIVED_FROM_COORDINATES;INSTITUTION_MATCH_FUZZY;INSTITUTION_COLLECTION_MISMATCH;TAXON_MATCH_HIGHERRANK
5147415915,0daed095-478a-4af6-abf5-18acb790fbb2,https://arctos.database.museum/guid/MVZ:Mamm:134804,"Rock Creek Pass, Round Top Mt.",Washington,47.8706,-117.1014,1139.0,,,1938-09-06,1938,PRESERVED_SPECIMEN,MVZ,Mammalogy,MVZ:Mamm:134804,Collector(s): Walter W. Dalquest,CONTINENT_DERIVED_FROM_COORDINATES;INSTITUTION_MATCH_FUZZY;INSTITUTION_COLLECTION_MISMATCH;TAXON_MATCH_HIGHERRANK
5147412914,0daed095-478a-4af6-abf5-18acb790fbb2,https://arctos.database.museum/guid/MVZ:Mamm:134797,"Rock Creek Pass, Round Top Mt.",Washington,47.8706,-117.1014,1139.0,,,1937-07-04,1937,PRESERVED_SPECIMEN,MVZ,Mammalogy,MVZ:Mamm:134797,Collector(s): Walter W. Dalquest,CONTINENT_DERIVED_FROM_COORDINATES;INSTITUTION_MATCH_FUZZY;INSTITUTION_COLLECTION_MISMATCH;TAXON_MATCH_HIGHERRANK
5147399246,0daed095-478a-4af6-abf5-18acb790fbb2,https://arctos.database.museum/guid/MVZ:Mamm:94671,3 mi NE Tumtum Mt.,Washington,45.965414,-122.290681,5832.0,213.0,0.0,1940-08-04,1940,PRESERVED_SPECIMEN,MVZ,Mammalogy,MVZ:Mamm:94671,Collector(s): Ward C. Russell,COORDINATE_ROUNDED;CONTINENT_DERIVED_FROM_COORDINATES;INSTITUTION_MATCH_FUZZY;INSTITUTION_COLLECTION_MISMATCH;TAXON_MATCH_HIGHERRANK
5147392247,0daed095-478a-4af6-abf5-18acb790fbb2,https://arctos.database.museum/guid/MVZ:Mamm:94678,3 mi NE Tumtum Mt.,Washington,45.965414,-122.290681,5832.0,213.0,0.0,1940-08-06,1940,PRESERVED_SPECIMEN,MVZ,Mammalogy,MVZ:Mamm:94678,Collector(s): Ward C. Russell,COORDINATE_ROUNDED;CONTINENT_DERIVED_FROM_COORDINATES;INSTITUTION_MATCH_FUZZY;INSTITUTION_COLLECTION_MISMATCH;TAXON_MATCH_HIGHERRANK
5147391825,0daed095-478a-4af6-abf5-18acb790fbb2,https://arctos.database.museum/guid/MVZ:Mamm:84514,Sherman Creek Pass,Washington,48.6075,-118.4783,657.0,,,1938-09-11,1938,PRESERVED_SPECIMEN,MVZ,Mammalogy,MVZ:Mamm:84514,Collector(s): Walter W. Dalquest,CONTINENT_DERIVED_FROM_COORDINATES;INSTITUTION_MATCH_FUZZY;INSTITUTION_COLLECTION_MISMATCH;TAXON_MATCH_HIGHERRANK
5147306917,0daed095-478a-4af6-abf5-18acb790fbb2,https://arctos.database.museum/guid/MVZ:Mamm:134812,Swamp Creek,Washington,48.93014,-121.67675,2910.0,,,1937-08-15,1937,PRESERVED_SPECIMEN,MVZ,Mammalogy,MVZ:Mamm:134812,Collector(s): Walter W. Dalquest,CONTINENT_DERIVED_FROM_COORDINATES;INSTITUTION_MATCH_FUZZY;INSTITUTION_COLLECTION_MISMATCH
5147306916,0daed095-478a-4af6-abf5-18acb790fbb2,https://arctos.database.museum/guid/MVZ:Mamm:134809,"Milk Creek, Naches Hwy.",Washington,46.98286,-121.09337,13472.0,,,1940-09-13,1940,PRESERVED_SPECIMEN,MVZ,Mammalogy,MVZ:Mamm:134809,Collector(s): Walter W. Dalquest,CONTINENT_DERIVED_FROM_COORDINATES;INSTITUTION_MATCH_FUZZY;INSTITUTION_COLLECTION_MISMATCH
5147306915,0daed095-478a-4af6-abf5-18acb790fbb2,https://arctos.database.museum/guid/MVZ:Mamm:134782,Tye,Washington,47.7494,-121.1194,1300.0,,,1939-10-15,1939,PRESERVED_SPECIMEN,MVZ,Mammalogy,MVZ:Mamm:134782,Collector(s): Walter W. Dalquest,CONTINENT_DERIVED_FROM_COORDINATES;INSTITUTION_MATCH_FUZZY;INSTITUTION_COLLECTION_MISMATCH;TAXON_MATCH_HIGHERRANK
5147306914,0daed095-478a-4af6-abf5-18acb790fbb2,https://arctos.database.museum/guid/MVZ:Mamm:134779,"2 mi E summit, Stevens Pass",Washington,47.7464,-121.041779,4068.0,,,1938-09-04,1938,PRESERVED_SPECIMEN,MVZ,Mammalogy,MVZ:Mamm:134779,Collector(s): Walter W. Dalquest,COORDINATE_ROUNDED;CONTINENT_DERIVED_FROM_COORDINATES;INSTITUTION_MATCH_FUZZY;INSTITUTION_COLLECTION_MISMATCH;TAXON_MATCH_HIGHERRANK
5147303912,0daed095-478a-4af6-abf5-18acb790fbb2,https://arctos.database.museum/guid/MVZ:Mamm:134806,"Rock Creek Pass, Round Top Mt.",Washington,47.8706,-117.1014,1139.0,,,1938-09-07,1938,PRESERVED_SPECIMEN,MVZ,Mammalogy,MVZ:Mamm:134806,Collector(s): Walter W. Dalquest,CONTINENT_DERIVED_FROM_COORDINATES;INSTITUTION_MATCH_FUZZY;INSTITUTION_COLLECTION_MISMATCH;TAXON_MATCH_HIGHERRANK
5147302914,0daed095-478a-4af6-abf5-18acb790fbb2,https://arctos.database.museum/guid/MVZ:Mamm:134818,4 mi SE Mt. Stuart,Washington,47.434359,-120.841514,3582.0,,,1940-07-22,1940,PRESERVED_SPECIMEN,MVZ,Mammalogy,MVZ:Mamm:134818,Collector(s): Walter W. Dalquest,COORDINATE_ROUNDED;CONTINENT_DERIVED_FROM_COORDINATES;INSTITUTION_MATCH_FUZZY;INSTITUTION_COLLECTION_MISMATCH
5147302913,0daed095-478a-4af6-abf5-18acb790fbb2,https://arctos.database.museum/guid/MVZ:Mamm:134791,Lake Keechelus,Washington,47.3225,-121.3381,4680.0,,,1940-03-22,1940,PRESERVED_SPECIMEN,MVZ,Mammalogy,MVZ:Mamm:134791,Collector(s): Walter W. Dalquest,CONTINENT_DERIVED_FROM_COORDINATES;INSTITUTION_MATCH_FUZZY;INSTITUTION_COLLECTION_MISMATCH;TAXON_MATCH_HIGHERRANK
5147302912,0daed095-478a-4af6-abf5-18acb790fbb2,https://arctos.database.museum/guid/MVZ:Mamm:134788,1 mi NE Tye,Washington,47.759635,-121.104224,3095.0,,,1940-09-08,1940,PRESERVED_SPECIMEN,MVZ,Mammalogy,MVZ:Mamm:134788,Collector(s): Walter W. Dalquest,COORDINATE_ROUNDED;CONTINENT_DERIVED_FROM_COORDINATES;INSTITUTION_MATCH_FUZZY;INSTITUTION_COLLECTION_MISMATCH;TAXON_MATCH_HIGHERRANK
5147300918,0daed095-478a-4af6-abf5-18acb790fbb2,https://arctos.database.museum/guid/MVZ:Mamm:134813,Swamp Creek,Washington,48.93014,-121.67675,2910.0,,,1937-08-15,1937,PRESERVED_SPECIMEN,MVZ,Mammalogy,MVZ:Mamm:134813,Collector(s): Walter W. Dalquest,CONTINENT_DERIVED_FROM_COORDINATES;INSTITUTION_MATCH_FUZZY;INSTITUTION_COLLECTION_MISMATCH
5147300917,0daed095-478a-4af6-abf5-18acb790fbb2,https://arctos.database.museum/guid/MVZ:Mamm:134783,Tye,Washington,47.7494,-121.1194,1300.0,,,1939-10-15,1939,PRESERVED_SPECIMEN,MVZ,Mammalogy,MVZ:Mamm:134783,Collector(s): Walter W. Dalquest,CONTINENT_DERIVED_FROM_COORDINATES;INSTITUTION_MATCH_FUZZY;INSTITUTION_COLLECTION_MISMATCH;TAXON_MATCH_HIGHERRANK
5147298923,0daed095-478a-4af6-abf5-18acb790fbb2,https://arctos.database.museum/guid/MVZ:Mamm:134802,"Rock Creek Pass, Round Top Mt.",Washington,47.8706,-117.1014,1139.0,,,1938-09-05,1938,PRESERVED_SPECIMEN,MVZ,Mammalogy,MVZ:Mamm:134802,Collector(s): Walter W. Dalquest,CONTINENT_DERIVED_FROM_COORDINATES;INSTITUTION_MATCH_FUZZY;INSTITUTION_COLLECTION_MISMATCH;TAXON_MATCH_HIGHERRANK
5147284953,0daed095-478a-4af6-abf5-18acb790fbb2,https://arctos.database.museum/guid/MVZ:Mamm:87865,1 mi SE Sawtooth Mt.,Washington,46.060062,-121.755891,3095.0,1280.0,0.0,1939-07-13,1939,PRESERVED_SPECIMEN,MVZ,Mammalogy,MVZ:Mamm:87865,Collector(s): Donald F. Hoffmeister,COORDINATE_ROUNDED;CONTINENT_DERIVED_FROM_COORDINATES;INSTITUTION_MATCH_FUZZY;INSTITUTION_COLLECTION_MISMATCH;TAXON_MATCH_HIGHERRANK
5147282249,0daed095-478a-4af6-abf5-18acb790fbb2,https://arctos.database.museum/guid/MVZ:Mamm:94672,3 mi NE Tumtum Mt.,Washington,45.965414,-122.290681,5832.0,213.0,0.0,1940-08-05,1940,PRESERVED_SPECIMEN,MVZ,Mammalogy,MVZ:Mamm:94672,Collector(s): John E. Chattin,COORDINATE_ROUNDED;CONTINENT_DERIVED_FROM_COORDINATES;INSTITUTION_MATCH_FUZZY;INSTITUTION_COLLECTION_MISMATCH;TAXON_MATCH_HIGHERRANK
5147282248,0daed095-478a-4af6-abf5-18acb790fbb2,https://arctos.database.museum/guid/MVZ:Mamm:94669,3 mi NE Tumtum Mt.,Washington,45.965414,-122.290681,5832.0,213.0,0.0,1940-08-04,1940,PRESERVED_SPECIMEN,MVZ,Mammalogy,MVZ:Mamm:94669,Collector(s): John E. Chattin,COORDINATE_ROUNDED;CONTINENT_DERIVED_FROM_COORDINATES;INSTITUTION_MATCH_FUZZY;INSTITUTION_COLLECTION_MISMATCH;TAXON_MATCH_HIGHERRANK
5147275955,0daed095-478a-4af6-abf5-18acb790fbb2,https://arctos.database.museum/guid/MVZ:Mamm:87866,1 mi SE Sawtooth Mt.,Washington,46.060062,-121.755891,3095.0,1280.0,0.0,1939-07-13,1939,PRESERVED_SPECIMEN,MVZ,Mammalogy,MVZ:Mamm:87866,Collector(s): William M. Longhurst,COORDINATE_ROUNDED;CONTINENT_DERIVED_FROM_COORDINATES;INSTITUTION_MATCH_FUZZY;INSTITUTION_COLLECTION_MISMATCH;TAXON_MATCH_HIGHERRANK
5147265570,0daed095-478a-4af6-abf5-18acb790fbb2,https://arctos.database.museum/guid/MVZ:Mamm:54536,Lake Keechelus,Washington,47.3225,-121.3381,4680.0,,,1919-06-28,1919,PRESERVED_SPECIMEN,MVZ,Mammalogy,MVZ:Mamm:54536,Collector(s): David Edward Brown,CONTINENT_DERIVED_FROM_COORDINATES;INSTITUTION_MATCH_FUZZY;INSTITUTION_COLLECTION_MISMATCH;TAXON_MATCH_HIGHERRANK
5147209215,0daed095-478a-4af6-abf5-18acb790fbb2,https://arctos.database.museum/guid/MVZ:Mamm:189939,"Midway Camp, 25 mi SE Randle",Washington,46.279375,-121.584949,16583.0,1585.0,0.0,1942-09-02,1942,PRESERVED_SPECIMEN,MVZ,Mammalogy,MVZ:Mamm:189939,Collector(s): William B. Richardson,COORDINATE_ROUNDED;CONTINENT_DERIVED_FROM_COORDINATES;INSTITUTION_MATCH_FUZZY;INSTITUTION_COLLECTION_MISMATCH;TAXON_MATCH_HIGHERRANK
5147184915,0daed095-478a-4af6-abf5-18acb790fbb2,https://arctos.database.museum/guid/MVZ:Mamm:134799,"Rock Creek Pass, Round Top Mt.",Washington,47.8706,-117.1014,1139.0,,,1938-06-14,1938,PRESERVED_SPECIMEN,MVZ,Mammalogy,MVZ:Mamm:134799,Collector(s): Walter W. Dalquest,CONTINENT_DERIVED_FROM_COORDINATES;INSTITUTION_MATCH_FUZZY;INSTITUTION_COLLECTION_MISMATCH;TAXON_MATCH_HIGHERRANK
5147183915,0daed095-478a-4af6-abf5-18acb790fbb2,https://arctos.database.museum/guid/MVZ:Mamm:134816,4 mi SE Mt. Stuart,Washington,47.434359,-120.841514,3582.0,,,1940-08-25,1940,PRESERVED_SPECIMEN,MVZ,Mammalogy,MVZ:Mamm:134816,Collector(s): Walter W. Dalquest,COORDINATE_ROUNDED;CONTINENT_DERIVED_FROM_COORDINATES;INSTITUTION_MATCH_FUZZY;INSTITUTION_COLLECTION_MISMATCH
5147183914,0daed095-478a-4af6-abf5-18acb790fbb2,https://arctos.database.museum/guid/MVZ:Mamm:134786,Tye,Washington,47.7494,-121.1194,1300.0,,,1940-06-09,1940,PRESERVED_SPECIMEN,MVZ,Mammalogy,MVZ:Mamm:134786,Collector(s): Walter W. Dalquest,CONTINENT_DERIVED_FROM_COORDINATES;INSTITUTION_MATCH_FUZZY;INSTITUTION_COLLECTION_MISMATCH;TAXON_MATCH_HIGHERRANK
5147182915,0daed095-478a-4af6-abf5-18acb790fbb2,https://arctos.database.museum/guid/MVZ:Mamm:134792,2 mi E Naches Pass,Washington,47.0872,-121.335912,3555.0,,,1937-06-11,1937,PRESERVED_SPECIMEN,MVZ,Mammalogy,MVZ:Mamm:134792,Collector(s): Walter W. Dalquest,COORDINATE_ROUNDED;CONTINENT_DERIVED_FROM_COORDINATES;INSTITUTION_MATCH_FUZZY;INSTITUTION_COLLECTION_MISMATCH;TAXON_MATCH_HIGHERRANK
5147182914,0daed095-478a-4af6-abf5-18acb790fbb2,https://arctos.database.museum/guid/MVZ:Mamm:134789,2 mi NE Tye,Washington,47.76987,-121.089049,3388.0,,,1940-09-08,1940,PRESERVED_SPECIMEN,MVZ,Mammalogy,MVZ:Mamm:134789,Collector(s): Walter W. Dalquest,COORDINATE_ROUNDED;CONTINENT_DERIVED_FROM_COORDINATES;INSTITUTION_MATCH_FUZZY;INSTITUTION_COLLECTION_MISMATCH;TAXON_MATCH_HIGHERRANK
5147181914,0daed095-478a-4af6-abf5-18acb790fbb2,https://arctos.database.museum/guid/MVZ:Mamm:134805,"Rock Creek Pass, Round Top Mt.",Washington,47.8706,-117.1014,1139.0,,,1938-09-06,1938,PRESERVED_SPECIMEN,MVZ,Mammalogy,MVZ:Mamm:134805,Collector(s): Walter W. Dalquest,CONTINENT_DERIVED_FROM_COORDINATES;INSTITUTION_MATCH_FUZZY;INSTITUTION_COLLECTION_MISMATCH;TAXON_MATCH_HIGHERRANK
5147178915,0daed095-478a-4af6-abf5-18acb790fbb2,https://arctos.database.museum/guid/MVZ:Mamm:134811,"Milk Creek, Naches Hwy.",Washington,46.98286,-121.09337,13472.0,,,1940-09-13,1940,PRESERVED_SPECIMEN,MVZ,Mammalogy,MVZ:Mamm:134811,Collector(s): Walter W. Dalquest,CONTINENT_DERIVED_FROM_COORDINATES;INSTITUTION_MATCH_FUZZY;INSTITUTION_COLLECTION_MISMATCH
5147178914,0daed095-478a-4af6-abf5-18acb790fbb2,https://arctos.database.museum/guid/MVZ:Mamm:134808,"Rock Creek Pass, Round Top Mt.",Washington,47.8706,-117.1014,1139.0,,,1938-09-07,1938,PRESERVED_SPECIMEN,MVZ,Mammalogy,MVZ:Mamm:134808,Collector(s): Walter W. Dalquest,CONTINENT_DERIVED_FROM_COORDINATES;INSTITUTION_MATCH_FUZZY;INSTITUTION_COLLECTION_MISMATCH;TAXON_MATCH_HIGHERRANK
5147178913,0daed095-478a-4af6-abf5-18acb790fbb2,https://arctos.database.museum/guid/MVZ:Mamm:134781,Tye,Washington,47.7494,-121.1194,1300.0,,,1939-10-14,1939,PRESERVED_SPECIMEN,MVZ,Mammalogy,MVZ:Mamm:134781,Collector(s): Walter W. Dalquest,CONTINENT_DERIVED_FROM_COORDINATES;INSTITUTION_MATCH_FUZZY;INSTITUTION_COLLECTION_MISMATCH;TAXON_MATCH_HIGHERRANK
5147178912,0daed095-478a-4af6-abf5-18acb790fbb2,https://arctos.database.museum/guid/MVZ:Mamm:134778,Stevens Pass,Washington,47.7464,-121.0847,818.0,,,1938-10-10,1938,PRESERVED_SPECIMEN,MVZ,Mammalogy,MVZ:Mamm:134778,Collector(s): Walter W. Dalquest,CONTINENT_DERIVED_FROM_COORDINATES;INSTITUTION_MATCH_FUZZY;INSTITUTION_COLLECTION_MISMATCH;TAXON_MATCH_HIGHERRANK
5147163827,0daed095-478a-4af6-abf5-18acb790fbb2,https://arctos.database.museum/guid/MVZ:Mamm:84516,"Rock Creek Pass, Round Top Mt.",Washington,47.8706,-117.1014,1139.0,,,1938-09-07,1938,PRESERVED_SPECIMEN,MVZ,Mammalogy,MVZ:Mamm:84516,Collector(s): Walter W. Dalquest,CONTINENT_DERIVED_FROM_COORDINATES;INSTITUTION_MATCH_FUZZY;INSTITUTION_COLLECTION_MISMATCH;TAXON_MATCH_HIGHERRANK
5147163244,0daed095-478a-4af6-abf5-18acb790fbb2,https://arctos.database.museum/guid/MVZ:Mamm:94670,3 mi NE Tumtum Mt.,Washington,45.965414,-122.290681,5832.0,213.0,0.0,1940-08-04,1940,PRESERVED_SPECIMEN,MVZ,Mammalogy,MVZ:Mamm:94670,Collector(s): Ward C. Russell,COORDINATE_ROUNDED;CONTINENT_DERIVED_FROM_COORDINATES;INSTITUTION_MATCH_FUZZY;INSTITUTION_COLLECTION_MISMATCH;TAXON_MATCH_HIGHERRANK
5147161250,0daed095-478a-4af6-abf5-18acb790fbb2,https://arctos.database.museum/guid/MVZ:Mamm:94673,3 mi NE Tumtum Mt.,Washington,45.965414,-122.290681,5832.0,213.0,0.0,1940-08-05,1940,PRESERVED_SPECIMEN,MVZ,Mammalogy,MVZ:Mamm:94673,Collector(s): Ward C. Russell,COORDINATE_ROUNDED;CONTINENT_DERIVED_FROM_COORDINATES;INSTITUTION_MATCH_FUZZY;INSTITUTION_COLLECTION_MISMATCH;TAXON_MATCH_HIGHERRANK
5147155954,0daed095-478a-4af6-abf5-18acb790fbb2,https://arctos.database.museum/guid/MVZ:Mamm:87864,1 mi SE Sawtooth Mt.,Washington,46.060062,-121.755891,3095.0,1280.0,0.0,1939-07-13,1939,PRESERVED_SPECIMEN,MVZ,Mammalogy,MVZ:Mamm:87864,Collector(s): John E. Chattin,COORDINATE_ROUNDED;CONTINENT_DERIVED_FROM_COORDINATES;INSTITUTION_MATCH_FUZZY;INSTITUTION_COLLECTION_MISMATCH;TAXON_MATCH_HIGHERRANK
5147089216,0daed095-478a-4af6-abf5-18acb790fbb2,https://arctos.database.museum/guid/MVZ:Mamm:189938,"North Fork of Cispus River, 11 mi SE Randle",Washington,46.422673,-121.792656,8095.0,434.0,0.0,1942-08-25,1942,PRESERVED_SPECIMEN,MVZ,Mammalogy,MVZ:Mamm:189938,Collector(s): William B. Richardson,COORDINATE_ROUNDED;CONTINENT_DERIVED_FROM_COORDINATES;INSTITUTION_MATCH_FUZZY;INSTITUTION_COLLECTION_MISMATCH;TAXON_MATCH_HIGHERRANK
5147066916,0daed095-478a-4af6-abf5-18acb790fbb2,https://arctos.database.museum/guid/MVZ:Mamm:134798,"Rock Creek Pass, Round Top Mt.",Washington,47.8706,-117.1014,1139.0,,,1938-06-13,1938,PRESERVED_SPECIMEN,MVZ,Mammalogy,MVZ:Mamm:134798,Collector(s): Walter W. Dalquest,CONTINENT_DERIVED_FROM_COORDINATES;INSTITUTION_MATCH_FUZZY;INSTITUTION_COLLECTION_MISMATCH;TAXON_MATCH_HIGHERRANK
5147065922,0daed095-478a-4af6-abf5-18acb790fbb2,https://arctos.database.museum/guid/MVZ:Mamm:134801,"Rock Creek Pass, Round Top Mt.",Washington,47.8706,-117.1014,1139.0,,,1938-09-05,1938,PRESERVED_SPECIMEN,MVZ,Mammalogy,MVZ:Mamm:134801,Collector(s): Walter W. Dalquest,CONTINENT_DERIVED_FROM_COORDINATES;INSTITUTION_MATCH_FUZZY;INSTITUTION_COLLECTION_MISMATCH;TAXON_MATCH_HIGHERRANK
5147062917,0daed095-478a-4af6-abf5-18acb790fbb2,https://arctos.database.museum/guid/MVZ:Mamm:134796,Sherman Creek Pass,Washington,48.6075,-118.4783,657.0,,,1938-09-11,1938,PRESERVED_SPECIMEN,MVZ,Mammalogy,MVZ:Mamm:134796,Collector(s): Walter W. Dalquest,CONTINENT_DERIVED_FROM_COORDINATES;INSTITUTION_MATCH_FUZZY;INSTITUTION_COLLECTION_MISMATCH;TAXON_MATCH_HIGHERRANK
5147060924,0daed095-478a-4af6-abf5-18acb790fbb2,https://arctos.database.museum/guid/MVZ:Mamm:134795,Sherman Creek Pass,Washington,48.6075,-118.4783,657.0,,,1938-09-11,1938,PRESERVED_SPECIMEN,MVZ,Mammalogy,MVZ:Mamm:134795,Collector(s): Walter W. Dalquest,CONTINENT_DERIVED_FROM_COORDINATES;INSTITUTION_MATCH_FUZZY;INSTITUTION_COLLECTION_MISMATCH;TAXON_MATCH_HIGHERRANK
5147058919,0daed095-478a-4af6-abf5-18acb790fbb2,https://arctos.database.museum/guid/MVZ:Mamm:134793,Sherman Creek Pass,Washington,48.6075,-118.4783,657.0,,,1938-09-11,1938,PRESERVED_SPECIMEN,MVZ,Mammalogy,MVZ:Mamm:134793,Collector(s): Walter W. Dalquest,CONTINENT_DERIVED_FROM_COORDINATES;INSTITUTION_MATCH_FUZZY;INSTITUTION_COLLECTION_MISMATCH;TAXON_MATCH_HIGHERRANK
5147045249,0daed095-478a-4af6-abf5-18acb790fbb2,https://arctos.database.museum/guid/MVZ:Mamm:94679,3 mi NE Tumtum Mt.,Washington,45.965414,-122.290681,5832.0,213.0,0.0,1940-08-06,1940,PRESERVED_SPECIMEN,MVZ,Mammalogy,MVZ:Mamm:94679,Collector(s): Ward C. Russell,COORDINATE_ROUNDED;CONTINENT_DERIVED_FROM_COORDINATES;INSTITUTION_MATCH_FUZZY;INSTITUTION_COLLECTION_MISMATCH;TAXON_MATCH_HIGHERRANK
5147044827,0daed095-478a-4af6-abf5-18acb790fbb2,https://arctos.database.museum/guid/MVZ:Mamm:84515,"Rock Creek Pass, Round Top Mt.",Washington,47.8706,-117.1014,1139.0,,,1938-06-14,1938,PRESERVED_SPECIMEN,MVZ,Mammalogy,MVZ:Mamm:84515,Collector(s): Walter W. Dalquest,CONTINENT_DERIVED_FROM_COORDINATES;INSTITUTION_MATCH_FUZZY;INSTITUTION_COLLECTION_MISMATCH;TAXON_MATCH_HIGHERRANK
5147040251,0daed095-478a-4af6-abf5-18acb790fbb2,https://arctos.database.museum/guid/MVZ:Mamm:94680,3 mi NE Tumtum Mt.,Washington,45.965414,-122.290681,5832.0,213.0,0.0,1940-08-06,1940,PRESERVED_SPECIMEN,MVZ,Mammalogy,MVZ:Mamm:94680,Collector(s): Ward C. Russell,COORDINATE_ROUNDED;CONTINENT_DERIVED_FROM_COORDINATES;INSTITUTION_MATCH_FUZZY;INSTITUTION_COLLECTION_MISMATCH;TAXON_MATCH_HIGHERRANK
5147040250,0daed095-478a-4af6-abf5-18acb790fbb2,https://arctos.database.museum/guid/MVZ:Mamm:94677,3 mi NE Tumtum Mt.,Washington,45.965414,-122.290681,5832.0,213.0,0.0,1940-08-06,1940,PRESERVED_SPECIMEN,MVZ,Mammalogy,MVZ:Mamm:94677,Collector(s): John E. Chattin,COORDINATE_ROUNDED;CONTINENT_DERIVED_FROM_COORDINATES;INSTITUTION_MATCH_FUZZY;INSTITUTION_COLLECTION_MISMATCH;TAXON_MATCH_HIGHERRANK
5147039826,0daed095-478a-4af6-abf5-18acb790fbb2,https://arctos.database.museum/guid/MVZ:Mamm:84513,Sherman Creek Pass,Washington,48.6075,-118.4783,657.0,,,1938-09-11,1938,PRESERVED_SPECIMEN,MVZ,Mammalogy,MVZ:Mamm:84513,Collector(s): Walter W. Dalquest,CONTINENT_DERIVED_FROM_COORDINATES;INSTITUTION_MATCH_FUZZY;INSTITUTION_COLLECTION_MISMATCH;TAXON_MATCH_HIGHERRANK
5147039255,0daed095-478a-4af6-abf5-18acb790fbb2,https://arctos.database.museum/guid/MVZ:Mamm:94676,3 mi NE Tumtum Mt.,Washington,45.965414,-122.290681,5832.0,213.0,0.0,1940-08-06,1940,PRESERVED_SPECIMEN,MVZ,Mammalogy,MVZ:Mamm:94676,Collector(s): John E. Chattin,COORDINATE_ROUNDED;CONTINENT_DERIVED_FROM_COORDINATES;INSTITUTION_MATCH_FUZZY;INSTITUTION_COLLECTION_MISMATCH;TAXON_MATCH_HIGHERRANK
5147038251,0daed095-478a-4af6-abf5-18acb790fbb2,https://arctos.database.museum/guid/MVZ:Mamm:94674,3 mi NE Tumtum Mt.,Washington,45.965414,-122.290681,5832.0,213.0,0.0,1940-08-05,1940,PRESERVED_SPECIMEN,MVZ,Mammalogy,MVZ:Mamm:94674,Collector(s): Ward C. Russell,COORDINATE_ROUNDED;CONTINENT_DERIVED_FROM_COORDINATES;INSTITUTION_MATCH_FUZZY;INSTITUTION_COLLECTION_MISMATCH;TAXON_MATCH_HIGHERRANK
5146966924,0daed095-478a-4af6-abf5-18acb790fbb2,https://arctos.database.museum/guid/MVZ:Mamm:134794,Sherman Creek Pass,Washington,48.6075,-118.4783,657.0,,,1938-09-11,1938,PRESERVED_SPECIMEN,MVZ,Mammalogy,MVZ:Mamm:134794,Collector(s): Walter W. Dalquest,CONTINENT_DERIVED_FROM_COORDINATES;INSTITUTION_MATCH_FUZZY;INSTITUTION_COLLECTION_MISMATCH;TAXON_MATCH_HIGHERRANK
5146965915,0daed095-478a-4af6-abf5-18acb790fbb2,https://arctos.database.museum/guid/MVZ:Mamm:134800,"Rock Creek Pass, Round Top Mt.",Washington,47.8706,-117.1014,1139.0,,,1938-09-04,1938,PRESERVED_SPECIMEN,MVZ,Mammalogy,MVZ:Mamm:134800,Collector(s): Walter W. Dalquest,CONTINENT_DERIVED_FROM_COORDINATES;INSTITUTION_MATCH_FUZZY;INSTITUTION_COLLECTION_MISMATCH;TAXON_MATCH_HIGHERRANK
5146964919,0daed095-478a-4af6-abf5-18acb790fbb2,https://arctos.database.museum/guid/MVZ:Mamm:134815,4 mi SE Mt. Stuart,Washington,47.434359,-120.841514,3582.0,,,1940-07-22,1940,PRESERVED_SPECIMEN,MVZ,Mammalogy,MVZ:Mamm:134815,Collector(s): Walter W. Dalquest,COORDINATE_ROUNDED;CONTINENT_DERIVED_FROM_COORDINATES;INSTITUTION_MATCH_FUZZY;INSTITUTION_COLLECTION_MISMATCH
5146964918,0daed095-478a-4af6-abf5-18acb790fbb2,https://arctos.database.museum/guid/MVZ:Mamm:134785,Tye,Washington,47.7494,-121.1194,1300.0,,,1940-06-09,1940,PRESERVED_SPECIMEN,MVZ,Mammalogy,MVZ:Mamm:134785,Collector(s): Walter W. Dalquest,CONTINENT_DERIVED_FROM_COORDINATES;INSTITUTION_MATCH_FUZZY;INSTITUTION_COLLECTION_MISMATCH;TAXON_MATCH_HIGHERRANK
5146963912,0daed095-478a-4af6-abf5-18acb790fbb2,https://arctos.database.museum/guid/MVZ:Mamm:134810,"Milk Creek, Naches Hwy.",Washington,46.98286,-121.09337,13472.0,,,1940-09-13,1940,PRESERVED_SPECIMEN,MVZ,Mammalogy,MVZ:Mamm:134810,Collector(s): Walter W. Dalquest,CONTINENT_DERIVED_FROM_COORDINATES;INSTITUTION_MATCH_FUZZY;INSTITUTION_COLLECTION_MISMATCH
5146963911,0daed095-478a-4af6-abf5-18acb790fbb2,https://arctos.database.museum/guid/MVZ:Mamm:134807,"Rock Creek Pass, Round Top Mt.",Washington,47.8706,-117.1014,1139.0,,,1938-09-07,1938,PRESERVED_SPECIMEN,MVZ,Mammalogy,MVZ:Mamm:134807,Collector(s): Walter W. Dalquest,CONTINENT_DERIVED_FROM_COORDINATES;INSTITUTION_MATCH_FUZZY;INSTITUTION_COLLECTION_MISMATCH;TAXON_MATCH_HIGHERRANK
5146963910,0daed095-478a-4af6-abf5-18acb790fbb2,https://arctos.database.museum/guid/MVZ:Mamm:134780,Tye,Washington,47.7494,-121.1194,1300.0,,,1939-10-14,1939,PRESERVED_SPECIMEN,MVZ,Mammalogy,MVZ:Mamm:134780,Collector(s): Walter W. Dalquest,CONTINENT_DERIVED_FROM_COORDINATES;INSTITUTION_MATCH_FUZZY;INSTITUTION_COLLECTION_MISMATCH;TAXON_MATCH_HIGHERRANK
5146963909,0daed095-478a-4af6-abf5-18acb790fbb2,https://arctos.database.museum/guid/MVZ:Mamm:134777,2 mi E Stevens Pass,Washington,47.7464,-121.041779,4068.0,,,1938-06-18,1938,PRESERVED_SPECIMEN,MVZ,Mammalogy,MVZ:Mamm:134777,Collector(s): Walter W. Dalquest,COORDINATE_ROUNDED;CONTINENT_DERIVED_FROM_COORDINATES;INSTITUTION_MATCH_FUZZY;INSTITUTION_COLLECTION_MISMATCH;TAXON_MATCH_HIGHERRANK
5146962921,0daed095-478a-4af6-abf5-18acb790fbb2,https://arctos.database.museum/guid/MVZ:Mamm:134814,Tomyhhoi Lake,Washington,48.9731,-121.6783,1461.0,,,1937-08-16,1937,PRESERVED_SPECIMEN,MVZ,Mammalogy,MVZ:Mamm:134814,Collector(s): Walter W. Dalquest,CONTINENT_DERIVED_FROM_COORDINATES;INSTITUTION_MATCH_FUZZY;INSTITUTION_COLLECTION_MISMATCH
5146962920,0daed095-478a-4af6-abf5-18acb790fbb2,https://arctos.database.museum/guid/MVZ:Mamm:134784,Tye,Washington,47.7494,-121.1194,1300.0,,,1940-06-09,1940,PRESERVED_SPECIMEN,MVZ,Mammalogy,MVZ:Mamm:134784,Collector(s): Walter W. Dalquest,CONTINENT_DERIVED_FROM_COORDINATES;INSTITUTION_MATCH_FUZZY;INSTITUTION_COLLECTION_MISMATCH;TAXON_MATCH_HIGHERRANK
5146957254,0daed095-478a-4af6-abf5-18acb790fbb2,https://arctos.database.museum/guid/MVZ:Mamm:94675,3 mi NE Tumtum Mt.,Washington,45.965414,-122.290681,5832.0,213.0,0.0,1940-08-06,1940,PRESERVED_SPECIMEN,MVZ,Mammalogy,MVZ:Mamm:94675,Collector(s): Ward C. Russell,COORDINATE_ROUNDED;CONTINENT_DERIVED_FROM_COORDINATES;INSTITUTION_MATCH_FUZZY;INSTITUTION_COLLECTION_MISMATCH;TAXON_MATCH_HIGHERRANK
5146954964,0daed095-478a-4af6-abf5-18acb790fbb2,https://arctos.database.museum/guid/MVZ:Mamm:87868,1 mi SE Sawtooth Mt.,Washington,46.060062,-121.755891,3095.0,1280.0,0.0,1939-07-13,1939,PRESERVED_SPECIMEN,MVZ,Mammalogy,MVZ:Mamm:87868,Collector(s): Lloyd P. Tevis Jr.,COORDINATE_ROUNDED;CONTINENT_DERIVED_FROM_COORDINATES;INSTITUTION_MATCH_FUZZY;INSTITUTION_COLLECTION_MISMATCH;TAXON_MATCH_HIGHERRANK
5146952961,0daed095-478a-4af6-abf5-18acb790fbb2,https://arctos.database.museum/guid/MVZ:Mamm:87867,1 mi SE Sawtooth Mt.,Washington,46.060062,-121.755891,3095.0,1280.0,0.0,1939-07-13,1939,PRESERVED_SPECIMEN,MVZ,Mammalogy,MVZ:Mamm:87867,Collector(s): William M. Longhurst,COORDINATE_ROUNDED;CONTINENT_DERIVED_FROM_COORDINATES;INSTITUTION_MATCH_FUZZY;INSTITUTION_COLLECTION_MISMATCH;TAXON_MATCH_HIGHERRANK
5140773579,50c9509d-22c7-4a22-a47d-8c48425ef4a7,https://www.inaturalist.org/observations/275440200,,Washington,46.806097,-121.726959,373.0,,,2024-07-27T12:30,2024,HUMAN_OBSERVATION,iNaturalist,Observations,275440200,varunt,COORDINATE_ROUNDED;CONTINENT_DERIVED_FROM_COORDINATES;TAXON_ID_NOT_FOUND
5133837681,50c9509d-22c7-4a22-a47d-8c48425ef4a7,https://www.inaturalist.org/observations/270750003,,Washington,46.759739,-121.7692,3923.0,,,2023-10-05T13:12,2023,HUMAN_OBSERVATION,iNaturalist,Observations,270750003,mr_hoot,COORDINATE_ROUNDED;CONTINENT_DERIVED_FROM_COORDINATES;TAXON_ID_NOT_FOUND
5133725975,50c9509d-22c7-4a22-a47d-8c48425ef4a7,https://www.inaturalist.org/observations/270750013,,Washington,46.759739,-121.7692,3923.0,,,2023-10-05T14:11,2023,HUMAN_OBSERVATION,iNaturalist,Observations,270750013,mr_hoot,COORDINATE_ROUNDED;CONTINENT_DERIVED_FROM_COORDINATES;TAXON_ID_NOT_FOUND
5133716825,50c9509d-22c7-4a22-a47d-8c48425ef4a7,https://www.inaturalist.org/observations/270750027,,Washington,46.753977,-121.761818,4207.0,,,2023-10-05T13:04,2023,HUMAN_OBSERVATION,iNaturalist,Observations,270750027,mr_hoot,COORDINATE_ROUNDED;CONTINENT_DERIVED_FROM_COORDINATES;TAXON_ID_NOT_FOUND
5133476492,50c9509d-22c7-4a22-a47d-8c48425ef4a7,https://www.inaturalist.org/observations/227950885,,Washington,48.011117,-121.442126,1207.0,,,2024-07-04T14:19:57,2024,HUMAN_OBSERVATION,iNaturalist,Observations,227950885,spinescence,COORDINATE_ROUNDED;CONTINENT_DERIVED_FROM_COORDINATES;TAXON_ID_NOT_FOUND
5108339786,50c9509d-22c7-4a22-a47d-8c48425ef4a7,https://www.inaturalist.org/observations/267726577,,Washington,47.404306,-121.343764,3894.0,,,2020-07-16T16:40,2020,HUMAN_OBSERVATION,iNaturalist,Observations,267726577,Jack Wander,COORDINATE_ROUNDED;CONTINENT_DERIVED_FROM_COORDINATES;TAXON_ID_NOT_FOUND
5108287203,50c9509d-22c7-4a22-a47d-8c48425ef4a7,https://www.inaturalist.org/observations/267603598,,Washington,46.867148,-121.699856,20725.0,,,2018-07-31T15:54,2018,HUMAN_OBSERVATION,iNaturalist,Observations,267603598,Jolene Saldivar,COORDINATE_ROUNDED;CONTINENT_DERIVED_FROM_COORDINATES;TAXON_ID_NOT_FOUND
5104446043,50c9509d-22c7-4a22-a47d-8c48425ef4a7,https://www.inaturalist.org/observations/266233368,,Washington,47.429141,-121.148476,2000.0,,,2020-08-08T11:01,2020,HUMAN_OBSERVATION,iNaturalist,Observations,266233368,mather65,COORDINATE_ROUNDED;CONTINENT_DERIVED_FROM_COORDINATES;TAXON_ID_NOT_FOUND
5099658367,b15d4952-7d20-46f1-8a3e-556a512b04c5,https://arctos.database.museum/guid/MSB:Mamm:275316,"North Cascades Highway, E of Diablo Lake.",Washington,48.71787,-121.07525,,,,2011-06-11,2011,PRESERVED_SPECIMEN,MSB,Mammalogy,MSB:Mamm:275316,Collector(s): Kurt Egan Galbreath,CONTINENT_DERIVED_FROM_COORDINATES;INSTITUTION_MATCH_FUZZY;INSTITUTION_COLLECTION_MISMATCH
5099655787,b15d4952-7d20-46f1-8a3e-556a512b04c5,https://arctos.database.museum/guid/MSB:Mamm:272537,"""4 mi. S, 10 mi. Wazama (assume """"W Mazama"""")""",Washington,48.533991,-120.622542,11300.0,,,1988-08-29,1988,PRESERVED_SPECIMEN,MSB,Mammalogy,MSB:Mamm:272537,Collector(s): David J. Hafner,CONTINENT_DERIVED_FROM_COORDINATES;INSTITUTION_MATCH_FUZZY;INSTITUTION_COLLECTION_MISMATCH
5099655704,b15d4952-7d20-46f1-8a3e-556a512b04c5,https://arctos.database.museum/guid/MSB:Mamm:272122,"2 mi. S, 11 mi. E Glacier",Washington,48.860927,-121.703735,12500.0,,,1988-08-28,1988,PRESERVED_SPECIMEN,MSB,Mammalogy,MSB:Mamm:272122,Collector(s): David J. Hafner,CONTINENT_DERIVED_FROM_COORDINATES;INSTITUTION_MATCH_FUZZY;INSTITUTION_COLLECTION_MISMATCH
5099655703,b15d4952-7d20-46f1-8a3e-556a512b04c5,https://arctos.database.museum/guid/MSB:Mamm:272118,"""4 mi. S, 10 mi. Wazama (assume """"W Mazama"""")""",Washington,48.533991,-120.622542,11300.0,,,1988-08-29,1988,PRESERVED_SPECIMEN,MSB,Mammalogy,MSB:Mamm:272118,Collector(s): Robert Miles Sullivan,CONTINENT_DERIVED_FROM_COORDINATES;INSTITUTION_MATCH_FUZZY;INSTITUTION_COLLECTION_MISMATCH
5099655684,b15d4952-7d20-46f1-8a3e-556a512b04c5,https://arctos.database.museum/guid/MSB:Mamm:272023,"2 mi. S, 11 mi. E Glacier",Washington,48.860927,-121.703735,12500.0,,,1988-08-28,1988,PRESERVED_SPECIMEN,MSB,Mammalogy,MSB:Mamm:272023,Collector(s): David J. Hafner,CONTINENT_DERIVED_FROM_COORDINATES;INSTITUTION_MATCH_FUZZY;INSTITUTION_COLLECTION_MISMATCH
5099655683,b15d4952-7d20-46f1-8a3e-556a512b04c5,https://arctos.database.museum/guid/MSB:Mamm:272019,"""4 mi. S, 10 mi. Wazama (assume """"W Mazama"""")""",Washington,48.533991,-120.622542,11300.0,,,1988-08-29,1988,PRESERVED_SPECIMEN,MSB,Mammalogy,MSB:Mamm:272019,Collector(s): Robert Miles Sullivan,CONTINENT_DERIVED_FROM_COORDINATES;INSTITUTION_MATCH_FUZZY;INSTITUTION_COLLECTION_MISMATCH
5099655678,b15d4952-7d20-46f1-8a3e-556a512b04c5,https://arctos.database.museum/guid/MSB:Mamm:271993,"""4 mi. S, 10 mi. Wazama (assume """"W Mazama"""")""",Washington,48.533991,-120.622542,11300.0,,,1988-08-29,1988,PRESERVED_SPECIMEN,MSB,Mammalogy,MSB:Mamm:271993,Collector(s): Robert Miles Sullivan,CONTINENT_DERIVED_FROM_COORDINATES;INSTITUTION_MATCH_FUZZY;INSTITUTION_COLLECTION_MISMATCH
5099655673,b15d4952-7d20-46f1-8a3e-556a512b04c5,https://arctos.database.museum/guid/MSB:Mamm:271966,"""4 mi. S, 10 mi. Wazama (assume """"W Mazama"""")""",Washington,48.533991,-120.622542,11300.0,,,1988-08-29,1988,PRESERVED_SPECIMEN,MSB,Mammalogy,MSB:Mamm:271966,Collector(s): David J. Hafner,CONTINENT_DERIVED_FROM_COORDINATES;INSTITUTION_MATCH_FUZZY;INSTITUTION_COLLECTION_MISMATCH
5099653811,b15d4952-7d20-46f1-8a3e-556a512b04c5,https://arctos.database.museum/guid/MSB:Mamm:272535,"""4 mi. S, 10 mi. Wazama (assume """"W Mazama"""")""",Washington,48.533991,-120.622542,11300.0,,,1988-08-29,1988,PRESERVED_SPECIMEN,MSB,Mammalogy,MSB:Mamm:272535,Collector(s): David J. Hafner,CONTINENT_DERIVED_FROM_COORDINATES;INSTITUTION_MATCH_FUZZY;INSTITUTION_COLLECTION_MISMATCH
5099653733,b15d4952-7d20-46f1-8a3e-556a512b04c5,https://arctos.database.museum/guid/MSB:Mamm:272148,"2 mi. S, 11 mi. E Glacier",Washington,48.860927,-121.703735,12500.0,,,1988-08-28,1988,PRESERVED_SPECIMEN,MSB,Mammalogy,MSB:Mamm:272148,Collector(s): Robert Miles Sullivan,CONTINENT_DERIVED_FROM_COORDINATES;INSTITUTION_MATCH_FUZZY;INSTITUTION_COLLECTION_MISMATCH
5099653728,b15d4952-7d20-46f1-8a3e-556a512b04c5,https://arctos.database.museum/guid/MSB:Mamm:272120,"""4 mi. S, 10 mi. Wazama (assume """"W Mazama"""")""",Washington,48.533991,-120.622542,11300.0,,,1988-08-29,1988,PRESERVED_SPECIMEN,MSB,Mammalogy,MSB:Mamm:272120,Collector(s): Robert Miles Sullivan,CONTINENT_DERIVED_FROM_COORDINATES;INSTITUTION_MATCH_FUZZY;INSTITUTION_COLLECTION_MISMATCH
5099653713,b15d4952-7d20-46f1-8a3e-556a512b04c5,https://arctos.database.museum/guid/MSB:Mamm:272049,"2 mi. S, 11 mi. E Glacier",Washington,48.860927,-121.703735,12500.0,,,1988-08-28,1988,PRESERVED_SPECIMEN,MSB,Mammalogy,MSB:Mamm:272049,Collector(s): Robert Miles Sullivan,CONTINENT_DERIVED_FROM_COORDINATES;INSTITUTION_MATCH_FUZZY;INSTITUTION_COLLECTION_MISMATCH
5099653708,b15d4952-7d20-46f1-8a3e-556a512b04c5,https://arctos.database.museum/guid/MSB:Mamm:272021,"2 mi. S, 11 mi. E Glacier",Washington,48.860927,-121.703735,12500.0,,,1988-08-28,1988,PRESERVED_SPECIMEN,MSB,Mammalogy,MSB:Mamm:272021,Collector(s): David J. Hafner,CONTINENT_DERIVED_FROM_COORDINATES;INSTITUTION_MATCH_FUZZY;INSTITUTION_COLLECTION_MISMATCH
5099653703,b15d4952-7d20-46f1-8a3e-556a512b04c5,https://arctos.database.museum/guid/MSB:Mamm:271996,"""4 mi. S, 10 mi. Wazama (assume """"W Mazama"""")""",Washington,48.533991,-120.622542,11300.0,,,1988-08-29,1988,PRESERVED_SPECIMEN,MSB,Mammalogy,MSB:Mamm:271996,Collector(s): Robert Miles Sullivan,CONTINENT_DERIVED_FROM_COORDINATES;INSTITUTION_MATCH_FUZZY;INSTITUTION_COLLECTION_MISMATCH
5099653702,b15d4952-7d20-46f1-8a3e-556a512b04c5,https://arctos.database.museum/guid/MSB:Mamm:271991,"""4 mi. S, 10 mi. Wazama (assume """"W Mazama"""")""",Washington,48.533991,-120.622542,11300.0,,,1988-08-29,1988,PRESERVED_SPECIMEN,MSB,Mammalogy,MSB:Mamm:271991,Collector(s): David J. Hafner,CONTINENT_DERIVED_FROM_COORDINATES;INSTITUTION_MATCH_FUZZY;INSTITUTION_COLLECTION_MISMATCH
5099653696,b15d4952-7d20-46f1-8a3e-556a512b04c5,https://arctos.database.museum/guid/MSB:Mamm:271964,"""4 mi. S, 10 mi. Wazama (assume """"W Mazama"""")""",Washington,48.533991,-120.622542,11300.0,,,1988-08-29,1988,PRESERVED_SPECIMEN,MSB,Mammalogy,MSB:Mamm:271964,Collector(s): David J. Hafner,CONTINENT_DERIVED_FROM_COORDINATES;INSTITUTION_MATCH_FUZZY;INSTITUTION_COLLECTION_MISMATCH
5099652836,b15d4952-7d20-46f1-8a3e-556a512b04c5,https://arctos.database.museum/guid/MSB:Mamm:272536,"""4 mi. S, 10 mi. Wazama (assume """"W Mazama"""")""",Washington,48.533991,-120.622542,11300.0,,,1988-08-29,1988,PRESERVED_SPECIMEN,MSB,Mammalogy,MSB:Mamm:272536,Collector(s): David J. Hafner,CONTINENT_DERIVED_FROM_COORDINATES;INSTITUTION_MATCH_FUZZY;INSTITUTION_COLLECTION_MISMATCH
5099652758,b15d4952-7d20-46f1-8a3e-556a512b04c5,https://arctos.database.museum/guid/MSB:Mamm:272149,"2 mi. S, 11 mi. E Glacier",Washington,48.860927,-121.703735,12500.0,,,1988-08-28,1988,PRESERVED_SPECIMEN,MSB,Mammalogy,MSB:Mamm:272149,Collector(s): Robert Miles Sullivan,CONTINENT_DERIVED_FROM_COORDINATES;INSTITUTION_MATCH_FUZZY;INSTITUTION_COLLECTION_MISMATCH
5099652753,b15d4952-7d20-46f1-8a3e-556a512b04c5,https://arctos.database.museum/guid/MSB:Mamm:272121,"2 mi. S, 11 mi. E Glacier",Washington,48.860927,-121.703735,12500.0,,,1988-08-28,1988,PRESERVED_SPECIMEN,MSB,Mammalogy,MSB:Mamm:272121,Collector(s): David J. Hafner,CONTINENT_DERIVED_FROM_COORDINATES;INSTITUTION_MATCH_FUZZY;INSTITUTION_COLLECTION_MISMATCH
5099652733,b15d4952-7d20-46f1-8a3e-556a512b04c5,https://arctos.database.museum/guid/MSB:Mamm:272022,"2 mi. S, 11 mi. E Glacier",Washington,48.860927,-121.703735,12500.0,,,1988-08-28,1988,PRESERVED_SPECIMEN,MSB,Mammalogy,MSB:Mamm:272022,Collector(s): David J. Hafner,CONTINENT_DERIVED_FROM_COORDINATES;INSTITUTION_MATCH_FUZZY;INSTITUTION_COLLECTION_MISMATCH
5099652728,b15d4952-7d20-46f1-8a3e-556a512b04c5,https://arctos.database.museum/guid/MSB:Mamm:271997,"""4 mi. S, 10 mi. Wazama (assume """"W Mazama"""")""",Washington,48.533991,-120.622542,11300.0,,,1988-08-29,1988,PRESERVED_SPECIMEN,MSB,Mammalogy,MSB:Mamm:271997,Collector(s): Robert Miles Sullivan,CONTINENT_DERIVED_FROM_COORDINATES;INSTITUTION_MATCH_FUZZY;INSTITUTION_COLLECTION_MISMATCH
5099652727,b15d4952-7d20-46f1-8a3e-556a512b04c5,https://arctos.database.museum/guid/MSB:Mamm:271992,"""4 mi. S, 10 mi. Wazama (assume """"W Mazama"""")""",Washington,48.533991,-120.622542,11300.0,,,1988-08-29,1988,PRESERVED_SPECIMEN,MSB,Mammalogy,MSB:Mamm:271992,Collector(s): Robert Miles Sullivan,CONTINENT_DERIVED_FROM_COORDINATES;INSTITUTION_MATCH_FUZZY;INSTITUTION_COLLECTION_MISMATCH
5099652722,b15d4952-7d20-46f1-8a3e-556a512b04c5,https://arctos.database.museum/guid/MSB:Mamm:271965,"""4 mi. S, 10 mi. Wazama (assume """"W Mazama"""")""",Washington,48.533991,-120.622542,11300.0,,,1988-08-29,1988,PRESERVED_SPECIMEN,MSB,Mammalogy,MSB:Mamm:271965,Collector(s): David J. Hafner,CONTINENT_DERIVED_FROM_COORDINATES;INSTITUTION_MATCH_FUZZY;INSTITUTION_COLLECTION_MISMATCH
5099649788,b15d4952-7d20-46f1-8a3e-556a512b04c5,https://arctos.database.museum/guid/MSB:Mamm:272539,"""4 mi. S, 10 mi. Wazama (assume """"W Mazama"""")""",Washington,48.533991,-120.622542,11300.0,,,1988-08-29,1988,PRESERVED_SPECIMEN,MSB,Mammalogy,MSB:Mamm:272539,Collector(s): Robert Miles Sullivan,CONTINENT_DERIVED_FROM_COORDINATES;INSTITUTION_MATCH_FUZZY;INSTITUTION_COLLECTION_MISMATCH
5099649710,b15d4952-7d20-46f1-8a3e-556a512b04c5,https://arctos.database.museum/guid/MSB:Mamm:272147,"2 mi. S, 11 mi. E Glacier",Washington,48.860927,-121.703735,12500.0,,,1988-08-28,1988,PRESERVED_SPECIMEN,MSB,Mammalogy,MSB:Mamm:272147,Collector(s): Robert Miles Sullivan,CONTINENT_DERIVED_FROM_COORDINATES;INSTITUTION_MATCH_FUZZY;INSTITUTION_COLLECTION_MISMATCH
5099649705,b15d4952-7d20-46f1-8a3e-556a512b04c5,https://arctos.database.museum/guid/MSB:Mamm:272124,"2 mi. S, 11 mi. E Glacier",Washington,48.860927,-121.703735,12500.0,,,1988-08-28,1988,PRESERVED_SPECIMEN,MSB,Mammalogy,MSB:Mamm:272124,Collector(s): David J. Hafner,CONTINENT_DERIVED_FROM_COORDINATES;INSTITUTION_MATCH_FUZZY;INSTITUTION_COLLECTION_MISMATCH
5099649690,b15d4952-7d20-46f1-8a3e-556a512b04c5,https://arctos.database.museum/guid/MSB:Mamm:272048,"2 mi. S, 11 mi. E Glacier",Washington,48.860927,-121.703735,12500.0,,,1988-08-28,1988,PRESERVED_SPECIMEN,MSB,Mammalogy,MSB:Mamm:272048,Collector(s): Robert Miles Sullivan,CONTINENT_DERIVED_FROM_COORDINATES;INSTITUTION_MATCH_FUZZY;INSTITUTION_COLLECTION_MISMATCH
5099649686,b15d4952-7d20-46f1-8a3e-556a512b04c5,https://arctos.database.museum/guid/MSB:Mamm:272025,"2 mi. S, 11 mi. E Glacier",Washington,48.860927,-121.703735,12500.0,,,1988-08-28,1988,PRESERVED_SPECIMEN,MSB,Mammalogy,MSB:Mamm:272025,Collector(s): David J. Hafner,CONTINENT_DERIVED_FROM_COORDINATES;INSTITUTION_MATCH_FUZZY;INSTITUTION_COLLECTION_MISMATCH
5099649685,b15d4952-7d20-46f1-8a3e-556a512b04c5,https://arctos.database.museum/guid/MSB:Mamm:272020,"2 mi. S, 11 mi. E Glacier",Washington,48.860927,-121.703735,12500.0,,,1988-08-28,1988,PRESERVED_SPECIMEN,MSB,Mammalogy,MSB:Mamm:272020,Collector(s): David J. Hafner,CONTINENT_DERIVED_FROM_COORDINATES;INSTITUTION_MATCH_FUZZY;INSTITUTION_COLLECTION_MISMATCH
5099649680,b15d4952-7d20-46f1-8a3e-556a512b04c5,https://arctos.database.museum/guid/MSB:Mamm:271995,"""4 mi. S, 10 mi. Wazama (assume """"W Mazama"""")""",Washington,48.533991,-120.622542,11300.0,,,1988-08-29,1988,PRESERVED_SPECIMEN,MSB,Mammalogy,MSB:Mamm:271995,Collector(s): Robert Miles Sullivan,CONTINENT_DERIVED_FROM_COORDINATES;INSTITUTION_MATCH_FUZZY;INSTITUTION_COLLECTION_MISMATCH
5099649674,b15d4952-7d20-46f1-8a3e-556a512b04c5,https://arctos.database.museum/guid/MSB:Mamm:271968,"""4 mi. S, 10 mi. Wazama (assume """"W Mazama"""")""",Washington,48.533991,-120.622542,11300.0,,,1988-08-29,1988,PRESERVED_SPECIMEN,MSB,Mammalogy,MSB:Mamm:271968,Collector(s): David J. Hafner,CONTINENT_DERIVED_FROM_COORDINATES;INSTITUTION_MATCH_FUZZY;INSTITUTION_COLLECTION_MISMATCH
5099649673,b15d4952-7d20-46f1-8a3e-556a512b04c5,https://arctos.database.museum/guid/MSB:Mamm:271963,"""4 mi. S, 10 mi. Wazama (assume """"W Mazama"""")""",Washington,48.533991,-120.622542,11300.0,,,1988-08-29,1988,PRESERVED_SPECIMEN,MSB,Mammalogy,MSB:Mamm:271963,Collector(s): David J. Hafner,CONTINENT_DERIVED_FROM_COORDINATES;INSTITUTION_MATCH_FUZZY;INSTITUTION_COLLECTION_MISMATCH
5099646802,b15d4952-7d20-46f1-8a3e-556a512b04c5,https://arctos.database.museum/guid/MSB:Mamm:272538,"""4 mi. S, 10 mi. Wazama (assume """"W Mazama"""")""",Washington,48.533991,-120.622542,11300.0,,,1988-08-29,1988,PRESERVED_SPECIMEN,MSB,Mammalogy,MSB:Mamm:272538,Collector(s): Robert Miles Sullivan,CONTINENT_DERIVED_FROM_COORDINATES;INSTITUTION_MATCH_FUZZY;INSTITUTION_COLLECTION_MISMATCH
5099646724,b15d4952-7d20-46f1-8a3e-556a512b04c5,https://arctos.database.museum/guid/MSB:Mamm:272146,"2 mi. S, 11 mi. E Glacier",Washington,48.860927,-121.703735,12500.0,,,1988-08-28,1988,PRESERVED_SPECIMEN,MSB,Mammalogy,MSB:Mamm:272146,Collector(s): Robert Miles Sullivan,CONTINENT_DERIVED_FROM_COORDINATES;INSTITUTION_MATCH_FUZZY;INSTITUTION_COLLECTION_MISMATCH
5099646719,b15d4952-7d20-46f1-8a3e-556a512b04c5,https://arctos.database.museum/guid/MSB:Mamm:272123,"2 mi. S, 11 mi. E Glacier",Washington,48.860927,-121.703735,12500.0,,,1988-08-28,1988,PRESERVED_SPECIMEN,MSB,Mammalogy,MSB:Mamm:272123,Collector(s): David J. Hafner,CONTINENT_DERIVED_FROM_COORDINATES;INSTITUTION_MATCH_FUZZY;INSTITUTION_COLLECTION_MISMATCH
5099646718,b15d4952-7d20-46f1-8a3e-556a512b04c5,https://arctos.database.museum/guid/MSB:Mamm:272119,"""4 mi. S, 10 mi. Wazama (assume """"W Mazama"""")""",Washington,48.533991,-120.622542,11300.0,,,1988-08-29,1988,PRESERVED_SPECIMEN,MSB,Mammalogy,MSB:Mamm:272119,Collector(s): Robert Miles Sullivan,CONTINENT_DERIVED_FROM_COORDINATES;INSTITUTION_MATCH_FUZZY;INSTITUTION_COLLECTION_MISMATCH
5099646704,b15d4952-7d20-46f1-8a3e-556a512b04c5,https://arctos.database.museum/guid/MSB:Mamm:272047,"2 mi. S, 11 mi. E Glacier",Washington,48.860927,-121.703735,12500.0,,,1988-08-28,1988,PRESERVED_SPECIMEN,MSB,Mammalogy,MSB:Mamm:272047,Collector(s): David J. Hafner,CONTINENT_DERIVED_FROM_COORDINATES;INSTITUTION_MATCH_FUZZY;INSTITUTION_COLLECTION_MISMATCH
5099646699,b15d4952-7d20-46f1-8a3e-556a512b04c5,https://arctos.database.museum/guid/MSB:Mamm:272024,"2 mi. S, 11 mi. E Glacier",Washington,48.860927,-121.703735,12500.0,,,1988-08-28,1988,PRESERVED_SPECIMEN,MSB,Mammalogy,MSB:Mamm:272024,Collector(s): David J. Hafner,CONTINENT_DERIVED_FROM_COORDINATES;INSTITUTION_MATCH_FUZZY;INSTITUTION_COLLECTION_MISMATCH
5099646693,b15d4952-7d20-46f1-8a3e-556a512b04c5,https://arctos.database.museum/guid/MSB:Mamm:271994,"""4 mi. S, 10 mi. Wazama (assume """"W Mazama"""")""",Washington,48.533991,-120.622542,11300.0,,,1988-08-29,1988,PRESERVED_SPECIMEN,MSB,Mammalogy,MSB:Mamm:271994,Collector(s): Robert Miles Sullivan,CONTINENT_DERIVED_FROM_COORDINATES;INSTITUTION_MATCH_FUZZY;INSTITUTION_COLLECTION_MISMATCH
5099646688,b15d4952-7d20-46f1-8a3e-556a512b04c5,https://arctos.database.museum/guid/MSB:Mamm:271967,"""4 mi. S, 10 mi. Wazama (assume """"W Mazama"""")""",Washington,48.533991,-120.622542,11300.0,,,1988-08-29,1988,PRESERVED_SPECIMEN,MSB,Mammalogy,MSB:Mamm:271967,Collector(s): David J. Hafner,CONTINENT_DERIVED_FROM_COORDINATES;INSTITUTION_MATCH_FUZZY;INSTITUTION_COLLECTION_MISMATCH
5099628996,b15d4952-7d20-46f1-8a3e-556a512b04c5,https://arctos.database.museum/guid/MSB:Mamm:248136,"Okanogan National Forest, 2 km SE of Washington Pass",Washington,48.51048,-120.63979,10.0,,,2004-08-10,2004,PRESERVED_SPECIMEN,MSB,Mammalogy,MSB:Mamm:248136,Collector(s): Kurt Egan Galbreath; Preparator(s): Kurt Egan Galbreath,CONTINENT_DERIVED_FROM_COORDINATES;INSTITUTION_MATCH_FUZZY;INSTITUTION_COLLECTION_MISMATCH
5099624966,b15d4952-7d20-46f1-8a3e-556a512b04c5,https://arctos.database.museum/guid/MSB:Mamm:248126,"Okanogan National Forest, 2 km SE of Washington Pass",Washington,48.51106,-120.63682,10.0,,,2004-08-11,2004,PRESERVED_SPECIMEN,MSB,Mammalogy,MSB:Mamm:248126,Collector(s): Kurt Egan Galbreath; Preparator(s): Kurt Egan Galbreath,CONTINENT_DERIVED_FROM_COORDINATES;INSTITUTION_MATCH_FUZZY;INSTITUTION_COLLECTION_MISMATCH
5099616015,b15d4952-7d20-46f1-8a3e-556a512b04c5,https://arctos.database.museum/guid/MSB:Mamm:233224,"Gifford-Pinchot National Forest, 0.5 km E Sunrise Peak",Washington,46.329725,-121.747997,10.0,,,2004-08-13,2004,PRESERVED_SPECIMEN,MSB,Mammalogy,MSB:Mamm:233224,Collector(s): Kurt Egan Galbreath,COORDINATE_ROUNDED;CONTINENT_DERIVED_FROM_COORDINATES;INSTITUTION_MATCH_FUZZY;INSTITUTION_COLLECTION_MISMATCH
5099616008,b15d4952-7d20-46f1-8a3e-556a512b04c5,https://arctos.database.museum/guid/MSB:Mamm:233189,"Gifford-Pinchot National Forest, 19 km W Trout Lake",Washington,46.0522,-121.759242,10.0,,,2004-08-15,2004,PRESERVED_SPECIMEN,MSB,Mammalogy,MSB:Mamm:233189,Collector(s): Kurt Egan Galbreath,COORDINATE_ROUNDED;CONTINENT_DERIVED_FROM_COORDINATES;INSTITUTION_MATCH_FUZZY;INSTITUTION_COLLECTION_MISMATCH
5099616001,b15d4952-7d20-46f1-8a3e-556a512b04c5,https://arctos.database.museum/guid/MSB:Mamm:233152,"Gifford-Pinchot National Forest, 19 km W Trout Lake",Washington,46.052758,-121.758094,10.0,,,2004-08-15,2004,PRESERVED_SPECIMEN,MSB,Mammalogy,MSB:Mamm:233152,Collector(s): Kurt Egan Galbreath,COORDINATE_ROUNDED;CONTINENT_DERIVED_FROM_COORDINATES;INSTITUTION_MATCH_FUZZY;INSTITUTION_COLLECTION_MISMATCH
5099615999,b15d4952-7d20-46f1-8a3e-556a512b04c5,https://arctos.database.museum/guid/MSB:Mamm:233143,"Okanogan National Forest, 2 km SE of Washington Pass",Washington,48.506975,-120.628042,10.0,,,2004-08-11,2004,PRESERVED_SPECIMEN,MSB,Mammalogy,MSB:Mamm:233143,Collector(s): Kurt Egan Galbreath,COORDINATE_ROUNDED;CONTINENT_DERIVED_FROM_COORDINATES;INSTITUTION_MATCH_FUZZY;INSTITUTION_COLLECTION_MISMATCH
5099615946,b15d4952-7d20-46f1-8a3e-556a512b04c5,https://arctos.database.museum/guid/MSB:Mamm:232879,"Okanogan National Forest, 2 km SE of Washington Pass",Washington,48.511061,-120.636822,10.0,,,2004-08-11,2004,PRESERVED_SPECIMEN,MSB,Mammalogy,MSB:Mamm:232879,Collector(s): Kurt Egan Galbreath,COORDINATE_ROUNDED;CONTINENT_DERIVED_FROM_COORDINATES;INSTITUTION_MATCH_FUZZY;INSTITUTION_COLLECTION_MISMATCH
5099615943,b15d4952-7d20-46f1-8a3e-556a512b04c5,https://arctos.database.museum/guid/MSB:Mamm:232860,"Okanogan National Forest, 2 km SE of Washington Pass",Washington,48.513094,-120.642544,10.0,,,2004-08-11,2004,PRESERVED_SPECIMEN,MSB,Mammalogy,MSB:Mamm:232860,Collector(s): Kurt Egan Galbreath,COORDINATE_ROUNDED;CONTINENT_DERIVED_FROM_COORDINATES;INSTITUTION_MATCH_FUZZY;INSTITUTION_COLLECTION_MISMATCH
5099614037,b15d4952-7d20-46f1-8a3e-556a512b04c5,https://arctos.database.museum/guid/MSB:Mamm:233222,"Gifford-Pinchot National Forest, 0.5 km E Sunrise Peak",Washington,46.329919,-121.748211,10.0,,,2004-08-13,2004,PRESERVED_SPECIMEN,MSB,Mammalogy,MSB:Mamm:233222,Collector(s): Kurt Egan Galbreath,COORDINATE_ROUNDED;CONTINENT_DERIVED_FROM_COORDINATES;INSTITUTION_MATCH_FUZZY;INSTITUTION_COLLECTION_MISMATCH
5099614031,b15d4952-7d20-46f1-8a3e-556a512b04c5,https://arctos.database.museum/guid/MSB:Mamm:233191,"Gifford-Pinchot National Forest, 19 km W Trout Lake",Washington,46.053006,-121.757761,10.0,,,2004-08-15,2004,PRESERVED_SPECIMEN,MSB,Mammalogy,MSB:Mamm:233191,Collector(s): Kurt Egan Galbreath,COORDINATE_ROUNDED;CONTINENT_DERIVED_FROM_COORDINATES;INSTITUTION_MATCH_FUZZY;INSTITUTION_COLLECTION_MISMATCH
5099614030,b15d4952-7d20-46f1-8a3e-556a512b04c5,https://arctos.database.museum/guid/MSB:Mamm:233187,"Gifford-Pinchot National Forest, 19 km W Trout Lake",Washington,46.053356,-121.756828,10.0,,,2004-08-15,2004,PRESERVED_SPECIMEN,MSB,Mammalogy,MSB:Mamm:233187,Collector(s): Kurt Egan Galbreath,COORDINATE_ROUNDED;CONTINENT_DERIVED_FROM_COORDINATES;INSTITUTION_MATCH_FUZZY;INSTITUTION_COLLECTION_MISMATCH
5099614022,b15d4952-7d20-46f1-8a3e-556a512b04c5,https://arctos.database.museum/guid/MSB:Mamm:233146,"Gifford-Pinchot National Forest, 0.5 km E Sunrise Peak",Washington,46.330478,-121.746769,10.0,,,2004-08-13,2004,PRESERVED_SPECIMEN,MSB,Mammalogy,MSB:Mamm:233146,Collector(s): Kurt Egan Galbreath,COORDINATE_ROUNDED;CONTINENT_DERIVED_FROM_COORDINATES;INSTITUTION_MATCH_FUZZY;INSTITUTION_COLLECTION_MISMATCH
5099614017,b15d4952-7d20-46f1-8a3e-556a512b04c5,https://arctos.database.museum/guid/MSB:Mamm:233123,"Okanogan National Forest, 2 km SE of Washington Pass",Washington,48.508206,-120.632286,10.0,,,2004-08-10,2004,PRESERVED_SPECIMEN,MSB,Mammalogy,MSB:Mamm:233123,Collector(s): Kurt Egan Galbreath,COORDINATE_ROUNDED;CONTINENT_DERIVED_FROM_COORDINATES;INSTITUTION_MATCH_FUZZY;INSTITUTION_COLLECTION_MISMATCH
5099613969,b15d4952-7d20-46f1-8a3e-556a512b04c5,https://arctos.database.museum/guid/MSB:Mamm:232881,"Okanogan National Forest, 2 km SE of Washington Pass",Washington,48.507939,-120.631661,10.0,,,2004-08-11,2004,PRESERVED_SPECIMEN,MSB,Mammalogy,MSB:Mamm:232881,Collector(s): Kurt Egan Galbreath,COORDINATE_ROUNDED;CONTINENT_DERIVED_FROM_COORDINATES;INSTITUTION_MATCH_FUZZY;INSTITUTION_COLLECTION_MISMATCH
5099613056,b15d4952-7d20-46f1-8a3e-556a512b04c5,https://arctos.database.museum/guid/MSB:Mamm:233223,"Gifford-Pinchot National Forest, 0.5 km E Sunrise Peak",Washington,46.330206,-121.747936,10.0,,,2004-08-13,2004,PRESERVED_SPECIMEN,MSB,Mammalogy,MSB:Mamm:233223,Collector(s): Kurt Egan Galbreath,COORDINATE_ROUNDED;CONTINENT_DERIVED_FROM_COORDINATES;INSTITUTION_MATCH_FUZZY;INSTITUTION_COLLECTION_MISMATCH
5099613049,b15d4952-7d20-46f1-8a3e-556a512b04c5,https://arctos.database.museum/guid/MSB:Mamm:233188,"Gifford-Pinchot National Forest, 19 km W Trout Lake",Washington,46.052431,-121.759025,10.0,,,2004-08-15,2004,PRESERVED_SPECIMEN,MSB,Mammalogy,MSB:Mamm:233188,Collector(s): Kurt Egan Galbreath,COORDINATE_ROUNDED;CONTINENT_DERIVED_FROM_COORDINATES;INSTITUTION_MATCH_FUZZY;INSTITUTION_COLLECTION_MISMATCH
5099613040,b15d4952-7d20-46f1-8a3e-556a512b04c5,https://arctos.database.museum/guid/MSB:Mamm:233142,"Okanogan National Forest, 2 km SE of Washington Pass",Washington,48.507083,-120.629556,10.0,,,2004-08-11,2004,PRESERVED_SPECIMEN,MSB,Mammalogy,MSB:Mamm:233142,Collector(s): Kurt Egan Galbreath,COORDINATE_ROUNDED;CONTINENT_DERIVED_FROM_COORDINATES;INSTITUTION_MATCH_FUZZY;INSTITUTION_COLLECTION_MISMATCH
5099613036,b15d4952-7d20-46f1-8a3e-556a512b04c5,https://arctos.database.museum/guid/MSB:Mamm:233124,"Okanogan National Forest, 2 km SE of Washington Pass",Washington,48.507264,-120.630519,10.0,,,2004-08-10,2004,PRESERVED_SPECIMEN,MSB,Mammalogy,MSB:Mamm:233124,Collector(s): Kurt Egan Galbreath,COORDINATE_ROUNDED;CONTINENT_DERIVED_FROM_COORDINATES;INSTITUTION_MATCH_FUZZY;INSTITUTION_COLLECTION_MISMATCH
5099613029,b15d4952-7d20-46f1-8a3e-556a512b04c5,https://arctos.database.museum/guid/MSB:Mamm:233089,"Okanogan National Forest, 2 km SE of Washington Pass",Washington,48.510478,-120.639789,10.0,,,2004-08-10,2004,PRESERVED_SPECIMEN,MSB,Mammalogy,MSB:Mamm:233089,Collector(s): Kurt Egan Galbreath,COORDINATE_ROUNDED;CONTINENT_DERIVED_FROM_COORDINATES;INSTITUTION_MATCH_FUZZY;INSTITUTION_COLLECTION_MISMATCH
5099612988,b15d4952-7d20-46f1-8a3e-556a512b04c5,https://arctos.database.museum/guid/MSB:Mamm:232882,"Okanogan National Forest, 2 km SE of Washington Pass",Washington,48.507036,-120.630539,10.0,,,2004-08-11,2004,PRESERVED_SPECIMEN,MSB,Mammalogy,MSB:Mamm:232882,Collector(s): Kurt Egan Galbreath,COORDINATE_ROUNDED;CONTINENT_DERIVED_FROM_COORDINATES;INSTITUTION_MATCH_FUZZY;INSTITUTION_COLLECTION_MISMATCH
5099611018,b15d4952-7d20-46f1-8a3e-556a512b04c5,https://arctos.database.museum/guid/MSB:Mamm:233226,"Gifford-Pinchot National Forest, 0.5 km E Sunrise Peak",Washington,46.329222,-121.748464,10.0,,,2004-08-13,2004,PRESERVED_SPECIMEN,MSB,Mammalogy,MSB:Mamm:233226,Collector(s): Kurt Egan Galbreath,COORDINATE_ROUNDED;CONTINENT_DERIVED_FROM_COORDINATES;INSTITUTION_MATCH_FUZZY;INSTITUTION_COLLECTION_MISMATCH
5099611011,b15d4952-7d20-46f1-8a3e-556a512b04c5,https://arctos.database.museum/guid/MSB:Mamm:233190,"Gifford-Pinchot National Forest, 19 km W Trout Lake",Washington,46.052792,-121.758689,10.0,,,2004-08-15,2004,PRESERVED_SPECIMEN,MSB,Mammalogy,MSB:Mamm:233190,Collector(s): Kurt Egan Galbreath,COORDINATE_ROUNDED;CONTINENT_DERIVED_FROM_COORDINATES;INSTITUTION_MATCH_FUZZY;INSTITUTION_COLLECTION_MISMATCH
5099611002,b15d4952-7d20-46f1-8a3e-556a512b04c5,https://arctos.database.museum/guid/MSB:Mamm:233145,"Gifford-Pinchot National Forest, 0.5 km E Sunrise Peak",Washington,46.330314,-121.747989,10.0,,,2004-08-13,2004,PRESERVED_SPECIMEN,MSB,Mammalogy,MSB:Mamm:233145,Collector(s): Kurt Egan Galbreath,COORDINATE_ROUNDED;CONTINENT_DERIVED_FROM_COORDINATES;INSTITUTION_MATCH_FUZZY;INSTITUTION_COLLECTION_MISMATCH
5099610997,b15d4952-7d20-46f1-8a3e-556a512b04c5,https://arctos.database.museum/guid/MSB:Mamm:233122,"Okanogan National Forest, 2 km SE of Washington Pass",Washington,48.509397,-120.633728,10.0,,,2004-08-10,2004,PRESERVED_SPECIMEN,MSB,Mammalogy,MSB:Mamm:233122,Collector(s): Kurt Egan Galbreath,COORDINATE_ROUNDED;CONTINENT_DERIVED_FROM_COORDINATES;INSTITUTION_MATCH_FUZZY;INSTITUTION_COLLECTION_MISMATCH
5099610991,b15d4952-7d20-46f1-8a3e-556a512b04c5,https://arctos.database.museum/guid/MSB:Mamm:233091,"Okanogan National Forest, 2 km SE of Washington Pass",Washington,48.509508,-120.633467,10.0,,,2004-08-10,2004,PRESERVED_SPECIMEN,MSB,Mammalogy,MSB:Mamm:233091,Collector(s): Kurt Egan Galbreath,COORDINATE_ROUNDED;CONTINENT_DERIVED_FROM_COORDINATES;INSTITUTION_MATCH_FUZZY;INSTITUTION_COLLECTION_MISMATCH
5099610949,b15d4952-7d20-46f1-8a3e-556a512b04c5,https://arctos.database.museum/guid/MSB:Mamm:232880,"Okanogan National Forest, 2 km SE of Washington Pass",Washington,48.509533,-120.633186,10.0,,,2004-08-11,2004,PRESERVED_SPECIMEN,MSB,Mammalogy,MSB:Mamm:232880,Collector(s): Kurt Egan Galbreath,COORDINATE_ROUNDED;CONTINENT_DERIVED_FROM_COORDINATES;INSTITUTION_MATCH_FUZZY;INSTITUTION_COLLECTION_MISMATCH
5099610925,b15d4952-7d20-46f1-8a3e-556a512b04c5,https://arctos.database.museum/guid/MSB:Mamm:232763,"Okanogan National Forest, 2 km SE of Washington Pass",Washington,48.50605,-120.625994,10.0,,,2004-08-10,2004,PRESERVED_SPECIMEN,MSB,Mammalogy,MSB:Mamm:232763,Collector(s): Kurt Egan Galbreath,COORDINATE_ROUNDED;CONTINENT_DERIVED_FROM_COORDINATES;INSTITUTION_MATCH_FUZZY;INSTITUTION_COLLECTION_MISMATCH
5099610924,b15d4952-7d20-46f1-8a3e-556a512b04c5,https://arctos.database.museum/guid/MSB:Mamm:232759,"Okanogan National Forest, 2 km SE of Washington Pass",Washington,48.506308,-120.626331,10.0,,,2004-08-10,2004,PRESERVED_SPECIMEN,MSB,Mammalogy,MSB:Mamm:232759,Collector(s): Kurt Egan Galbreath,COORDINATE_ROUNDED;CONTINENT_DERIVED_FROM_COORDINATES;INSTITUTION_MATCH_FUZZY;INSTITUTION_COLLECTION_MISMATCH
5099608044,b15d4952-7d20-46f1-8a3e-556a512b04c5,https://arctos.database.museum/guid/MSB:Mamm:233225,"Gifford-Pinchot National Forest, 0.5 km E Sunrise Peak",Washington,46.329372,-121.748561,10.0,,,2004-08-13,2004,PRESERVED_SPECIMEN,MSB,Mammalogy,MSB:Mamm:233225,Collector(s): Kurt Egan Galbreath,COORDINATE_ROUNDED;CONTINENT_DERIVED_FROM_COORDINATES;INSTITUTION_MATCH_FUZZY;INSTITUTION_COLLECTION_MISMATCH
5099608027,b15d4952-7d20-46f1-8a3e-556a512b04c5,https://arctos.database.museum/guid/MSB:Mamm:233144,"Okanogan National Forest, 2 km SE of Washington Pass",Washington,48.506975,-120.630478,10.0,,,2004-08-11,2004,PRESERVED_SPECIMEN,MSB,Mammalogy,MSB:Mamm:233144,Collector(s): Kurt Egan Galbreath,COORDINATE_ROUNDED;CONTINENT_DERIVED_FROM_COORDINATES;INSTITUTION_MATCH_FUZZY;INSTITUTION_COLLECTION_MISMATCH
5099608017,b15d4952-7d20-46f1-8a3e-556a512b04c5,https://arctos.database.museum/guid/MSB:Mamm:233090,"Okanogan National Forest, 2 km SE of Washington Pass",Washington,48.509517,-120.633853,10.0,,,2004-08-10,2004,PRESERVED_SPECIMEN,MSB,Mammalogy,MSB:Mamm:233090,Collector(s): Kurt Egan Galbreath,COORDINATE_ROUNDED;CONTINENT_DERIVED_FROM_COORDINATES;INSTITUTION_MATCH_FUZZY;INSTITUTION_COLLECTION_MISMATCH
5069757055,50c9509d-22c7-4a22-a47d-8c48425ef4a7,https://www.inaturalist.org/observations/257960382,,Washington,48.859047,-121.700607,,,,2022-08-15,2022,HUMAN_OBSERVATION,iNaturalist,Observations,257960382,CaracalShan,CONTINENT_DERIVED_FROM_COORDINATES;TAXON_ID_NOT_FOUND
5062863115,50c9509d-22c7-4a22-a47d-8c48425ef4a7,https://www.inaturalist.org/observations/245249400,,Washington,48.511121,-120.746014,5.0,,,2024-09-28T08:31:14,2024,HUMAN_OBSERVATION,iNaturalist,Observations,245249400,Sam Beaumont,COORDINATE_ROUNDED;CONTINENT_DERIVED_FROM_COORDINATES;TAXON_ID_NOT_FOUND
5062823948,50c9509d-22c7-4a22-a47d-8c48425ef4a7,https://www.inaturalist.org/observations/243656684,,Washington,47.787289,-121.106234,3.0,,,2024-09-23T12:49:26,2024,HUMAN_OBSERVATION,iNaturalist,Observations,243656684,emma_carina,COORDINATE_ROUNDED;CONTINENT_DERIVED_FROM_COORDINATES;TAXON_ID_NOT_FOUND
5062809259,50c9509d-22c7-4a22-a47d-8c48425ef4a7,https://www.inaturalist.org/observations/247170338,,Washington,48.508775,-120.753792,4.0,,,2024-10-07T14:04:32,2024,HUMAN_OBSERVATION,iNaturalist,Observations,247170338,Zarek,COORDINATE_ROUNDED;CONTINENT_DERIVED_FROM_COORDINATES;TAXON_ID_NOT_FOUND
5037253657,50c9509d-22c7-4a22-a47d-8c48425ef4a7,https://www.inaturalist.org/observations/257817325,,Washington,47.472717,-121.459542,4.0,,,2024-08-18T16:57:27,2024,HUMAN_OBSERVATION,iNaturalist,Observations,257817325,oosty,COORDINATE_ROUNDED;CONTINENT_DERIVED_FROM_COORDINATES;TAXON_ID_NOT_FOUND
5037156126,50c9509d-22c7-4a22-a47d-8c48425ef4a7,https://www.inaturalist.org/observations/257817220,,Washington,47.460378,-121.446862,4.0,,,2024-08-18T12:40,2024,HUMAN_OBSERVATION,iNaturalist,Observations,257817220,oosty,COORDINATE_ROUNDED;CONTINENT_DERIVED_FROM_COORDINATES;TAXON_ID_NOT_FOUND
5036852383,50c9509d-22c7-4a22-a47d-8c48425ef4a7,https://www.inaturalist.org/observations/257817627,,Washington,47.458588,-121.443725,4.0,,,2024-08-18T18:33:15,2024,HUMAN_OBSERVATION,iNaturalist,Observations,257817627,oosty,COORDINATE_ROUNDED;CONTINENT_DERIVED_FROM_COORDINATES;TAXON_ID_NOT_FOUND
5036843434,50c9509d-22c7-4a22-a47d-8c48425ef4a7,https://www.inaturalist.org/observations/257817563,,Washington,47.461197,-121.448167,4.0,,,2024-08-18T18:09:48,2024,HUMAN_OBSERVATION,iNaturalist,Observations,257817563,oosty,COORDINATE_ROUNDED;CONTINENT_DERIVED_FROM_COORDINATES;TAXON_ID_NOT_FOUND
5008430630,50c9509d-22c7-4a22-a47d-8c48425ef4a7,https://www.inaturalist.org/observations/256582199,,Washington,47.039997,-121.597133,,,,2024-08-29T12:18,2024,HUMAN_OBSERVATION,iNaturalist,Observations,256582199,Sean Haight,COORDINATE_ROUNDED;CONTINENT_DERIVED_FROM_COORDINATES;TAXON_ID_NOT_FOUND
5008265323,50c9509d-22c7-4a22-a47d-8c48425ef4a7,https://www.inaturalist.org/observations/229280251,,Washington,48.409217,-121.395058,23.0,,,2024-07-13T09:49,2024,HUMAN_OBSERVATION,iNaturalist,Observations,229280251,adrienne alms,COORDINATE_ROUNDED;CONTINENT_DERIVED_FROM_COORDINATES;TAXON_ID_NOT_FOUND
5008253407,50c9509d-22c7-4a22-a47d-8c48425ef4a7,https://www.inaturalist.org/observations/239501573,,Washington,46.757579,-121.735512,4.0,,,2024-09-02T14:14:19,2024,HUMAN_OBSERVATION,iNaturalist,Observations,239501573,John Shamgochian,COORDINATE_ROUNDED;CONTINENT_DERIVED_FROM_COORDINATES;TAXON_ID_NOT_FOUND
5008161471,50c9509d-22c7-4a22-a47d-8c48425ef4a7,https://www.inaturalist.org/observations/247221189,,Washington,48.512012,-120.640463,1290.0,,,2024-10-13T12:50,2024,HUMAN_OBSERVATION,iNaturalist,Observations,247221189,adrienne alms,COORDINATE_ROUNDED;CONTINENT_DERIVED_FROM_COORDINATES;TAXON_ID_NOT_FOUND
5008084062,50c9509d-22c7-4a22-a47d-8c48425ef4a7,https://www.inaturalist.org/observations/255635049,,Washington,46.921504,-121.668833,15.0,,,2014-09-28T13:24,2014,HUMAN_OBSERVATION,iNaturalist,Observations,255635049,Francis J. Golden,COORDINATE_ROUNDED;CONTINENT_DERIVED_FROM_COORDINATES;TAXON_ID_NOT_FOUND
5007843783,50c9509d-22c7-4a22-a47d-8c48425ef4a7,https://www.inaturalist.org/observations/235318624,,Washington,47.880694,-121.178197,,,,2024-08-07T16:21:46,2024,HUMAN_OBSERVATION,iNaturalist,Observations,235318624,John Brew,COORDINATE_ROUNDED;CONTINENT_DERIVED_FROM_COORDINATES;TAXON_ID_NOT_FOUND
5007594191,50c9509d-22c7-4a22-a47d-8c48425ef4a7,https://www.inaturalist.org/observations/256060952,,Washington,47.487759,-120.82602,998.0,,,2019-09-06T00:04:20,2019,HUMAN_OBSERVATION,iNaturalist,Observations,256060952,Delaney Brummet,COORDINATE_ROUNDED;CONTINENT_DERIVED_FROM_COORDINATES;TAXON_ID_NOT_FOUND
5007559615,50c9509d-22c7-4a22-a47d-8c48425ef4a7,https://www.inaturalist.org/observations/257488520,,Washington,46.799089,-121.724757,25.0,,,2024-08-10T09:06,2024,HUMAN_OBSERVATION,iNaturalist,Observations,257488520,brennanpost,COORDINATE_ROUNDED;CONTINENT_DERIVED_FROM_COORDINATES;TAXON_ID_NOT_FOUND
5007372334,50c9509d-22c7-4a22-a47d-8c48425ef4a7,https://www.inaturalist.org/observations/255920575,,Washington,46.762432,-121.733707,703.0,,,2015-09-14T12:40,2015,HUMAN_OBSERVATION,iNaturalist,Observations,255920575,tinawiley,CONTINENT_DERIVED_FROM_COORDINATES;TAXON_ID_NOT_FOUND
5007363191,50c9509d-22c7-4a22-a47d-8c48425ef4a7,https://www.inaturalist.org/observations/255985051,,Washington,47.463917,-121.349687,4.0,,,2024-08-13T11:18:27,2024,HUMAN_OBSERVATION,iNaturalist,Observations,255985051,Andrew Gigler,COORDINATE_ROUNDED;CONTINENT_DERIVED_FROM_COORDINATES;TAXON_ID_NOT_FOUND
5006851631,50c9509d-22c7-4a22-a47d-8c48425ef4a7,https://www.inaturalist.org/observations/184596765,,Washington,46.866188,-121.524322,4.0,,,2023-09-22T15:14:16,2023,HUMAN_OBSERVATION,iNaturalist,Observations,184596765,Stypnzelda,COORDINATE_ROUNDED;CONTINENT_DERIVED_FROM_COORDINATES;TAXON_ID_NOT_FOUND
5006782914,50c9509d-22c7-4a22-a47d-8c48425ef4a7,https://www.inaturalist.org/observations/256356702,,Washington,47.450205,-120.933647,82.0,,,2024-10-19T11:58,2024,HUMAN_OBSERVATION,iNaturalist,Observations,256356702,Lucas Lochner Bravo,COORDINATE_ROUNDED;CONTINENT_DERIVED_FROM_COORDINATES;TAXON_ID_NOT_FOUND
4995569710,8a863029-f435-446a-821e-275f4f641165,https://observation.org/observation/177612390,Mount Rainier Wilderness (WA),Washington State (WA),46.91937,-121.66125,32.0,,,2019-07-21,2019,HUMAN_OBSERVATION,,,,User 22414,
4994633990,50c9509d-22c7-4a22-a47d-8c48425ef4a7,https://www.inaturalist.org/observations/254055425,,Washington,47.080097,-121.456725,20.0,,,2024-09-15T10:06,2024,HUMAN_OBSERVATION,iNaturalist,Observations,254055425,aulyptus,COORDINATE_ROUNDED;CONTINENT_DERIVED_FROM_COORDINATES;TAXON_ID_NOT_FOUND
4994594744,50c9509d-22c7-4a22-a47d-8c48425ef4a7,https://www.inaturalist.org/observations/253760607,,Washington,48.509895,-120.757968,312.0,,,2024-06-07T10:11:50,2024,HUMAN_OBSERVATION,iNaturalist,Observations,253760607,Patrick Felker,COORDINATE_ROUNDED;CONTINENT_DERIVED_FROM_COORDINATES;TAXON_ID_NOT_FOUND
4994569512,50c9509d-22c7-4a22-a47d-8c48425ef4a7,https://www.inaturalist.org/observations/253460525,,Washington,48.81999,-121.73822,3.0,,,2024-10-06T10:26,2024,HUMAN_OBSERVATION,iNaturalist,Observations,253460525,John Soltys,CONTINENT_DERIVED_FROM_COORDINATES;TAXON_ID_NOT_FOUND
4994569510,50c9509d-22c7-4a22-a47d-8c48425ef4a7,https://www.inaturalist.org/observations/253459020,,Washington,47.47551,-121.46409,3.0,,,2024-10-13T09:29,2024,HUMAN_OBSERVATION,iNaturalist,Observations,253459020,John Soltys,CONTINENT_DERIVED_FROM_COORDINATES;TAXON_ID_NOT_FOUND
4994538471,50c9509d-22c7-4a22-a47d-8c48425ef4a7,https://www.inaturalist.org/observations/247159525,,Washington,48.831089,-121.652059,4.0,,,2024-10-13T08:58:28,2024,HUMAN_OBSERVATION,iNaturalist,Observations,247159525,jackson200,COORDINATE_ROUNDED;CONTINENT_DERIVED_FROM_COORDINATES;TAXON_ID_NOT_FOUND
4994529581,50c9509d-22c7-4a22-a47d-8c48425ef4a7,https://www.inaturalist.org/observations/253459016,,Washington,47.47177,-121.45729,3.0,,,2024-10-13T09:21,2024,HUMAN_OBSERVATION,iNaturalist,Observations,253459016,John Soltys,CONTINENT_DERIVED_FROM_COORDINATES;TAXON_ID_NOT_FOUND
4994514588,50c9509d-22c7-4a22-a47d-8c48425ef4a7,https://www.inaturalist.org/observations/253459010,,Washington,47.46678,-121.44798,3.0,,,2024-10-13T07:35,2024,HUMAN_OBSERVATION,iNaturalist,Observations,253459010,John Soltys,CONTINENT_DERIVED_FROM_COORDINATES;TAXON_ID_NOT_FOUND
4994200563,50c9509d-22c7-4a22-a47d-8c48425ef4a7,https://www.inaturalist.org/observations/253457391,,Washington,47.389722,-121.347341,1.0,,,2024-11-09T10:25,2024,HUMAN_OBSERVATION,iNaturalist,Observations,253457391,John Soltys,COORDINATE_ROUNDED;CONTINENT_DERIVED_FROM_COORDINATES;TAXON_ID_NOT_FOUND
4994127734,50c9509d-22c7-4a22-a47d-8c48425ef4a7,https://www.inaturalist.org/observations/253459028,,Washington,47.45773,-121.45132,3.0,,,2024-10-13T11:59,2024,HUMAN_OBSERVATION,iNaturalist,Observations,253459028,John Soltys,CONTINENT_DERIVED_FROM_COORDINATES;TAXON_ID_NOT_FOUND
4994003068,50c9509d-22c7-4a22-a47d-8c48425ef4a7,https://www.inaturalist.org/observations/253460528,,Washington,48.82136,-121.73685,3.0,,,2024-10-06T13:30,2024,HUMAN_OBSERVATION,iNaturalist,Observations,253460528,John Soltys,CONTINENT_DERIVED_FROM_COORDINATES;TAXON_ID_NOT_FOUND
4993989685,50c9509d-22c7-4a22-a47d-8c48425ef4a7,https://www.inaturalist.org/observations/247159541,,Washington,48.83071,-121.63399,4.0,,,2024-10-13T10:55:59,2024,HUMAN_OBSERVATION,iNaturalist,Observations,247159541,jackson200,COORDINATE_ROUNDED;CONTINENT_DERIVED_FROM_COORDINATES;TAXON_ID_NOT_FOUND
4993959494,50c9509d-22c7-4a22-a47d-8c48425ef4a7,https://www.inaturalist.org/observations/253460529,,Washington,48.82432,-121.72877,3.0,,,2024-10-06T13:44,2024,HUMAN_OBSERVATION,iNaturalist,Observations,253460529,John Soltys,CONTINENT_DERIVED_FROM_COORDINATES;TAXON_ID_NOT_FOUND
4993956209,50c9509d-22c7-4a22-a47d-8c48425ef4a7,https://www.inaturalist.org/observations/253459015,,Washington,47.47083,-121.45494,3.0,,,2024-10-13T10:12,2024,HUMAN_OBSERVATION,iNaturalist,Observations,253459015,John Soltys,CONTINENT_DERIVED_FROM_COORDINATES;TAXON_ID_NOT_FOUND
4993914294,50c9509d-22c7-4a22-a47d-8c48425ef4a7,https://www.inaturalist.org/observations/253460527,,Washington,48.83713,-121.72003,3.0,,,2024-10-06T09:37,2024,HUMAN_OBSERVATION,iNaturalist,Observations,253460527,John Soltys,CONTINENT_DERIVED_FROM_COORDINATES;TAXON_ID_NOT_FOUND
4993914289,50c9509d-22c7-4a22-a47d-8c48425ef4a7,https://www.inaturalist.org/observations/253459022,,Washington,47.47213,-121.45731,3.0,,,2024-10-13T10:03,2024,HUMAN_OBSERVATION,iNaturalist,Observations,253459022,John Soltys,CONTINENT_DERIVED_FROM_COORDINATES;TAXON_ID_NOT_FOUND
4993873087,50c9509d-22c7-4a22-a47d-8c48425ef4a7,https://www.inaturalist.org/observations/253460526,,Washington,48.8191,-121.74534,3.0,,,2024-10-06T10:47,2024,HUMAN_OBSERVATION,iNaturalist,Observations,253460526,John Soltys,CONTINENT_DERIVED_FROM_COORDINATES;TAXON_ID_NOT_FOUND
4993845951,50c9509d-22c7-4a22-a47d-8c48425ef4a7,https://www.inaturalist.org/observations/253459014,,Washington,47.47533,-121.46315,3.0,,,2024-10-13T09:28,2024,HUMAN_OBSERVATION,iNaturalist,Observations,253459014,John Soltys,CONTINENT_DERIVED_FROM_COORDINATES;TAXON_ID_NOT_FOUND
4993839253,50c9509d-22c7-4a22-a47d-8c48425ef4a7,https://www.inaturalist.org/observations/253457392,,Washington,47.389702,-121.347074,3.0,,,2024-11-09T10:30,2024,HUMAN_OBSERVATION,iNaturalist,Observations,253457392,John Soltys,COORDINATE_ROUNDED;CONTINENT_DERIVED_FROM_COORDINATES;TAXON_ID_NOT_FOUND
4993807278,50c9509d-22c7-4a22-a47d-8c48425ef4a7,https://www.inaturalist.org/observations/253459011,,Washington,47.466837,-121.448096,2.0,,,2024-10-13T07:37,2024,HUMAN_OBSERVATION,iNaturalist,Observations,253459011,John Soltys,COORDINATE_ROUNDED;CONTINENT_DERIVED_FROM_COORDINATES;TAXON_ID_NOT_FOUND
4993797030,50c9509d-22c7-4a22-a47d-8c48425ef4a7,https://www.inaturalist.org/observations/247159510,,Washington,48.840774,-121.673233,4.0,,,2024-10-13T08:10:16,2024,HUMAN_OBSERVATION,iNaturalist,Observations,247159510,jackson200,COORDINATE_ROUNDED;CONTINENT_DERIVED_FROM_COORDINATES;TAXON_ID_NOT_FOUND
4987741892,50c9509d-22c7-4a22-a47d-8c48425ef4a7,https://www.inaturalist.org/observations/252923576,,Washington,46.269885,-121.587828,,,,2024-09-28T12:18,2024,HUMAN_OBSERVATION,iNaturalist,Observations,252923576,Kristina Weis,COORDINATE_ROUNDED;CONTINENT_DERIVED_FROM_COORDINATES;TAXON_ID_NOT_FOUND
4987510451,50c9509d-22c7-4a22-a47d-8c48425ef4a7,https://www.inaturalist.org/observations/252920712,,Washington,46.27302,-121.591577,,,,2024-09-28T12:00,2024,HUMAN_OBSERVATION,iNaturalist,Observations,252920712,Kristina Weis,COORDINATE_ROUNDED;CONTINENT_DERIVED_FROM_COORDINATES;TAXON_ID_NOT_FOUND
4987493153,50c9509d-22c7-4a22-a47d-8c48425ef4a7,https://www.inaturalist.org/observations/253099544,,Washington,46.942922,-121.770834,11699.0,,,2014-09-27T16:32:48,2014,HUMAN_OBSERVATION,iNaturalist,Observations,253099544,kettelcorn,CONTINENT_DERIVED_FROM_COORDINATES;TAXON_ID_NOT_FOUND
4980381639,50c9509d-22c7-4a22-a47d-8c48425ef4a7,https://www.inaturalist.org/observations/250994547,,Washington,48.853369,-121.690681,29.0,,,2024-10-25T12:25,2024,HUMAN_OBSERVATION,iNaturalist,Observations,250994547,isabelgb,COORDINATE_ROUNDED;CONTINENT_DERIVED_FROM_COORDINATES;TAXON_ID_NOT_FOUND
4976501559,50c9509d-22c7-4a22-a47d-8c48425ef4a7,https://www.inaturalist.org/observations/248672102,,Washington,46.799001,-121.725365,54.0,,,2024-10-22T14:58:24,2024,HUMAN_OBSERVATION,iNaturalist,Observations,248672102,alexandew2552,COORDINATE_ROUNDED;CONTINENT_DERIVED_FROM_COORDINATES;TAXON_ID_NOT_FOUND
4976477841,50c9509d-22c7-4a22-a47d-8c48425ef4a7,https://www.inaturalist.org/observations/247218952,,Washington,46.74666,-121.668101,26967.0,,,2024-10-09T11:05,2024,HUMAN_OBSERVATION,iNaturalist,Observations,247218952,Zach Hawn,COORDINATE_ROUNDED;CONTINENT_DERIVED_FROM_COORDINATES;TAXON_ID_NOT_FOUND
4976433935,50c9509d-22c7-4a22-a47d-8c48425ef4a7,https://www.inaturalist.org/observations/248847636,,Washington,48.079143,-121.472048,,,,2024-10-23T15:34,2024,HUMAN_OBSERVATION,iNaturalist,Observations,248847636,Jami Gramore,COORDINATE_ROUNDED;CONTINENT_DERIVED_FROM_COORDINATES;TAXON_ID_NOT_FOUND
4976424751,50c9509d-22c7-4a22-a47d-8c48425ef4a7,https://www.inaturalist.org/observations/249267566,,Washington,48.543317,-120.760157,5928.0,,,2024-10-11T16:52,2024,HUMAN_OBSERVATION,iNaturalist,Observations,249267566,Garrett,COORDINATE_ROUNDED;CONTINENT_DERIVED_FROM_COORDINATES;TAXON_ID_NOT_FOUND
4976199893,50c9509d-22c7-4a22-a47d-8c48425ef4a7,https://www.inaturalist.org/observations/247218957,,Washington,46.625826,-121.648813,26967.0,,,2024-10-09T12:45,2024,HUMAN_OBSERVATION,iNaturalist,Observations,247218957,Zach Hawn,COORDINATE_ROUNDED;CONTINENT_DERIVED_FROM_COORDINATES;TAXON_ID_NOT_FOUND
4974264944,50c9509d-22c7-4a22-a47d-8c48425ef4a7,https://www.inaturalist.org/observations/248381359,,Washington,47.446992,-120.932887,10.0,,,2024-10-20T14:21:56,2024,HUMAN_OBSERVATION,iNaturalist,Observations,248381359,Megan Cosand,COORDINATE_ROUNDED;CONTINENT_DERIVED_FROM_COORDINATES;TAXON_ID_NOT_FOUND
4973997207,50c9509d-22c7-4a22-a47d-8c48425ef4a7,https://www.inaturalist.org/observations/248163557,,Washington,48.508711,-120.756801,122.0,,,2024-10-06T17:45,2024,HUMAN_OBSERVATION,iNaturalist,Observations,248163557,Joan Septembre,COORDINATE_ROUNDED;CONTINENT_DERIVED_FROM_COORDINATES;TAXON_ID_NOT_FOUND
4973864737,50c9509d-22c7-4a22-a47d-8c48425ef4a7,https://www.inaturalist.org/observations/247933384,,Washington,46.93369,-121.675542,8.0,,,2024-08-01T09:29,2024,HUMAN_OBSERVATION,iNaturalist,Observations,247933384,Peter Zika,COORDINATE_ROUNDED;CONTINENT_DERIVED_FROM_COORDINATES;TAXON_ID_NOT_FOUND
4954769685,50c9509d-22c7-4a22-a47d-8c48425ef4a7,https://www.inaturalist.org/observations/245865499,,Washington,47.429169,-121.330503,4.0,,,2024-09-07T09:59:53,2024,HUMAN_OBSERVATION,iNaturalist,Observations,245865499,jackson200,COORDINATE_ROUNDED;CONTINENT_DERIVED_FROM_COORDINATES;TAXON_ID_NOT_FOUND
4954732294,50c9509d-22c7-4a22-a47d-8c48425ef4a7,https://www.inaturalist.org/observations/246843168,,Washington,47.678562,-121.492737,,,,2024-10-06T10:59:39,2024,HUMAN_OBSERVATION,iNaturalist,Observations,246843168,Andrew,COORDINATE_ROUNDED;CONTINENT_DERIVED_FROM_COORDINATES;TAXON_ID_NOT_FOUND
4954726254,50c9509d-22c7-4a22-a47d-8c48425ef4a7,https://www.inaturalist.org/observations/246100282,,Washington,47.692899,-121.094133,4.0,,,2024-09-21T15:16:20,2024,HUMAN_OBSERVATION,iNaturalist,Observations,246100282,jackson200,COORDINATE_ROUNDED;CONTINENT_DERIVED_FROM_COORDINATES;TAXON_ID_NOT_FOUND
4954714199,50c9509d-22c7-4a22-a47d-8c48425ef4a7,https://www.inaturalist.org/observations/247324723,,Washington,48.572617,-120.841453,7.0,,,2024-10-12T20:21:45,2024,HUMAN_OBSERVATION,iNaturalist,Observations,247324723,makennap,COORDINATE_ROUNDED;CONTINENT_DERIVED_FROM_COORDINATES;TAXON_ID_NOT_FOUND
4954697833,50c9509d-22c7-4a22-a47d-8c48425ef4a7,https://www.inaturalist.org/observations/246541757,,Washington,46.788366,-121.783497,4.0,,,2024-10-09T10:39:54,2024,HUMAN_OBSERVATION,iNaturalist,Observations,246541757,Sam Hain,COORDINATE_ROUNDED;CONTINENT_DERIVED_FROM_COORDINATES;TAXON_ID_NOT_FOUND
4954687195,50c9509d-22c7-4a22-a47d-8c48425ef4a7,https://www.inaturalist.org/observations/246864280,,Washington,48.843212,-121.677162,8.0,,,2024-10-11T15:37:08,2024,HUMAN_OBSERVATION,iNaturalist,Observations,246864280,arrrggghhh,COORDINATE_ROUNDED;CONTINENT_DERIVED_FROM_COORDINATES;TAXON_ID_NOT_FOUND
4954647441,50c9509d-22c7-4a22-a47d-8c48425ef4a7,https://www.inaturalist.org/observations/247213772,,Washington,48.473172,-121.062125,4.0,,,2024-10-12T11:12:24,2024,HUMAN_OBSERVATION,iNaturalist,Observations,247213772,oznli08,COORDINATE_ROUNDED;CONTINENT_DERIVED_FROM_COORDINATES;TAXON_ID_NOT_FOUND
4954547805,50c9509d-22c7-4a22-a47d-8c48425ef4a7,https://www.inaturalist.org/observations/247218951,,Washington,46.637011,-121.697109,26967.0,,,2024-10-09T10:40,2024,HUMAN_OBSERVATION,iNaturalist,Observations,247218951,Zach Hawn,COORDINATE_ROUNDED;CONTINENT_DERIVED_FROM_COORDINATES;TAXON_ID_NOT_FOUND
4954516358,50c9509d-22c7-4a22-a47d-8c48425ef4a7,https://www.inaturalist.org/observations/246864159,,Washington,48.82945,-121.655237,4.0,,,2024-10-11T10:07:53,2024,HUMAN_OBSERVATION,iNaturalist,Observations,246864159,arrrggghhh,COORDINATE_ROUNDED;CONTINENT_DERIVED_FROM_COORDINATES;TAXON_ID_NOT_FOUND
4954507510,50c9509d-22c7-4a22-a47d-8c48425ef4a7,https://www.inaturalist.org/observations/246557327,,Washington,46.791687,-121.781517,6.0,,,2024-10-09T11:06:39,2024,HUMAN_OBSERVATION,iNaturalist,Observations,246557327,Annelise Rue-Johns,COORDINATE_ROUNDED;CONTINENT_DERIVED_FROM_COORDINATES;TAXON_ID_NOT_FOUND
4954447100,50c9509d-22c7-4a22-a47d-8c48425ef4a7,https://www.inaturalist.org/observations/247258320,,Washington,48.741273,-120.680309,4.0,,,2024-10-13T09:31,2024,HUMAN_OBSERVATION,iNaturalist,Observations,247258320,garrett,COORDINATE_ROUNDED;CONTINENT_DERIVED_FROM_COORDINATES;TAXON_ID_NOT_FOUND
4954406408,50c9509d-22c7-4a22-a47d-8c48425ef4a7,https://www.inaturalist.org/observations/247212556,,Washington,48.572583,-120.841508,12.0,,,2024-10-13T08:22:47,2024,HUMAN_OBSERVATION,iNaturalist,Observations,247212556,sarahstockdale,COORDINATE_ROUNDED;CONTINENT_DERIVED_FROM_COORDINATES;TAXON_ID_NOT_FOUND
4954395107,50c9509d-22c7-4a22-a47d-8c48425ef4a7,https://www.inaturalist.org/observations/247375915,,Washington,48.741656,-120.680856,126.0,,,2024-10-13T09:27,2024,HUMAN_OBSERVATION,iNaturalist,Observations,247375915,Liam Hutcheson,COORDINATE_ROUNDED;CONTINENT_DERIVED_FROM_COORDINATES;TAXON_ID_NOT_FOUND
4954372716,50c9509d-22c7-4a22-a47d-8c48425ef4a7,https://www.inaturalist.org/observations/246736251,,Washington,48.120524,-121.299956,,,,2024-10-10T11:54,2024,HUMAN_OBSERVATION,iNaturalist,Observations,246736251,Eric Jain,CONTINENT_DERIVED_FROM_COORDINATES;TAXON_ID_NOT_FOUND
4954370145,50c9509d-22c7-4a22-a47d-8c48425ef4a7,https://www.inaturalist.org/observations/246864228,,Washington,48.840897,-121.673308,8.0,,,2024-10-11T15:25:26,2024,HUMAN_OBSERVATION,iNaturalist,Observations,246864228,arrrggghhh,COORDINATE_ROUNDED;CONTINENT_DERIVED_FROM_COORDINATES;TAXON_ID_NOT_FOUND
4954334024,50c9509d-22c7-4a22-a47d-8c48425ef4a7,https://www.inaturalist.org/observations/246430720,,Washington,48.521598,-121.600286,5.0,,,2024-08-19T12:55,2024,HUMAN_OBSERVATION,iNaturalist,Observations,246430720,Sydney Gerig,COORDINATE_ROUNDED;CONTINENT_DERIVED_FROM_COORDINATES;TAXON_ID_NOT_FOUND
4954312139,50c9509d-22c7-4a22-a47d-8c48425ef4a7,https://www.inaturalist.org/observations/246855685,,Washington,48.511063,-120.745895,4.0,,,2024-10-09T09:56:18,2024,HUMAN_OBSERVATION,iNaturalist,Observations,246855685,Mark Robinson,COORDINATE_ROUNDED;CONTINENT_DERIVED_FROM_COORDINATES;TAXON_ID_NOT_FOUND
4954290052,50c9509d-22c7-4a22-a47d-8c48425ef4a7,https://www.inaturalist.org/observations/246869433,,Washington,46.86763,-121.541043,22.0,,,2024-09-12T13:22,2024,HUMAN_OBSERVATION,iNaturalist,Observations,246869433,John Brew,CONTINENT_DERIVED_FROM_COORDINATES;TAXON_ID_NOT_FOUND
4954288167,50c9509d-22c7-4a22-a47d-8c48425ef4a7,https://www.inaturalist.org/observations/246059562,,Washington,45.748742,-122.237443,1203.0,,,2024-10-06T16:49:54,2024,HUMAN_OBSERVATION,iNaturalist,Observations,246059562,Erin,COORDINATE_ROUNDED;CONTINENT_DERIVED_FROM_COORDINATES;TAXON_ID_NOT_FOUND
4953218668,50c9509d-22c7-4a22-a47d-8c48425ef4a7,https://www.inaturalist.org/observations/246201752,,Washington,46.487817,-121.46022,4.0,,,2024-10-05T12:07:08,2024,HUMAN_OBSERVATION,iNaturalist,Observations,246201752,Maria,COORDINATE_ROUNDED;CONTINENT_DERIVED_FROM_COORDINATES;TAXON_ID_NOT_FOUND
4953203972,50c9509d-22c7-4a22-a47d-8c48425ef4a7,https://www.inaturalist.org/observations/246099860,,Washington,47.671253,-121.1268,4.0,,,2024-09-21T10:54:11,2024,HUMAN_OBSERVATION,iNaturalist,Observations,246099860,jackson200,COORDINATE_ROUNDED;CONTINENT_DERIVED_FROM_COORDINATES;TAXON_ID_NOT_FOUND
4953187149,50c9509d-22c7-4a22-a47d-8c48425ef4a7,https://www.inaturalist.org/observations/246096833,,Washington,47.676957,-121.125032,4.0,,,2024-09-21T10:11:29,2024,HUMAN_OBSERVATION,iNaturalist,Observations,246096833,jackson200,COORDINATE_ROUNDED;CONTINENT_DERIVED_FROM_COORDINATES;TAXON_ID_NOT_FOUND
4953164130,50c9509d-22c7-4a22-a47d-8c48425ef4a7,https://www.inaturalist.org/observations/244839435,,Washington,47.04173,-121.594372,10.0,,,2024-09-28T14:01:28,2024,HUMAN_OBSERVATION,iNaturalist,Observations,244839435,Morgan Heinz,COORDINATE_ROUNDED;CONTINENT_DERIVED_FROM_COORDINATES;TAXON_ID_NOT_FOUND
4953090938,50c9509d-22c7-4a22-a47d-8c48425ef4a7,https://www.inaturalist.org/observations/246100555,,Washington,48.468144,-121.058102,3.0,,,2024-09-28T14:13:28,2024,HUMAN_OBSERVATION,iNaturalist,Observations,246100555,jackson200,COORDINATE_ROUNDED;CONTINENT_DERIVED_FROM_COORDINATES;TAXON_ID_NOT_FOUND
4953088190,50c9509d-22c7-4a22-a47d-8c48425ef4a7,https://www.inaturalist.org/observations/246252196,,Washington,48.743808,-120.680261,244.0,,,2024-09-13T09:04,2024,HUMAN_OBSERVATION,iNaturalist,Observations,246252196,Tom Field,COORDINATE_ROUNDED;CONTINENT_DERIVED_FROM_COORDINATES;TAXON_ID_NOT_FOUND
4953086828,50c9509d-22c7-4a22-a47d-8c48425ef4a7,https://www.inaturalist.org/observations/245026962,,Washington,47.424284,-121.529485,,,,2024-09-30T11:58,2024,HUMAN_OBSERVATION,iNaturalist,Observations,245026962,Eric Jain,CONTINENT_DERIVED_FROM_COORDINATES;TAXON_ID_NOT_FOUND
4953085638,50c9509d-22c7-4a22-a47d-8c48425ef4a7,https://www.inaturalist.org/observations/246100021,,Washington,47.692576,-121.094125,4.0,,,2024-09-21T15:11:56,2024,HUMAN_OBSERVATION,iNaturalist,Observations,246100021,jackson200,COORDINATE_ROUNDED;CONTINENT_DERIVED_FROM_COORDINATES;TAXON_ID_NOT_FOUND
4953083721,50c9509d-22c7-4a22-a47d-8c48425ef4a7,https://www.inaturalist.org/observations/246100772,,Washington,48.463563,-120.620364,4.0,,,2024-10-06T09:33:36,2024,HUMAN_OBSERVATION,iNaturalist,Observations,246100772,jackson200,COORDINATE_ROUNDED;CONTINENT_DERIVED_FROM_COORDINATES;TAXON_ID_NOT_FOUND
4953077369,50c9509d-22c7-4a22-a47d-8c48425ef4a7,https://www.inaturalist.org/observations/245977553,,Washington,46.91955,-121.585698,9.0,,,2024-10-05T13:09,2024,HUMAN_OBSERVATION,iNaturalist,Observations,245977553,Pierce Louderback,COORDINATE_ROUNDED;CONTINENT_DERIVED_FROM_COORDINATES;TAXON_ID_NOT_FOUND
4953035162,50c9509d-22c7-4a22-a47d-8c48425ef4a7,https://www.inaturalist.org/observations/245965225,,Washington,46.9197,-121.585684,7.0,,,2024-10-05T08:30,2024,HUMAN_OBSERVATION,iNaturalist,Observations,245965225,Pierce Louderback,COORDINATE_ROUNDED;CONTINENT_DERIVED_FROM_COORDINATES;TAXON_ID_NOT_FOUND
4953030071,50c9509d-22c7-4a22-a47d-8c48425ef4a7,https://www.inaturalist.org/observations/246101150,,Washington,48.46307,-120.633032,4.0,,,2024-10-06T13:14:26,2024,HUMAN_OBSERVATION,iNaturalist,Observations,246101150,jackson200,COORDINATE_ROUNDED;CONTINENT_DERIVED_FROM_COORDINATES;TAXON_ID_NOT_FOUND
4952969081,50c9509d-22c7-4a22-a47d-8c48425ef4a7,https://www.inaturalist.org/observations/246096556,,Washington,47.680347,-121.120523,4.0,,,2024-09-21T10:01:16,2024,HUMAN_OBSERVATION,iNaturalist,Observations,246096556,jackson200,COORDINATE_ROUNDED;CONTINENT_DERIVED_FROM_COORDINATES;TAXON_ID_NOT_FOUND
4952930413,50c9509d-22c7-4a22-a47d-8c48425ef4a7,https://www.inaturalist.org/observations/246208922,,Washington,46.793997,-121.736663,1057.0,,,2024-10-06,2024,HUMAN_OBSERVATION,iNaturalist,Observations,246208922,Léonard,COORDINATE_ROUNDED;CONTINENT_DERIVED_FROM_COORDINATES;TAXON_ID_NOT_FOUND
4952877453,50c9509d-22c7-4a22-a47d-8c48425ef4a7,https://www.inaturalist.org/observations/245971317,,Washington,46.938907,-121.596315,43.0,,,2024-10-05T09:52,2024,HUMAN_OBSERVATION,iNaturalist,Observations,245971317,Pierce Louderback,COORDINATE_ROUNDED;CONTINENT_DERIVED_FROM_COORDINATES;TAXON_ID_NOT_FOUND
4952865450,50c9509d-22c7-4a22-a47d-8c48425ef4a7,https://www.inaturalist.org/observations/246100614,,Washington,48.468536,-121.059064,4.0,,,2024-09-28T14:18:55,2024,HUMAN_OBSERVATION,iNaturalist,Observations,246100614,jackson200,COORDINATE_ROUNDED;CONTINENT_DERIVED_FROM_COORDINATES;TAXON_ID_NOT_FOUND
4952819844,50c9509d-22c7-4a22-a47d-8c48425ef4a7,https://www.inaturalist.org/observations/246097188,,Washington,47.675936,-121.126794,4.0,,,2024-09-21T10:22:49,2024,HUMAN_OBSERVATION,iNaturalist,Observations,246097188,jackson200,COORDINATE_ROUNDED;CONTINENT_DERIVED_FROM_COORDINATES;TAXON_ID_NOT_FOUND
4952654889,50c9509d-22c7-4a22-a47d-8c48425ef4a7,https://www.inaturalist.org/observations/246098351,,Washington,47.675254,-121.127932,4.0,,,2024-09-21T10:26:25,2024,HUMAN_OBSERVATION,iNaturalist,Observations,246098351,jackson200,COORDINATE_ROUNDED;CONTINENT_DERIVED_FROM_COORDINATES;TAXON_ID_NOT_FOUND
4952632363,50c9509d-22c7-4a22-a47d-8c48425ef4a7,https://www.inaturalist.org/observations/246096976,,Washington,47.676666,-121.125275,4.0,,,2024-09-21T10:13:28,2024,HUMAN_OBSERVATION,iNaturalist,Observations,246096976,jackson200,COORDINATE_ROUNDED;CONTINENT_DERIVED_FROM_COORDINATES;TAXON_ID_NOT_FOUND
4952530605,50c9509d-22c7-4a22-a47d-8c48425ef4a7,https://www.inaturalist.org/observations/245899618,,Washington,46.1245,-122.217378,4.0,,,2024-10-05T16:45:51,2024,HUMAN_OBSERVATION,iNaturalist,Observations,245899618,gwynedd,COORDINATE_ROUNDED;CONTINENT_DERIVED_FROM_COORDINATES;TAXON_ID_NOT_FOUND
4952508341,50c9509d-22c7-4a22-a47d-8c48425ef4a7,https://www.inaturalist.org/observations/246100850,,Washington,48.463648,-120.621124,4.0,,,2024-10-06T09:35:30,2024,HUMAN_OBSERVATION,iNaturalist,Observations,246100850,jackson200,COORDINATE_ROUNDED;CONTINENT_DERIVED_FROM_COORDINATES;TAXON_ID_NOT_FOUND
4952452429,50c9509d-22c7-4a22-a47d-8c48425ef4a7,https://www.inaturalist.org/observations/246098274,,Washington,47.675713,-121.127059,4.0,,,2024-09-21T10:24:36,2024,HUMAN_OBSERVATION,iNaturalist,Observations,246098274,jackson200,COORDINATE_ROUNDED;CONTINENT_DERIVED_FROM_COORDINATES;TAXON_ID_NOT_FOUND
4952429715,50c9509d-22c7-4a22-a47d-8c48425ef4a7,https://www.inaturalist.org/observations/245965223,,Washington,46.919581,-121.586111,6.0,,,2024-10-05T08:26,2024,HUMAN_OBSERVATION,iNaturalist,Observations,245965223,Pierce Louderback,COORDINATE_ROUNDED;CONTINENT_DERIVED_FROM_COORDINATES;TAXON_ID_NOT_FOUND
4952414671,50c9509d-22c7-4a22-a47d-8c48425ef4a7,https://www.inaturalist.org/observations/246100497,,Washington,48.46971,-121.055319,4.0,,,2024-09-28T13:53:05,2024,HUMAN_OBSERVATION,iNaturalist,Observations,246100497,jackson200,COORDINATE_ROUNDED;CONTINENT_DERIVED_FROM_COORDINATES;TAXON_ID_NOT_FOUND
4952395009,50c9509d-22c7-4a22-a47d-8c48425ef4a7,https://www.inaturalist.org/observations/245058449,,Washington,46.709877,-121.111555,8.0,,,2024-09-29T08:29:55,2024,HUMAN_OBSERVATION,iNaturalist,Observations,245058449,Jeremy Buegge,COORDINATE_ROUNDED;CONTINENT_DERIVED_FROM_COORDINATES;TAXON_ID_NOT_FOUND
4952381452,50c9509d-22c7-4a22-a47d-8c48425ef4a7,https://www.inaturalist.org/observations/246100713,,Washington,48.463606,-120.618695,4.0,,,2024-10-06T09:29:25,2024,HUMAN_OBSERVATION,iNaturalist,Observations,246100713,jackson200,COORDINATE_ROUNDED;CONTINENT_DERIVED_FROM_COORDINATES;TAXON_ID_NOT_FOUND
4952373268,50c9509d-22c7-4a22-a47d-8c48425ef4a7,https://www.inaturalist.org/observations/245761254,,Washington,46.904384,-121.502483,15.0,,,2024-10-03T09:46,2024,HUMAN_OBSERVATION,iNaturalist,Observations,245761254,jhiker1,COORDINATE_ROUNDED;CONTINENT_DERIVED_FROM_COORDINATES;TAXON_ID_NOT_FOUND
4952347710,50c9509d-22c7-4a22-a47d-8c48425ef4a7,https://www.inaturalist.org/observations/245977552,,Washington,46.919552,-121.586108,5.0,,,2024-10-05T13:06,2024,HUMAN_OBSERVATION,iNaturalist,Observations,245977552,Pierce Louderback,COORDINATE_ROUNDED;CONTINENT_DERIVED_FROM_COORDINATES;TAXON_ID_NOT_FOUND
4952268032,50c9509d-22c7-4a22-a47d-8c48425ef4a7,https://www.inaturalist.org/observations/245965222,,Washington,46.919655,-121.585594,9.0,,,2024-10-05T08:24,2024,HUMAN_OBSERVATION,iNaturalist,Observations,245965222,Pierce Louderback,COORDINATE_ROUNDED;CONTINENT_DERIVED_FROM_COORDINATES;TAXON_ID_NOT_FOUND
4952244074,50c9509d-22c7-4a22-a47d-8c48425ef4a7,https://www.inaturalist.org/observations/246096349,,Washington,47.692712,-121.094193,4.0,,,2024-09-21T09:13:12,2024,HUMAN_OBSERVATION,iNaturalist,Observations,246096349,jackson200,COORDINATE_ROUNDED;CONTINENT_DERIVED_FROM_COORDINATES;TAXON_ID_NOT_FOUND
4952241831,50c9509d-22c7-4a22-a47d-8c48425ef4a7,https://www.inaturalist.org/observations/246169348,,Washington,46.919567,-121.586128,15.0,,,2024-10-07T08:02:37,2024,HUMAN_OBSERVATION,iNaturalist,Observations,246169348,ellenatural,COORDINATE_ROUNDED;CONTINENT_DERIVED_FROM_COORDINATES;TAXON_ID_NOT_FOUND
4950553566,50c9509d-22c7-4a22-a47d-8c48425ef4a7,https://www.inaturalist.org/observations/242428369,,Washington,47.956227,-120.981503,,,,2024-09-16T15:23,2024,HUMAN_OBSERVATION,iNaturalist,Observations,242428369,Eric Jain,CONTINENT_DERIVED_FROM_COORDINATES;TAXON_ID_NOT_FOUND
4950549866,50c9509d-22c7-4a22-a47d-8c48425ef4a7,https://www.inaturalist.org/observations/243269349,,Washington,47.453652,-121.469356,3682.0,,,2024-09-21T13:46:25,2024,HUMAN_OBSERVATION,iNaturalist,Observations,243269349,nikd299,COORDINATE_ROUNDED;CONTINENT_DERIVED_FROM_COORDINATES;TAXON_ID_NOT_FOUND
4950465441,50c9509d-22c7-4a22-a47d-8c48425ef4a7,https://www.inaturalist.org/observations/243140264,,Washington,48.501867,-120.739771,2222.0,,,2024-09-19T08:22:54,2024,HUMAN_OBSERVATION,iNaturalist,Observations,243140264,grantkadlec,COORDINATE_ROUNDED;CONTINENT_DERIVED_FROM_COORDINATES;TAXON_ID_NOT_FOUND
4950450890,50c9509d-22c7-4a22-a47d-8c48425ef4a7,https://www.inaturalist.org/observations/243469357,,Washington,47.451588,-121.432747,4.0,,,2024-09-22T12:52:08,2024,HUMAN_OBSERVATION,iNaturalist,Observations,243469357,Jacqueline Weber,COORDINATE_ROUNDED;CONTINENT_DERIVED_FROM_COORDINATES;TAXON_ID_NOT_FOUND
4950435248,50c9509d-22c7-4a22-a47d-8c48425ef4a7,https://www.inaturalist.org/observations/242655210,,Washington,48.955626,-117.082394,31.0,,,2024-09-18T09:40,2024,HUMAN_OBSERVATION,iNaturalist,Observations,242655210,Dave Drum,COORDINATE_ROUNDED;CONTINENT_DERIVED_FROM_COORDINATES;TAXON_ID_NOT_FOUND
4950405172,50c9509d-22c7-4a22-a47d-8c48425ef4a7,https://www.inaturalist.org/observations/242428370,,Washington,47.956224,-120.981419,,,,2024-09-16T15:23,2024,HUMAN_OBSERVATION,iNaturalist,Observations,242428370,Eric Jain,CONTINENT_DERIVED_FROM_COORDINATES;TAXON_ID_NOT_FOUND
4950400067,50c9509d-22c7-4a22-a47d-8c48425ef4a7,https://www.inaturalist.org/observations/242608283,,Washington,48.955722,-117.082351,31.0,,,2024-09-18T10:28,2024,HUMAN_OBSERVATION,iNaturalist,Observations,242608283,Dave Drum,COORDINATE_ROUNDED;CONTINENT_DERIVED_FROM_COORDINATES;TAXON_ID_NOT_FOUND
4950372080,50c9509d-22c7-4a22-a47d-8c48425ef4a7,https://www.inaturalist.org/observations/243618453,,Washington,47.35478,-121.454547,59.0,,,2024-09-21T17:50:34,2024,HUMAN_OBSERVATION,iNaturalist,Observations,243618453,tystephenson,COORDINATE_ROUNDED;CONTINENT_DERIVED_FROM_COORDINATES;TAXON_ID_NOT_FOUND
4950363513,50c9509d-22c7-4a22-a47d-8c48425ef4a7,https://www.inaturalist.org/observations/242428367,,Washington,47.956486,-120.9821,,,,2024-09-16T15:21,2024,HUMAN_OBSERVATION,iNaturalist,Observations,242428367,Eric Jain,CONTINENT_DERIVED_FROM_COORDINATES;TAXON_ID_NOT_FOUND
4950354304,50c9509d-22c7-4a22-a47d-8c48425ef4a7,https://www.inaturalist.org/observations/242740971,,Washington,46.773788,-121.743963,4.0,,,2024-09-19T12:32:10,2024,HUMAN_OBSERVATION,iNaturalist,Observations,242740971,kwetherall,COORDINATE_ROUNDED;CONTINENT_DERIVED_FROM_COORDINATES;TAXON_ID_NOT_FOUND
4950341402,50c9509d-22c7-4a22-a47d-8c48425ef4a7,https://www.inaturalist.org/observations/243514182,,Washington,47.365878,-121.200853,4.0,,,2024-09-22T14:57:29,2024,HUMAN_OBSERVATION,iNaturalist,Observations,243514182,Darren Schack,COORDINATE_ROUNDED;CONTINENT_DERIVED_FROM_COORDINATES;TAXON_ID_NOT_FOUND
4950318962,50c9509d-22c7-4a22-a47d-8c48425ef4a7,https://www.inaturalist.org/observations/242655215,,Washington,48.960722,-117.07593,1953.0,,,2024-09-18T10:26,2024,HUMAN_OBSERVATION,iNaturalist,Observations,242655215,Dave Drum,COORDINATE_ROUNDED;CONTINENT_DERIVED_FROM_COORDINATES;TAXON_ID_NOT_FOUND
4950133526,50c9509d-22c7-4a22-a47d-8c48425ef4a7,https://www.inaturalist.org/observations/242428366,,Washington,47.957016,-120.982987,,,,2024-09-16T15:18,2024,HUMAN_OBSERVATION,iNaturalist,Observations,242428366,Eric Jain,CONTINENT_DERIVED_FROM_COORDINATES;TAXON_ID_NOT_FOUND
4950037610,50c9509d-22c7-4a22-a47d-8c48425ef4a7,https://www.inaturalist.org/observations/242655762,,Washington,48.955581,-117.082459,31.0,,,2024-09-18T10:30,2024,HUMAN_OBSERVATION,iNaturalist,Observations,242655762,Dave Drum,COORDINATE_ROUNDED;CONTINENT_DERIVED_FROM_COORDINATES;TAXON_ID_NOT_FOUND
4949848666,50c9509d-22c7-4a22-a47d-8c48425ef4a7,https://www.inaturalist.org/observations/243516604,,Washington,46.919141,-121.653585,651.0,,,2024-09-20T16:21,2024,HUMAN_OBSERVATION,iNaturalist,Observations,243516604,Garrett,COORDINATE_ROUNDED;CONTINENT_DERIVED_FROM_COORDINATES;TAXON_ID_NOT_FOUND
4946648924,50c9509d-22c7-4a22-a47d-8c48425ef4a7,https://www.inaturalist.org/observations/240268047,,Washington,46.90848,-121.686792,3.0,,,2024-09-06T18:16:29,2024,HUMAN_OBSERVATION,iNaturalist,Observations,240268047,arrrggghhh,COORDINATE_ROUNDED;CONTINENT_DERIVED_FROM_COORDINATES;TAXON_ID_NOT_FOUND
4946634747,50c9509d-22c7-4a22-a47d-8c48425ef4a7,https://www.inaturalist.org/observations/239911786,,Washington,48.863675,-121.704613,847.0,,,2024-08-20T12:22:35,2024,HUMAN_OBSERVATION,iNaturalist,Observations,239911786,gavinamer,COORDINATE_ROUNDED;CONTINENT_DERIVED_FROM_COORDINATES;TAXON_ID_NOT_FOUND
4946633006,50c9509d-22c7-4a22-a47d-8c48425ef4a7,https://www.inaturalist.org/observations/239723409,,Washington,48.854417,-121.685588,1.0,,,2024-09-02T07:00,2024,HUMAN_OBSERVATION,iNaturalist,Observations,239723409,wag4ag,COORDINATE_ROUNDED;CONTINENT_DERIVED_FROM_COORDINATES;TAXON_ID_NOT_FOUND
4946428630,50c9509d-22c7-4a22-a47d-8c48425ef4a7,https://www.inaturalist.org/observations/241571967,,Washington,46.919232,-121.66454,10.0,,,2024-09-13T12:08,2024,HUMAN_OBSERVATION,iNaturalist,Observations,241571967,Pierce Louderback,COORDINATE_ROUNDED;CONTINENT_DERIVED_FROM_COORDINATES;TAXON_ID_NOT_FOUND
4946428197,50c9509d-22c7-4a22-a47d-8c48425ef4a7,https://www.inaturalist.org/observations/240043235,,Washington,48.47868,-121.068236,5.0,,,2016-07-14T11:09:14,2016,HUMAN_OBSERVATION,iNaturalist,Observations,240043235,Erik Atwell,COORDINATE_ROUNDED;CONTINENT_DERIVED_FROM_COORDINATES;TAXON_ID_NOT_FOUND
4946394731,50c9509d-22c7-4a22-a47d-8c48425ef4a7,https://www.inaturalist.org/observations/242118496,,Washington,46.916776,-121.679032,31.0,,,2024-09-13T14:43,2024,HUMAN_OBSERVATION,iNaturalist,Observations,242118496,salters,COORDINATE_ROUNDED;CONTINENT_DERIVED_FROM_COORDINATES;TAXON_ID_NOT_FOUND
4946383777,50c9509d-22c7-4a22-a47d-8c48425ef4a7,https://www.inaturalist.org/observations/239217857,,Washington,47.580955,-121.248802,1288.0,,,2023-07-28T17:54,2023,HUMAN_OBSERVATION,iNaturalist,Observations,239217857,Andrew,COORDINATE_ROUNDED;CONTINENT_DERIVED_FROM_COORDINATES;TAXON_ID_NOT_FOUND
4946379188,50c9509d-22c7-4a22-a47d-8c48425ef4a7,https://www.inaturalist.org/observations/241728766,,Washington,46.912614,-121.676566,10.0,,,2024-09-13T13:27,2024,HUMAN_OBSERVATION,iNaturalist,Observations,241728766,Tuoichen,COORDINATE_ROUNDED;CONTINENT_DERIVED_FROM_COORDINATES;TAXON_ID_NOT_FOUND
4946320320,50c9509d-22c7-4a22-a47d-8c48425ef4a7,https://www.inaturalist.org/observations/241777447,,Washington,47.642945,-121.335463,4.0,,,2024-09-10T10:22:26,2024,HUMAN_OBSERVATION,iNaturalist,Observations,241777447,ethan1998,COORDINATE_ROUNDED;CONTINENT_DERIVED_FROM_COORDINATES;TAXON_ID_NOT_FOUND
4946298882,50c9509d-22c7-4a22-a47d-8c48425ef4a7,https://www.inaturalist.org/observations/185932581,,Washington,46.879418,-121.72691,38388.0,,,2023-10-01T11:28:49,2023,HUMAN_OBSERVATION,iNaturalist,Observations,185932581,Lyrics Van Valderrama,COORDINATE_ROUNDED;CONTINENT_DERIVED_FROM_COORDINATES;TAXON_ID_NOT_FOUND
4946271381,50c9509d-22c7-4a22-a47d-8c48425ef4a7,https://www.inaturalist.org/observations/242205143,,Washington,46.917058,-121.679567,10.0,,,2024-09-15T09:17,2024,HUMAN_OBSERVATION,iNaturalist,Observations,242205143,Sam Hain,COORDINATE_ROUNDED;CONTINENT_DERIVED_FROM_COORDINATES;TAXON_ID_NOT_FOUND
4946227313,50c9509d-22c7-4a22-a47d-8c48425ef4a7,https://www.inaturalist.org/observations/241804957,,Washington,46.790897,-121.782438,4.0,,,2024-09-12T11:46:59,2024,HUMAN_OBSERVATION,iNaturalist,Observations,241804957,Andrew,COORDINATE_ROUNDED;CONTINENT_DERIVED_FROM_COORDINATES;TAXON_ID_NOT_FOUND
4946159389,50c9509d-22c7-4a22-a47d-8c48425ef4a7,https://www.inaturalist.org/observations/239917489,,Washington,46.792647,-121.728713,4.0,,,2024-09-04T16:46:51,2024,HUMAN_OBSERVATION,iNaturalist,Observations,239917489,arrrggghhh,COORDINATE_ROUNDED;CONTINENT_DERIVED_FROM_COORDINATES;TAXON_ID_NOT_FOUND
4946070137,50c9509d-22c7-4a22-a47d-8c48425ef4a7,https://www.inaturalist.org/observations/242205136,,Washington,46.917135,-121.679541,19.0,,,2024-09-15T08:49,2024,HUMAN_OBSERVATION,iNaturalist,Observations,242205136,Sam Hain,COORDINATE_ROUNDED;CONTINENT_DERIVED_FROM_COORDINATES;TAXON_ID_NOT_FOUND
4945973238,50c9509d-22c7-4a22-a47d-8c48425ef4a7,https://www.inaturalist.org/observations/242205135,,Washington,46.915886,-121.676484,15.0,,,2024-09-15T08:42,2024,HUMAN_OBSERVATION,iNaturalist,Observations,242205135,Sam Hain,COORDINATE_ROUNDED;CONTINENT_DERIVED_FROM_COORDINATES;TAXON_ID_NOT_FOUND
4945838080,50c9509d-22c7-4a22-a47d-8c48425ef4a7,https://www.inaturalist.org/observations/241929187,,Washington,47.470993,-120.938616,188.0,,,2024-09-15T09:46:52,2024,HUMAN_OBSERVATION,iNaturalist,Observations,241929187,alinrosner,COORDINATE_ROUNDED;CONTINENT_DERIVED_FROM_COORDINATES;TAXON_ID_NOT_FOUND
4945809638,50c9509d-22c7-4a22-a47d-8c48425ef4a7,https://www.inaturalist.org/observations/242205145,,Washington,46.9141,-121.674256,10.0,,,2024-09-15T10:38,2024,HUMAN_OBSERVATION,iNaturalist,Observations,242205145,Sam Hain,COORDINATE_ROUNDED;CONTINENT_DERIVED_FROM_COORDINATES;TAXON_ID_NOT_FOUND
4945793107,50c9509d-22c7-4a22-a47d-8c48425ef4a7,https://www.inaturalist.org/observations/241804889,,Washington,46.792625,-121.780197,4.0,,,2024-09-12T10:09:01,2024,HUMAN_OBSERVATION,iNaturalist,Observations,241804889,Andrew,COORDINATE_ROUNDED;CONTINENT_DERIVED_FROM_COORDINATES;TAXON_ID_NOT_FOUND
4945762923,50c9509d-22c7-4a22-a47d-8c48425ef4a7,https://www.inaturalist.org/observations/241398389,,Washington,48.85219,-121.679295,,,,2024-09-12T13:56,2024,HUMAN_OBSERVATION,iNaturalist,Observations,241398389,T. Abe Lloyd,COORDINATE_ROUNDED;CONTINENT_DERIVED_FROM_COORDINATES;TAXON_ID_NOT_FOUND
4945596523,50c9509d-22c7-4a22-a47d-8c48425ef4a7,https://www.inaturalist.org/observations/241724808,,Washington,46.919193,-121.664627,10.0,,,2024-09-13T12:41,2024,HUMAN_OBSERVATION,iNaturalist,Observations,241724808,Tuoichen,COORDINATE_ROUNDED;CONTINENT_DERIVED_FROM_COORDINATES;TAXON_ID_NOT_FOUND
4945500576,50c9509d-22c7-4a22-a47d-8c48425ef4a7,https://www.inaturalist.org/observations/177290741,,Washington,46.879418,-121.72691,38159.0,,,2023-08-07T10:15:32,2023,HUMAN_OBSERVATION,iNaturalist,Observations,177290741,Lyrics Van Valderrama,COORDINATE_ROUNDED;CONTINENT_DERIVED_FROM_COORDINATES;TAXON_ID_NOT_FOUND
4945459927,50c9509d-22c7-4a22-a47d-8c48425ef4a7,https://www.inaturalist.org/observations/240328149,,Washington,46.919056,-121.66406,50.0,,,2024-09-06T13:23,2024,HUMAN_OBSERVATION,iNaturalist,Observations,240328149,Tuoichen,COORDINATE_ROUNDED;CONTINENT_DERIVED_FROM_COORDINATES;TAXON_ID_NOT_FOUND
4937213897,50c9509d-22c7-4a22-a47d-8c48425ef4a7,https://www.inaturalist.org/observations/238520478,,Washington,48.846515,-121.717283,15.0,,,2024-08-14T14:06,2024,HUMAN_OBSERVATION,iNaturalist,Observations,238520478,Natassa Uehara,COORDINATE_ROUNDED;CONTINENT_DERIVED_FROM_COORDINATES;TAXON_ID_NOT_FOUND
4937186743,50c9509d-22c7-4a22-a47d-8c48425ef4a7,https://www.inaturalist.org/observations/238094736,,Washington,46.934855,-121.59375,668.0,,,2024-08-25T12:49:53,2024,HUMAN_OBSERVATION,iNaturalist,Observations,238094736,Ben Vang-Johnson,COORDINATE_ROUNDED;CONTINENT_DERIVED_FROM_COORDINATES;TAXON_ID_NOT_FOUND
4937087669,50c9509d-22c7-4a22-a47d-8c48425ef4a7,https://www.inaturalist.org/observations/144082612,,Washington,48.475942,-121.061242,945.0,,,2008-09-13T12:48,2008,HUMAN_OBSERVATION,iNaturalist,Observations,144082612,Tony Ernst,COORDINATE_ROUNDED;CONTINENT_DERIVED_FROM_COORDINATES;TAXON_ID_NOT_FOUND
4937000986,50c9509d-22c7-4a22-a47d-8c48425ef4a7,https://www.inaturalist.org/observations/239554666,,Washington,47.45766,-121.45106,3.0,,,2024-09-01T07:22,2024,HUMAN_OBSERVATION,iNaturalist,Observations,239554666,John Soltys,CONTINENT_DERIVED_FROM_COORDINATES;TAXON_ID_NOT_FOUND
4936949495,50c9509d-22c7-4a22-a47d-8c48425ef4a7,https://www.inaturalist.org/observations/238520471,,Washington,48.845766,-121.715612,15.0,,,2024-08-14T13:56,2024,HUMAN_OBSERVATION,iNaturalist,Observations,238520471,Natassa Uehara,COORDINATE_ROUNDED;CONTINENT_DERIVED_FROM_COORDINATES;TAXON_ID_NOT_FOUND
4936908821,50c9509d-22c7-4a22-a47d-8c48425ef4a7,https://www.inaturalist.org/observations/238705071,,Washington,47.473308,-121.301417,22.0,,,2024-08-15T11:40,2024,HUMAN_OBSERVATION,iNaturalist,Observations,238705071,Andrew,COORDINATE_ROUNDED;CONTINENT_DERIVED_FROM_COORDINATES;TAXON_ID_NOT_FOUND
4936890217,50c9509d-22c7-4a22-a47d-8c48425ef4a7,https://www.inaturalist.org/observations/238412022,,Washington,46.844598,-121.25321,8.0,,,2024-08-27T14:29:30,2024,HUMAN_OBSERVATION,iNaturalist,Observations,238412022,Jeremy Buegge,COORDINATE_ROUNDED;CONTINENT_DERIVED_FROM_COORDINATES;TAXON_ID_NOT_FOUND
4936889229,50c9509d-22c7-4a22-a47d-8c48425ef4a7,https://www.inaturalist.org/observations/239522867,,Washington,48.773713,-120.716456,,,,2024-08-31T17:54,2024,HUMAN_OBSERVATION,iNaturalist,Observations,239522867,Eric Jain,CONTINENT_DERIVED_FROM_COORDINATES;TAXON_ID_NOT_FOUND
4936876955,50c9509d-22c7-4a22-a47d-8c48425ef4a7,https://www.inaturalist.org/observations/34947817,,Washington,48.065082,-121.76624,70.0,,,2019-10-26T09:57:41,2019,HUMAN_OBSERVATION,iNaturalist,Observations,34947817,lionessmoon,COORDINATE_ROUNDED;CONTINENT_DERIVED_FROM_COORDINATES;TAXON_ID_NOT_FOUND
4936876646,50c9509d-22c7-4a22-a47d-8c48425ef4a7,https://www.inaturalist.org/observations/7469400,,Washington,46.792744,-121.729631,110.0,,,2017-08-06T17:43,2017,HUMAN_OBSERVATION,iNaturalist,Observations,7469400,Joan Septembre,COORDINATE_ROUNDED;CONTINENT_DERIVED_FROM_COORDINATES;TAXON_ID_NOT_FOUND
4936820422,50c9509d-22c7-4a22-a47d-8c48425ef4a7,https://www.inaturalist.org/observations/239330457,,Washington,47.668562,-120.943994,4.0,,,2024-08-31T11:23:33,2024,HUMAN_OBSERVATION,iNaturalist,Observations,239330457,jackson200,COORDINATE_ROUNDED;CONTINENT_DERIVED_FROM_COORDINATES;TAXON_ID_NOT_FOUND
4936778276,50c9509d-22c7-4a22-a47d-8c48425ef4a7,https://www.inaturalist.org/observations/142380232,,Washington,46.767698,-121.72992,283.0,,,2002-11-23T09:41,2002,HUMAN_OBSERVATION,iNaturalist,Observations,142380232,Tony Ernst,COORDINATE_ROUNDED;CONTINENT_DERIVED_FROM_COORDINATES;TAXON_ID_NOT_FOUND
4936738428,50c9509d-22c7-4a22-a47d-8c48425ef4a7,https://www.inaturalist.org/observations/237228849,,Washington,48.95439,-121.69174,20.0,,,2024-08-20T12:59,2024,HUMAN_OBSERVATION,iNaturalist,Observations,237228849,song_dog,CONTINENT_DERIVED_FROM_COORDINATES;TAXON_ID_NOT_FOUND
4936723984,50c9509d-22c7-4a22-a47d-8c48425ef4a7,https://www.inaturalist.org/observations/238520475,,Washington,48.84615,-121.716617,15.0,,,2024-08-14T14:00,2024,HUMAN_OBSERVATION,iNaturalist,Observations,238520475,Natassa Uehara,COORDINATE_ROUNDED;CONTINENT_DERIVED_FROM_COORDINATES;TAXON_ID_NOT_FOUND
4936679220,50c9509d-22c7-4a22-a47d-8c48425ef4a7,https://www.inaturalist.org/observations/238177691,,Washington,47.80658,-121.083778,4.0,,,2024-08-26T16:32:56,2024,HUMAN_OBSERVATION,iNaturalist,Observations,238177691,arrrggghhh,COORDINATE_ROUNDED;CONTINENT_DERIVED_FROM_COORDINATES;TAXON_ID_NOT_FOUND
4936649391,50c9509d-22c7-4a22-a47d-8c48425ef4a7,https://www.inaturalist.org/observations/236951594,,Washington,47.457504,-121.454615,,,,2024-08-19T19:32,2024,HUMAN_OBSERVATION,iNaturalist,Observations,236951594,Adam Schneider,COORDINATE_ROUNDED;CONTINENT_DERIVED_FROM_COORDINATES;TAXON_ID_NOT_FOUND
4936629365,50c9509d-22c7-4a22-a47d-8c48425ef4a7,https://www.inaturalist.org/observations/233493320,,Washington,47.889538,-121.171167,4.0,,,2024-07-20T14:08:17,2024,HUMAN_OBSERVATION,iNaturalist,Observations,233493320,kristi_tho,COORDINATE_ROUNDED;CONTINENT_DERIVED_FROM_COORDINATES;TAXON_ID_NOT_FOUND
4936626303,50c9509d-22c7-4a22-a47d-8c48425ef4a7,https://www.inaturalist.org/observations/186948184,,Washington,48.511344,-120.744941,140.0,,,2023-10-08T18:24,2023,HUMAN_OBSERVATION,iNaturalist,Observations,186948184,Joan Septembre,COORDINATE_ROUNDED;CONTINENT_DERIVED_FROM_COORDINATES;TAXON_ID_NOT_FOUND
4936623057,50c9509d-22c7-4a22-a47d-8c48425ef4a7,https://www.inaturalist.org/observations/238536695,,Washington,47.490975,-120.74543,4.0,,,2024-08-28T13:39:10,2024,HUMAN_OBSERVATION,iNaturalist,Observations,238536695,arrrggghhh,CONTINENT_DERIVED_FROM_COORDINATES;TAXON_ID_NOT_FOUND
4936534578,50c9509d-22c7-4a22-a47d-8c48425ef4a7,https://www.inaturalist.org/observations/237988786,,Washington,46.803589,-121.505503,26935.0,,,2024-08-18T17:03,2024,HUMAN_OBSERVATION,iNaturalist,Observations,237988786,Zach Hawn,COORDINATE_ROUNDED;CONTINENT_DERIVED_FROM_COORDINATES;TAXON_ID_NOT_FOUND
4936498625,50c9509d-22c7-4a22-a47d-8c48425ef4a7,https://www.inaturalist.org/observations/181289365,,Washington,46.757592,-121.735512,9.0,,,2023-09-01T11:48:22,2023,HUMAN_OBSERVATION,iNaturalist,Observations,181289365,Tony Ernst,COORDINATE_ROUNDED;CONTINENT_DERIVED_FROM_COORDINATES;TAXON_ID_NOT_FOUND
4936477131,50c9509d-22c7-4a22-a47d-8c48425ef4a7,https://www.inaturalist.org/observations/148430427,,Washington,47.431784,-121.511813,61.0,,,2014-07-20T10:33,2014,HUMAN_OBSERVATION,iNaturalist,Observations,148430427,Tony Ernst,COORDINATE_ROUNDED;CONTINENT_DERIVED_FROM_COORDINATES;TAXON_ID_NOT_FOUND
4936472589,50c9509d-22c7-4a22-a47d-8c48425ef4a7,https://www.inaturalist.org/observations/183720268,,Washington,46.232587,-121.553755,3.0,,,2023-09-10T19:07:42,2023,HUMAN_OBSERVATION,iNaturalist,Observations,183720268,kristi_tho,COORDINATE_ROUNDED;CONTINENT_DERIVED_FROM_COORDINATES;TAXON_ID_NOT_FOUND
4936397332,50c9509d-22c7-4a22-a47d-8c48425ef4a7,https://www.inaturalist.org/observations/239619451,,Washington,47.991214,-121.453919,5.0,,,2024-09-02T16:10,2024,HUMAN_OBSERVATION,iNaturalist,Observations,239619451,James H. Thomas,COORDINATE_ROUNDED;CONTINENT_DERIVED_FROM_COORDINATES;TAXON_ID_NOT_FOUND
4936380366,50c9509d-22c7-4a22-a47d-8c48425ef4a7,https://www.inaturalist.org/observations/143650583,,Washington,46.7671,-121.730428,20.0,,,2006-08-18T20:06,2006,HUMAN_OBSERVATION,iNaturalist,Observations,143650583,Tony Ernst,COORDINATE_ROUNDED;CONTINENT_DERIVED_FROM_COORDINATES;TAXON_ID_NOT_FOUND
4936350025,50c9509d-22c7-4a22-a47d-8c48425ef4a7,https://www.inaturalist.org/observations/239554667,,Washington,47.45726,-121.45511,3.0,,,2024-09-01T07:29,2024,HUMAN_OBSERVATION,iNaturalist,Observations,239554667,John Soltys,CONTINENT_DERIVED_FROM_COORDINATES;TAXON_ID_NOT_FOUND
4936342263,50c9509d-22c7-4a22-a47d-8c48425ef4a7,https://www.inaturalist.org/observations/233494302,,Washington,47.496533,-121.248292,10.0,,,2024-07-15T20:24:52,2024,HUMAN_OBSERVATION,iNaturalist,Observations,233494302,kristi_tho,COORDINATE_ROUNDED;CONTINENT_DERIVED_FROM_COORDINATES;TAXON_ID_NOT_FOUND
4936244153,50c9509d-22c7-4a22-a47d-8c48425ef4a7,https://www.inaturalist.org/observations/237988785,,Washington,46.942134,-121.42224,26935.0,,,2024-08-18T17:01,2024,HUMAN_OBSERVATION,iNaturalist,Observations,237988785,Zach Hawn,COORDINATE_ROUNDED;CONTINENT_DERIVED_FROM_COORDINATES;TAXON_ID_NOT_FOUND
4936211381,50c9509d-22c7-4a22-a47d-8c48425ef4a7,https://www.inaturalist.org/observations/148430626,,Washington,48.918356,-121.449192,61.0,,,2014-08-16T15:32,2014,HUMAN_OBSERVATION,iNaturalist,Observations,148430626,Tony Ernst,COORDINATE_ROUNDED;CONTINENT_DERIVED_FROM_COORDINATES;TAXON_ID_NOT_FOUND
4936210647,50c9509d-22c7-4a22-a47d-8c48425ef4a7,https://www.inaturalist.org/observations/142371527,,Washington,46.754379,-121.705537,212.0,,,2001-10-06T13:03:10,2001,HUMAN_OBSERVATION,iNaturalist,Observations,142371527,Tony Ernst,COORDINATE_ROUNDED;CONTINENT_DERIVED_FROM_COORDINATES;TAXON_ID_NOT_FOUND
4936194165,50c9509d-22c7-4a22-a47d-8c48425ef4a7,https://www.inaturalist.org/observations/238315141,,Washington,46.916093,-121.678433,150.0,,,2024-08-19T10:01,2024,HUMAN_OBSERVATION,iNaturalist,Observations,238315141,Max Olson,COORDINATE_ROUNDED;CONTINENT_DERIVED_FROM_COORDINATES;TAXON_ID_NOT_FOUND
4936139916,50c9509d-22c7-4a22-a47d-8c48425ef4a7,https://www.inaturalist.org/observations/181684866,,Washington,48.847943,-121.691349,122.0,,,2023-09-02T17:47,2023,HUMAN_OBSERVATION,iNaturalist,Observations,181684866,Joan Septembre,COORDINATE_ROUNDED;CONTINENT_DERIVED_FROM_COORDINATES;TAXON_ID_NOT_FOUND
4936125962,50c9509d-22c7-4a22-a47d-8c48425ef4a7,https://www.inaturalist.org/observations/143901638,,Washington,47.44798,-121.453702,61.0,,,2007-08-18T08:44,2007,HUMAN_OBSERVATION,iNaturalist,Observations,143901638,Tony Ernst,COORDINATE_ROUNDED;CONTINENT_DERIVED_FROM_COORDINATES;TAXON_ID_NOT_FOUND
4936080609,50c9509d-22c7-4a22-a47d-8c48425ef4a7,https://www.inaturalist.org/observations/237988787,,Washington,46.82832,-121.569362,26935.0,,,2024-08-18T17:05,2024,HUMAN_OBSERVATION,iNaturalist,Observations,237988787,Zach Hawn,COORDINATE_ROUNDED;CONTINENT_DERIVED_FROM_COORDINATES;TAXON_ID_NOT_FOUND
4936056514,50c9509d-22c7-4a22-a47d-8c48425ef4a7,https://www.inaturalist.org/observations/237988791,,Washington,46.862531,-121.407819,26935.0,,,2024-08-18T17:24,2024,HUMAN_OBSERVATION,iNaturalist,Observations,237988791,Zach Hawn,COORDINATE_ROUNDED;CONTINENT_DERIVED_FROM_COORDINATES;TAXON_ID_NOT_FOUND
4936037566,50c9509d-22c7-4a22-a47d-8c48425ef4a7,https://www.inaturalist.org/observations/239327736,,Washington,47.808819,-121.088611,,,,2024-08-22T14:49,2024,HUMAN_OBSERVATION,iNaturalist,Observations,239327736,Ian R. Clark,COORDINATE_ROUNDED;CONTINENT_DERIVED_FROM_COORDINATES;TAXON_ID_NOT_FOUND
4936005907,50c9509d-22c7-4a22-a47d-8c48425ef4a7,https://www.inaturalist.org/observations/239535695,,Washington,46.919187,-121.66455,,,,2023-09-14T08:22,2023,HUMAN_OBSERVATION,iNaturalist,Observations,239535695,bartbee,COORDINATE_ROUNDED;CONTINENT_DERIVED_FROM_COORDINATES;TAXON_ID_NOT_FOUND
4935940314,50c9509d-22c7-4a22-a47d-8c48425ef4a7,https://www.inaturalist.org/observations/236951593,,Washington,47.459308,-121.45446,,,,2024-08-19T11:19,2024,HUMAN_OBSERVATION,iNaturalist,Observations,236951593,Adam Schneider,COORDINATE_ROUNDED;CONTINENT_DERIVED_FROM_COORDINATES;TAXON_ID_NOT_FOUND
4935874375,50c9509d-22c7-4a22-a47d-8c48425ef4a7,https://www.inaturalist.org/observations/237388031,,Washington,47.466872,-120.940492,3.0,,,2024-08-22T12:57:42,2024,HUMAN_OBSERVATION,iNaturalist,Observations,237388031,arrrggghhh,COORDINATE_ROUNDED;CONTINENT_DERIVED_FROM_COORDINATES;TAXON_ID_NOT_FOUND
4935872118,50c9509d-22c7-4a22-a47d-8c48425ef4a7,https://www.inaturalist.org/observations/237988781,,Washington,46.857404,-121.453985,26935.0,,,2024-08-18T16:54,2024,HUMAN_OBSERVATION,iNaturalist,Observations,237988781,Zach Hawn,COORDINATE_ROUNDED;CONTINENT_DERIVED_FROM_COORDINATES;TAXON_ID_NOT_FOUND
4935865642,50c9509d-22c7-4a22-a47d-8c48425ef4a7,https://www.inaturalist.org/observations/237417109,,Washington,46.919595,-121.585367,7.0,,,2024-08-20T10:02:14,2024,HUMAN_OBSERVATION,iNaturalist,Observations,237417109,Jesse E. D. Miller,COORDINATE_ROUNDED;CONTINENT_DERIVED_FROM_COORDINATES;TAXON_ID_NOT_FOUND
4935850873,50c9509d-22c7-4a22-a47d-8c48425ef4a7,https://www.inaturalist.org/observations/239522861,,Washington,48.774746,-120.718614,,,,2024-08-31T17:47,2024,HUMAN_OBSERVATION,iNaturalist,Observations,239522861,Eric Jain,CONTINENT_DERIVED_FROM_COORDINATES;TAXON_ID_NOT_FOUND
4935827624,50c9509d-22c7-4a22-a47d-8c48425ef4a7,https://www.inaturalist.org/observations/239554673,,Washington,46.83206,-121.85807,5.0,,,2024-08-23T19:16,2024,HUMAN_OBSERVATION,iNaturalist,Observations,239554673,John Soltys,CONTINENT_DERIVED_FROM_COORDINATES;TAXON_ID_NOT_FOUND
4935827567,50c9509d-22c7-4a22-a47d-8c48425ef4a7,https://www.inaturalist.org/observations/239522858,,Washington,48.774743,-120.718604,,,,2024-08-31T17:46,2024,HUMAN_OBSERVATION,iNaturalist,Observations,239522858,Eric Jain,CONTINENT_DERIVED_FROM_COORDINATES;TAXON_ID_NOT_FOUND
4935826930,50c9509d-22c7-4a22-a47d-8c48425ef4a7,https://www.inaturalist.org/observations/237988780,,Washington,46.86261,-121.416377,26935.0,,,2024-08-18T16:54,2024,HUMAN_OBSERVATION,iNaturalist,Observations,237988780,Zach Hawn,COORDINATE_ROUNDED;CONTINENT_DERIVED_FROM_COORDINATES;TAXON_ID_NOT_FOUND
4935818342,50c9509d-22c7-4a22-a47d-8c48425ef4a7,https://www.inaturalist.org/observations/239554665,,Washington,47.45758,-121.45084,3.0,,,2024-09-01T07:20,2024,HUMAN_OBSERVATION,iNaturalist,Observations,239554665,John Soltys,CONTINENT_DERIVED_FROM_COORDINATES;TAXON_ID_NOT_FOUND
4935807946,50c9509d-22c7-4a22-a47d-8c48425ef4a7,https://www.inaturalist.org/observations/238315136,,Washington,46.79239,-121.731379,75.0,,,2024-08-18T15:08,2024,HUMAN_OBSERVATION,iNaturalist,Observations,238315136,Max Olson,COORDINATE_ROUNDED;CONTINENT_DERIVED_FROM_COORDINATES;TAXON_ID_NOT_FOUND
4935770232,50c9509d-22c7-4a22-a47d-8c48425ef4a7,https://www.inaturalist.org/observations/237410203,,Washington,46.965326,-121.610597,137700.0,,,2024-08-22T16:15:24,2024,HUMAN_OBSERVATION,iNaturalist,Observations,237410203,Erin,COORDINATE_ROUNDED;CONTINENT_DERIVED_FROM_COORDINATES;TAXON_ID_NOT_FOUND
4935727965,50c9509d-22c7-4a22-a47d-8c48425ef4a7,https://www.inaturalist.org/observations/239330446,,Washington,47.688839,-120.942934,1.0,,,2024-08-31T08:27:58,2024,HUMAN_OBSERVATION,iNaturalist,Observations,239330446,jackson200,COORDINATE_ROUNDED;CONTINENT_DERIVED_FROM_COORDINATES;TAXON_ID_NOT_FOUND
4935708157,50c9509d-22c7-4a22-a47d-8c48425ef4a7,https://www.inaturalist.org/observations/239554674,,Washington,46.83206,-121.85807,5.0,,,2024-08-23T19:25,2024,HUMAN_OBSERVATION,iNaturalist,Observations,239554674,John Soltys,CONTINENT_DERIVED_FROM_COORDINATES;TAXON_ID_NOT_FOUND
4935696536,50c9509d-22c7-4a22-a47d-8c48425ef4a7,https://www.inaturalist.org/observations/239554669,,Washington,47.21758,-121.34372,3.0,,,2024-08-18T11:26,2024,HUMAN_OBSERVATION,iNaturalist,Observations,239554669,John Soltys,CONTINENT_DERIVED_FROM_COORDINATES;TAXON_ID_NOT_FOUND
4926387329,50c9509d-22c7-4a22-a47d-8c48425ef4a7,https://www.inaturalist.org/observations/236357728,,Washington,47.806563,-121.083825,4.0,,,2024-08-17T08:48:32,2024,HUMAN_OBSERVATION,iNaturalist,Observations,236357728,arrrggghhh,COORDINATE_ROUNDED;CONTINENT_DERIVED_FROM_COORDINATES;TAXON_ID_NOT_FOUND
4926366154,50c9509d-22c7-4a22-a47d-8c48425ef4a7,https://www.inaturalist.org/observations/235427306,,Washington,48.076549,-121.575886,5.0,,,2024-08-12T13:23,2024,HUMAN_OBSERVATION,iNaturalist,Observations,235427306,rgle14,CONTINENT_DERIVED_FROM_COORDINATES;TAXON_ID_NOT_FOUND
4926354527,50c9509d-22c7-4a22-a47d-8c48425ef4a7,https://www.inaturalist.org/observations/236819983,,Washington,46.893569,-121.581136,26935.0,,,2024-08-15T10:30:29,2024,HUMAN_OBSERVATION,iNaturalist,Observations,236819983,Michael Stein,COORDINATE_ROUNDED;CONTINENT_DERIVED_FROM_COORDINATES;TAXON_ID_NOT_FOUND
4926251120,50c9509d-22c7-4a22-a47d-8c48425ef4a7,https://www.inaturalist.org/observations/236220264,,Washington,47.206303,-121.527827,26871.0,,,2024-08-11T16:26,2024,HUMAN_OBSERVATION,iNaturalist,Observations,236220264,Zach Hawn,COORDINATE_ROUNDED;CONTINENT_DERIVED_FROM_COORDINATES;TAXON_ID_NOT_FOUND
4926180545,50c9509d-22c7-4a22-a47d-8c48425ef4a7,https://www.inaturalist.org/observations/236485235,,Washington,46.909112,-121.818237,3083.0,,,2024-08-09T07:30:54,2024,HUMAN_OBSERVATION,iNaturalist,Observations,236485235,Tiia Haapalainen,COORDINATE_ROUNDED;CONTINENT_DERIVED_FROM_COORDINATES;TAXON_ID_NOT_FOUND
4926124701,50c9509d-22c7-4a22-a47d-8c48425ef4a7,https://www.inaturalist.org/observations/236862438,,Washington,48.518425,-120.67102,36.0,,,2024-08-18T12:02:20,2024,HUMAN_OBSERVATION,iNaturalist,Observations,236862438,Mark Robinson,CONTINENT_DERIVED_FROM_COORDINATES;TAXON_ID_NOT_FOUND
4926098373,50c9509d-22c7-4a22-a47d-8c48425ef4a7,https://www.inaturalist.org/observations/235996132,,Washington,48.831411,-121.725465,11.0,,,2024-08-14T13:02,2024,HUMAN_OBSERVATION,iNaturalist,Observations,235996132,Josiah Chase,COORDINATE_ROUNDED;CONTINENT_DERIVED_FROM_COORDINATES;TAXON_ID_NOT_FOUND
4926081250,50c9509d-22c7-4a22-a47d-8c48425ef4a7,https://www.inaturalist.org/observations/236396489,,Washington,46.93503,-121.84517,3.0,,,2024-08-09T10:28,2024,HUMAN_OBSERVATION,iNaturalist,Observations,236396489,John Soltys,CONTINENT_DERIVED_FROM_COORDINATES;TAXON_ID_NOT_FOUND
4926049617,50c9509d-22c7-4a22-a47d-8c48425ef4a7,https://www.inaturalist.org/observations/236396491,,Washington,46.91889,-121.85691,3.0,,,2024-08-11T10:48,2024,HUMAN_OBSERVATION,iNaturalist,Observations,236396491,John Soltys,CONTINENT_DERIVED_FROM_COORDINATES;TAXON_ID_NOT_FOUND
4926017755,50c9509d-22c7-4a22-a47d-8c48425ef4a7,https://www.inaturalist.org/observations/236401449,,Washington,46.961408,-121.97091,26935.0,,,2024-08-16T11:39:54,2024,HUMAN_OBSERVATION,iNaturalist,Observations,236401449,Connor O’Brien,COORDINATE_ROUNDED;CONTINENT_DERIVED_FROM_COORDINATES;TAXON_ID_NOT_FOUND
4925979287,50c9509d-22c7-4a22-a47d-8c48425ef4a7,https://www.inaturalist.org/observations/235398998,,Washington,46.918719,-121.585322,,,,2024-08-10T15:02:38,2024,HUMAN_OBSERVATION,iNaturalist,Observations,235398998,bos__mutus,COORDINATE_ROUNDED;CONTINENT_DERIVED_FROM_COORDINATES;TAXON_ID_NOT_FOUND
4925963327,50c9509d-22c7-4a22-a47d-8c48425ef4a7,https://www.inaturalist.org/observations/236220263,,Washington,47.249634,-121.438554,26871.0,,,2024-08-11T16:22,2024,HUMAN_OBSERVATION,iNaturalist,Observations,236220263,Zach Hawn,COORDINATE_ROUNDED;CONTINENT_DERIVED_FROM_COORDINATES;TAXON_ID_NOT_FOUND
4925870842,50c9509d-22c7-4a22-a47d-8c48425ef4a7,https://www.inaturalist.org/observations/236571057,,Washington,46.86713,-121.503879,792.0,,,2024-08-12T19:33,2024,HUMAN_OBSERVATION,iNaturalist,Observations,236571057,Golda Ellen,COORDINATE_ROUNDED;CONTINENT_DERIVED_FROM_COORDINATES;TAXON_ID_NOT_FOUND
4925870440,50c9509d-22c7-4a22-a47d-8c48425ef4a7,https://www.inaturalist.org/observations/236400306,,Washington,46.903305,-121.714067,4.0,,,2024-08-17T09:35:39,2024,HUMAN_OBSERVATION,iNaturalist,Observations,236400306,Maria,COORDINATE_ROUNDED;CONTINENT_DERIVED_FROM_COORDINATES;TAXON_ID_NOT_FOUND
4925859265,50c9509d-22c7-4a22-a47d-8c48425ef4a7,https://www.inaturalist.org/observations/235399691,,Washington,46.918825,-121.585433,,,,2024-08-10T09:23:07,2024,HUMAN_OBSERVATION,iNaturalist,Observations,235399691,bos__mutus,COORDINATE_ROUNDED;CONTINENT_DERIVED_FROM_COORDINATES;TAXON_ID_NOT_FOUND
4925855035,50c9509d-22c7-4a22-a47d-8c48425ef4a7,https://www.inaturalist.org/observations/236287453,,Washington,46.918465,-121.85634,42.0,,,2024-08-02T16:17:41,2024,HUMAN_OBSERVATION,iNaturalist,Observations,236287453,max_forster,COORDINATE_ROUNDED;CONTINENT_DERIVED_FROM_COORDINATES;TAXON_ID_NOT_FOUND
4924167559,50c9509d-22c7-4a22-a47d-8c48425ef4a7,https://www.inaturalist.org/observations/234888251,,Washington,47.43072,-121.454097,4.0,,,2024-08-10T08:02:07,2024,HUMAN_OBSERVATION,iNaturalist,Observations,234888251,jackson200,COORDINATE_ROUNDED;CONTINENT_DERIVED_FROM_COORDINATES;TAXON_ID_NOT_FOUND
4924162709,50c9509d-22c7-4a22-a47d-8c48425ef4a7,https://www.inaturalist.org/observations/234633780,,Washington,48.844869,-121.710558,4.0,,,2024-08-08T08:18,2024,HUMAN_OBSERVATION,iNaturalist,Observations,234633780,LDBert,COORDINATE_ROUNDED;CONTINENT_DERIVED_FROM_COORDINATES;TAXON_ID_NOT_FOUND
4924151674,50c9509d-22c7-4a22-a47d-8c48425ef4a7,https://www.inaturalist.org/observations/234624695,,Washington,46.917117,-121.588895,,,,2023-09-01T08:02,2023,HUMAN_OBSERVATION,iNaturalist,Observations,234624695,bartbee,COORDINATE_ROUNDED;CONTINENT_DERIVED_FROM_COORDINATES;TAXON_ID_NOT_FOUND
4924141808,50c9509d-22c7-4a22-a47d-8c48425ef4a7,https://www.inaturalist.org/observations/234710117,,Washington,46.847152,-121.253502,7.0,,,2024-08-08T13:36:58,2024,HUMAN_OBSERVATION,iNaturalist,Observations,234710117,Jeremy Buegge,COORDINATE_ROUNDED;CONTINENT_DERIVED_FROM_COORDINATES;TAXON_ID_NOT_FOUND
4924140090,50c9509d-22c7-4a22-a47d-8c48425ef4a7,https://www.inaturalist.org/observations/234963644,,Washington,46.920014,-121.655899,140.0,,,2019-08-12T13:49,2019,HUMAN_OBSERVATION,iNaturalist,Observations,234963644,Tripper,COORDINATE_ROUNDED;CONTINENT_DERIVED_FROM_COORDINATES;TAXON_ID_NOT_FOUND
4924101417,50c9509d-22c7-4a22-a47d-8c48425ef4a7,https://www.inaturalist.org/observations/33048152,,Washington,48.511048,-120.775259,6.0,,,2019-09-19T13:59:59,2019,HUMAN_OBSERVATION,iNaturalist,Observations,33048152,jackson200,COORDINATE_ROUNDED;CONTINENT_DERIVED_FROM_COORDINATES;TAXON_ID_NOT_FOUND
4923969494,50c9509d-22c7-4a22-a47d-8c48425ef4a7,https://www.inaturalist.org/observations/234407724,,Washington,48.577379,-121.627218,26679.0,,,2024-07-24T18:45,2024,HUMAN_OBSERVATION,iNaturalist,Observations,234407724,Ryan Sorrells,COORDINATE_ROUNDED;CONTINENT_DERIVED_FROM_COORDINATES;TAXON_ID_NOT_FOUND
4923944445,50c9509d-22c7-4a22-a47d-8c48425ef4a7,https://www.inaturalist.org/observations/235267128,,Washington,46.915885,-121.677575,10.0,,,2024-08-11T08:48,2024,HUMAN_OBSERVATION,iNaturalist,Observations,235267128,Pierce Louderback,COORDINATE_ROUNDED;CONTINENT_DERIVED_FROM_COORDINATES;TAXON_ID_NOT_FOUND
4923927808,50c9509d-22c7-4a22-a47d-8c48425ef4a7,https://www.inaturalist.org/observations/235276909,,Washington,48.820103,-121.738183,4.0,,,2023-08-11T14:02:39,2023,HUMAN_OBSERVATION,iNaturalist,Observations,235276909,ncoole,COORDINATE_ROUNDED;CONTINENT_DERIVED_FROM_COORDINATES;TAXON_ID_NOT_FOUND
4923924158,50c9509d-22c7-4a22-a47d-8c48425ef4a7,https://www.inaturalist.org/observations/235278902,,Washington,48.846442,-121.716717,10.0,,,2024-08-09T15:18,2024,HUMAN_OBSERVATION,iNaturalist,Observations,235278902,Sydney Gerig,COORDINATE_ROUNDED;CONTINENT_DERIVED_FROM_COORDINATES;TAXON_ID_NOT_FOUND
4923917327,50c9509d-22c7-4a22-a47d-8c48425ef4a7,https://www.inaturalist.org/observations/234616703,,Washington,46.836366,-121.412398,26935.0,,,2024-07-30T13:29,2024,HUMAN_OBSERVATION,iNaturalist,Observations,234616703,Ryan Sorrells,COORDINATE_ROUNDED;CONTINENT_DERIVED_FROM_COORDINATES;TAXON_ID_NOT_FOUND
4923898407,50c9509d-22c7-4a22-a47d-8c48425ef4a7,https://www.inaturalist.org/observations/182646976,,Washington,47.288628,-120.4403,4.0,,,2023-09-08T12:26,2023,HUMAN_OBSERVATION,iNaturalist,Observations,182646976,James H. Thomas,COORDINATE_ROUNDED;CONTINENT_DERIVED_FROM_COORDINATES;TAXON_ID_NOT_FOUND
4923875773,50c9509d-22c7-4a22-a47d-8c48425ef4a7,https://www.inaturalist.org/observations/234407749,,Washington,48.581842,-121.679116,26679.0,,,2024-07-24T18:55,2024,HUMAN_OBSERVATION,iNaturalist,Observations,234407749,Ryan Sorrells,COORDINATE_ROUNDED;CONTINENT_DERIVED_FROM_COORDINATES;TAXON_ID_NOT_FOUND
4923838697,50c9509d-22c7-4a22-a47d-8c48425ef4a7,https://www.inaturalist.org/observations/186760057,,Washington,47.460975,-121.445936,31.0,,,2023-10-08T14:04:45,2023,HUMAN_OBSERVATION,iNaturalist,Observations,186760057,Evan Derickson,COORDINATE_ROUNDED;CONTINENT_DERIVED_FROM_COORDINATES;TAXON_ID_NOT_FOUND
4923732924,50c9509d-22c7-4a22-a47d-8c48425ef4a7,https://www.inaturalist.org/observations/235009474,,Washington,47.452129,-121.469505,4.0,,,2024-08-10T09:47:52,2024,HUMAN_OBSERVATION,iNaturalist,Observations,235009474,jackson200,COORDINATE_ROUNDED;CONTINENT_DERIVED_FROM_COORDINATES;TAXON_ID_NOT_FOUND
4923696423,50c9509d-22c7-4a22-a47d-8c48425ef4a7,https://www.inaturalist.org/observations/235411401,,Washington,45.723672,-122.318533,182.0,,,2021-09-20T13:55,2021,HUMAN_OBSERVATION,iNaturalist,Observations,235411401,Mike Clarke,COORDINATE_ROUNDED;CONTINENT_DERIVED_FROM_COORDINATES;TAXON_ID_NOT_FOUND
4923695334,50c9509d-22c7-4a22-a47d-8c48425ef4a7,https://www.inaturalist.org/observations/234257123,,Washington,46.756321,-121.700538,,,,2024-08-06T10:33:59,2024,HUMAN_OBSERVATION,iNaturalist,Observations,234257123,Elisa,COORDINATE_ROUNDED;CONTINENT_DERIVED_FROM_COORDINATES;TAXON_ID_NOT_FOUND
4923679606,50c9509d-22c7-4a22-a47d-8c48425ef4a7,https://www.inaturalist.org/observations/235464769,,Washington,46.919184,-121.66454,4.0,,,2024-08-11T10:41,2024,HUMAN_OBSERVATION,iNaturalist,Observations,235464769,Pierce Louderback,COORDINATE_ROUNDED;CONTINENT_DERIVED_FROM_COORDINATES;TAXON_ID_NOT_FOUND
4923638322,50c9509d-22c7-4a22-a47d-8c48425ef4a7,https://www.inaturalist.org/observations/183311023,,Washington,48.744953,-120.324333,3.0,,,2023-08-06T16:14:02,2023,HUMAN_OBSERVATION,iNaturalist,Observations,183311023,Mark Robinson,COORDINATE_ROUNDED;CONTINENT_DERIVED_FROM_COORDINATES;TAXON_ID_NOT_FOUND
4923600979,50c9509d-22c7-4a22-a47d-8c48425ef4a7,https://www.inaturalist.org/observations/235030570,,Washington,48.658811,-121.332269,7.0,,,2024-08-10T09:32:31,2024,HUMAN_OBSERVATION,iNaturalist,Observations,235030570,jseibel55,COORDINATE_ROUNDED;CONTINENT_DERIVED_FROM_COORDINATES;TAXON_ID_NOT_FOUND
4923590998,50c9509d-22c7-4a22-a47d-8c48425ef4a7,https://www.inaturalist.org/observations/235220536,,Washington,48.963928,-121.796864,,,,2024-08-10T15:46,2024,HUMAN_OBSERVATION,iNaturalist,Observations,235220536,Eric Jain,CONTINENT_DERIVED_FROM_COORDINATES;TAXON_ID_NOT_FOUND
4922013287,50c9509d-22c7-4a22-a47d-8c48425ef4a7,https://www.inaturalist.org/observations/233812429,,Washington,46.919168,-121.662065,4.0,,,2024-08-04T07:56:17,2024,HUMAN_OBSERVATION,iNaturalist,Observations,233812429,manseekingorganisms,COORDINATE_ROUNDED;CONTINENT_DERIVED_FROM_COORDINATES;TAXON_ID_NOT_FOUND
4921983497,50c9509d-22c7-4a22-a47d-8c48425ef4a7,https://www.inaturalist.org/observations/232777644,,Washington,47.040164,-121.499183,11.0,,,2024-07-28T16:04:36,2024,HUMAN_OBSERVATION,iNaturalist,Observations,232777644,Meg Meyer,COORDINATE_ROUNDED;CONTINENT_DERIVED_FROM_COORDINATES;TAXON_ID_NOT_FOUND
4921599941,50c9509d-22c7-4a22-a47d-8c48425ef4a7,https://www.inaturalist.org/observations/233947716,,Washington,47.574976,-121.141944,1964.0,,,2024-07-25,2024,HUMAN_OBSERVATION,iNaturalist,Observations,233947716,mrwalkerlasa,COORDINATE_ROUNDED;CONTINENT_DERIVED_FROM_COORDINATES;TAXON_ID_NOT_FOUND
4921535266,50c9509d-22c7-4a22-a47d-8c48425ef4a7,https://www.inaturalist.org/observations/233812513,,Washington,46.919138,-121.662053,4.0,,,2024-08-04T07:58:17,2024,HUMAN_OBSERVATION,iNaturalist,Observations,233812513,manseekingorganisms,COORDINATE_ROUNDED;CONTINENT_DERIVED_FROM_COORDINATES;TAXON_ID_NOT_FOUND
4921531067,50c9509d-22c7-4a22-a47d-8c48425ef4a7,https://www.inaturalist.org/observations/233027641,,Washington,46.786419,-121.738818,122.0,,,2024-07-26T09:20,2024,HUMAN_OBSERVATION,iNaturalist,Observations,233027641,Stanley Chan,COORDINATE_ROUNDED;CONTINENT_DERIVED_FROM_COORDINATES;TAXON_ID_NOT_FOUND
4921497748,50c9509d-22c7-4a22-a47d-8c48425ef4a7,https://www.inaturalist.org/observations/233871308,,Washington,47.523253,-120.853376,500.0,,,2024-07-31T20:33,2024,HUMAN_OBSERVATION,iNaturalist,Observations,233871308,Kristina Weis,COORDINATE_ROUNDED;CONTINENT_DERIVED_FROM_COORDINATES;TAXON_ID_NOT_FOUND
4921471549,50c9509d-22c7-4a22-a47d-8c48425ef4a7,https://www.inaturalist.org/observations/194402319,,Washington,48.468358,-121.059224,250.0,,,2014-08-20T09:51,2014,HUMAN_OBSERVATION,iNaturalist,Observations,194402319,Mark Pollock,CONTINENT_DERIVED_FROM_COORDINATES;TAXON_ID_NOT_FOUND
4919728457,50c9509d-22c7-4a22-a47d-8c48425ef4a7,https://www.inaturalist.org/observations/231888978,,Washington,47.5641,-121.133792,,,,2024-07-22T08:52:54,2024,HUMAN_OBSERVATION,iNaturalist,Observations,231888978,John Brew,COORDINATE_ROUNDED;CONTINENT_DERIVED_FROM_COORDINATES;TAXON_ID_NOT_FOUND
4919708483,50c9509d-22c7-4a22-a47d-8c48425ef4a7,https://www.inaturalist.org/observations/187738565,,Washington,48.560133,-120.690429,4.0,,,2023-10-01T10:52:41,2023,HUMAN_OBSERVATION,iNaturalist,Observations,187738565,jackson200,COORDINATE_ROUNDED;CONTINENT_DERIVED_FROM_COORDINATES;TAXON_ID_NOT_FOUND
4919699454,50c9509d-22c7-4a22-a47d-8c48425ef4a7,https://www.inaturalist.org/observations/228095658,,Washington,47.722389,-121.189778,20.0,,,2024-07-04T19:37,2024,HUMAN_OBSERVATION,iNaturalist,Observations,228095658,song_dog,CONTINENT_DERIVED_FROM_COORDINATES;TAXON_ID_NOT_FOUND
4919685835,50c9509d-22c7-4a22-a47d-8c48425ef4a7,https://www.inaturalist.org/observations/226294096,,Washington,46.774444,-121.749474,528.0,,,2024-06-28T10:33:50,2024,HUMAN_OBSERVATION,iNaturalist,Observations,226294096,msarles1,COORDINATE_ROUNDED;CONTINENT_DERIVED_FROM_COORDINATES;TAXON_ID_NOT_FOUND
4919599409,50c9509d-22c7-4a22-a47d-8c48425ef4a7,https://www.inaturalist.org/observations/232190687,,Washington,46.919195,-121.6622,4.0,,,2024-07-27T05:33:28,2024,HUMAN_OBSERVATION,iNaturalist,Observations,232190687,atcooper,CONTINENT_DERIVED_FROM_COORDINATES;TAXON_ID_NOT_FOUND
4919564331,50c9509d-22c7-4a22-a47d-8c48425ef4a7,https://www.inaturalist.org/observations/232635106,,Washington,47.400519,-121.276425,5.0,,,2024-06-13T09:40,2024,HUMAN_OBSERVATION,iNaturalist,Observations,232635106,Zach Hawn,COORDINATE_ROUNDED;CONTINENT_DERIVED_FROM_COORDINATES;TAXON_ID_NOT_FOUND
4919546028,50c9509d-22c7-4a22-a47d-8c48425ef4a7,https://www.inaturalist.org/observations/232160203,,Washington,46.90379,-121.71369,3.0,,,2024-07-21T10:02,2024,HUMAN_OBSERVATION,iNaturalist,Observations,232160203,John Soltys,CONTINENT_DERIVED_FROM_COORDINATES;TAXON_ID_NOT_FOUND
4919473994,50c9509d-22c7-4a22-a47d-8c48425ef4a7,https://www.inaturalist.org/observations/232630373,,Washington,48.662664,-121.597544,,,,2024-07-26T15:05:10,2024,HUMAN_OBSERVATION,iNaturalist,Observations,232630373,Sandra Ruffner,COORDINATE_ROUNDED;CONTINENT_DERIVED_FROM_COORDINATES;TAXON_ID_NOT_FOUND
4919332409,50c9509d-22c7-4a22-a47d-8c48425ef4a7,https://www.inaturalist.org/observations/232157362,,Washington,46.91902,-121.659469,26.0,,,2024-07-27T08:50,2024,HUMAN_OBSERVATION,iNaturalist,Observations,232157362,Pierce Louderback,COORDINATE_ROUNDED;CONTINENT_DERIVED_FROM_COORDINATES;TAXON_ID_NOT_FOUND
4919230832,50c9509d-22c7-4a22-a47d-8c48425ef4a7,https://www.inaturalist.org/observations/232412409,,Washington,48.283695,-121.245918,8.0,,,2024-07-28T11:58,2024,HUMAN_OBSERVATION,iNaturalist,Observations,232412409,garrett,COORDINATE_ROUNDED;CONTINENT_DERIVED_FROM_COORDINATES;TAXON_ID_NOT_FOUND
4919210214,50c9509d-22c7-4a22-a47d-8c48425ef4a7,https://www.inaturalist.org/observations/184629049,,Washington,47.519156,-120.871523,380.0,,,2023-09-20T12:40:41,2023,HUMAN_OBSERVATION,iNaturalist,Observations,184629049,freemasonski,COORDINATE_ROUNDED;CONTINENT_DERIVED_FROM_COORDINATES;TAXON_ID_NOT_FOUND
4911123204,50c9509d-22c7-4a22-a47d-8c48425ef4a7,https://www.inaturalist.org/observations/230310102,,Washington,46.831572,-121.363677,9.0,,,2024-07-18T09:20:26,2024,HUMAN_OBSERVATION,iNaturalist,Observations,230310102,Jeremy Buegge,COORDINATE_ROUNDED;CONTINENT_DERIVED_FROM_COORDINATES;TAXON_ID_NOT_FOUND
4911108281,50c9509d-22c7-4a22-a47d-8c48425ef4a7,https://www.inaturalist.org/observations/230920510,,Washington,47.689451,-121.035412,4.0,,,2024-07-21T06:57:43,2024,HUMAN_OBSERVATION,iNaturalist,Observations,230920510,jackson200,COORDINATE_ROUNDED;CONTINENT_DERIVED_FROM_COORDINATES;TAXON_ID_NOT_FOUND
4911075184,50c9509d-22c7-4a22-a47d-8c48425ef4a7,https://www.inaturalist.org/observations/230920511,,Washington,47.722097,-121.07228,4.0,,,2024-07-21T09:56:03,2024,HUMAN_OBSERVATION,iNaturalist,Observations,230920511,jackson200,COORDINATE_ROUNDED;CONTINENT_DERIVED_FROM_COORDINATES;TAXON_ID_NOT_FOUND
4910919032,50c9509d-22c7-4a22-a47d-8c48425ef4a7,https://www.inaturalist.org/observations/230920490,,Washington,47.716847,-121.053682,4.0,,,2024-07-20T06:13:42,2024,HUMAN_OBSERVATION,iNaturalist,Observations,230920490,jackson200,COORDINATE_ROUNDED;CONTINENT_DERIVED_FROM_COORDINATES;TAXON_ID_NOT_FOUND
4910860028,50c9509d-22c7-4a22-a47d-8c48425ef4a7,https://www.inaturalist.org/observations/230571247,,Washington,45.701721,-122.275836,90.0,,,2024-07-20T09:03,2024,HUMAN_OBSERVATION,iNaturalist,Observations,230571247,Jen Sanford,COORDINATE_ROUNDED;CONTINENT_DERIVED_FROM_COORDINATES;TAXON_ID_NOT_FOUND
4910852162,50c9509d-22c7-4a22-a47d-8c48425ef4a7,https://www.inaturalist.org/observations/230625787,,Washington,46.846802,-121.700554,26935.0,,,2024-07-13T08:16,2024,HUMAN_OBSERVATION,iNaturalist,Observations,230625787,Zach Hawn,COORDINATE_ROUNDED;CONTINENT_DERIVED_FROM_COORDINATES;TAXON_ID_NOT_FOUND
4910823598,50c9509d-22c7-4a22-a47d-8c48425ef4a7,https://www.inaturalist.org/observations/230904866,,Washington,45.739114,-122.250121,6.0,,,2024-07-21T19:17:19,2024,HUMAN_OBSERVATION,iNaturalist,Observations,230904866,kyle landstra,COORDINATE_ROUNDED;CONTINENT_DERIVED_FROM_COORDINATES;TAXON_ID_NOT_FOUND
4910761675,50c9509d-22c7-4a22-a47d-8c48425ef4a7,https://www.inaturalist.org/observations/230310379,,Washington,46.807763,-121.366132,6.0,,,2024-07-18T10:45:17,2024,HUMAN_OBSERVATION,iNaturalist,Observations,230310379,Jeremy Buegge,COORDINATE_ROUNDED;CONTINENT_DERIVED_FROM_COORDINATES;TAXON_ID_NOT_FOUND
4910729211,50c9509d-22c7-4a22-a47d-8c48425ef4a7,https://www.inaturalist.org/observations/230920508,,Washington,47.688395,-121.014757,4.0,,,2024-07-21T06:21:07,2024,HUMAN_OBSERVATION,iNaturalist,Observations,230920508,jackson200,COORDINATE_ROUNDED;CONTINENT_DERIVED_FROM_COORDINATES;TAXON_ID_NOT_FOUND
4910634592,50c9509d-22c7-4a22-a47d-8c48425ef4a7,https://www.inaturalist.org/observations/230920507,,Washington,47.688637,-121.011487,4.0,,,2024-07-20T11:24:12,2024,HUMAN_OBSERVATION,iNaturalist,Observations,230920507,jackson200,COORDINATE_ROUNDED;CONTINENT_DERIVED_FROM_COORDINATES;TAXON_ID_NOT_FOUND
4909316701,50c9509d-22c7-4a22-a47d-8c48425ef4a7,https://www.inaturalist.org/observations/229161026,,Washington,46.803727,-121.72302,,,,2024-07-13T08:01,2024,HUMAN_OBSERVATION,iNaturalist,Observations,229161026,Laurel Meredyk,COORDINATE_ROUNDED;CONTINENT_DERIVED_FROM_COORDINATES;TAXON_ID_NOT_FOUND
4908935043,50c9509d-22c7-4a22-a47d-8c48425ef4a7,https://www.inaturalist.org/observations/228938670,,Washington,46.802668,-121.731334,67.0,,,2024-07-08T09:43,2024,HUMAN_OBSERVATION,iNaturalist,Observations,228938670,zihanwei,COORDINATE_ROUNDED;CONTINENT_DERIVED_FROM_COORDINATES;TAXON_ID_NOT_FOUND
4908823655,50c9509d-22c7-4a22-a47d-8c48425ef4a7,https://www.inaturalist.org/observations/227911566,,Washington,47.461278,-121.447983,4.0,,,2024-07-06T13:30:03,2024,HUMAN_OBSERVATION,iNaturalist,Observations,227911566,wblack6289,COORDINATE_ROUNDED;CONTINENT_DERIVED_FROM_COORDINATES;TAXON_ID_NOT_FOUND
4908821165,50c9509d-22c7-4a22-a47d-8c48425ef4a7,https://www.inaturalist.org/observations/229623071,,Washington,48.058025,-121.797928,4.0,,,2024-07-15T14:29:24,2024,HUMAN_OBSERVATION,iNaturalist,Observations,229623071,jematyas,COORDINATE_ROUNDED;CONTINENT_DERIVED_FROM_COORDINATES;TAXON_ID_NOT_FOUND
4908725079,50c9509d-22c7-4a22-a47d-8c48425ef4a7,https://www.inaturalist.org/observations/228093349,,Washington,47.726959,-121.205156,30.0,,,2024-07-04T16:48,2024,HUMAN_OBSERVATION,iNaturalist,Observations,228093349,song_dog,COORDINATE_ROUNDED;CONTINENT_DERIVED_FROM_COORDINATES;TAXON_ID_NOT_FOUND
4908588442,50c9509d-22c7-4a22-a47d-8c48425ef4a7,https://www.inaturalist.org/observations/227213940,,Washington,47.785181,-121.570372,,,,2024-07-04T10:39:34,2024,HUMAN_OBSERVATION,iNaturalist,Observations,227213940,bos__mutus,COORDINATE_ROUNDED;CONTINENT_DERIVED_FROM_COORDINATES;TAXON_ID_NOT_FOUND
4908575734,50c9509d-22c7-4a22-a47d-8c48425ef4a7,https://www.inaturalist.org/observations/228156928,,Washington,48.543118,-120.633388,,,,2024-07-01T08:14,2024,HUMAN_OBSERVATION,iNaturalist,Observations,228156928,Peter Olsoy,COORDINATE_ROUNDED;CONTINENT_DERIVED_FROM_COORDINATES;TAXON_ID_NOT_FOUND
4908286053,50c9509d-22c7-4a22-a47d-8c48425ef4a7,https://www.inaturalist.org/observations/228381936,,Washington,46.795591,-121.728316,115.0,,,2024-07-08T09:32,2024,HUMAN_OBSERVATION,iNaturalist,Observations,228381936,Joe Girgente,COORDINATE_ROUNDED;CONTINENT_DERIVED_FROM_COORDINATES;TAXON_ID_NOT_FOUND
4908110870,50c9509d-22c7-4a22-a47d-8c48425ef4a7,https://www.inaturalist.org/observations/229371574,,Washington,46.917129,-121.679623,18.0,,,2024-07-13T08:14,2024,HUMAN_OBSERVATION,iNaturalist,Observations,229371574,Sam Hain,COORDINATE_ROUNDED;CONTINENT_DERIVED_FROM_COORDINATES;TAXON_ID_NOT_FOUND
4908070470,50c9509d-22c7-4a22-a47d-8c48425ef4a7,https://www.inaturalist.org/observations/228296302,,Washington,46.799616,-121.725055,,,,2024-07-08T09:29:44,2024,HUMAN_OBSERVATION,iNaturalist,Observations,228296302,Hannah Girgente,COORDINATE_ROUNDED;CONTINENT_DERIVED_FROM_COORDINATES;TAXON_ID_NOT_FOUND
4908033420,50c9509d-22c7-4a22-a47d-8c48425ef4a7,https://www.inaturalist.org/observations/227540460,,Washington,47.429572,-121.433885,7642.0,,,2023-07-08T10:36,2023,HUMAN_OBSERVATION,iNaturalist,Observations,227540460,arlehk,COORDINATE_ROUNDED;CONTINENT_DERIVED_FROM_COORDINATES;TAXON_ID_NOT_FOUND
4907974451,50c9509d-22c7-4a22-a47d-8c48425ef4a7,https://www.inaturalist.org/observations/228594154,,Washington,48.334901,-121.066407,662.0,,,2024-07-08T10:39:04,2024,HUMAN_OBSERVATION,iNaturalist,Observations,228594154,lrodino,COORDINATE_ROUNDED;CONTINENT_DERIVED_FROM_COORDINATES;TAXON_ID_NOT_FOUND
4904367944,50c9509d-22c7-4a22-a47d-8c48425ef4a7,https://www.inaturalist.org/observations/226322195,,Washington,47.014432,-121.424234,26903.0,,,2024-06-19T13:13,2024,HUMAN_OBSERVATION,iNaturalist,Observations,226322195,Zach Hawn,COORDINATE_ROUNDED;CONTINENT_DERIVED_FROM_COORDINATES;TAXON_ID_NOT_FOUND
4904270951,50c9509d-22c7-4a22-a47d-8c48425ef4a7,https://www.inaturalist.org/observations/226322263,,Washington,47.069356,-121.562427,26903.0,,,2024-06-19T14:12,2024,HUMAN_OBSERVATION,iNaturalist,Observations,226322263,Zach Hawn,COORDINATE_ROUNDED;CONTINENT_DERIVED_FROM_COORDINATES;TAXON_ID_NOT_FOUND
4904199892,50c9509d-22c7-4a22-a47d-8c48425ef4a7,https://www.inaturalist.org/observations/226322272,,Washington,47.133095,-121.568512,26903.0,,,2024-06-19T14:26,2024,HUMAN_OBSERVATION,iNaturalist,Observations,226322272,Zach Hawn,COORDINATE_ROUNDED;CONTINENT_DERIVED_FROM_COORDINATES;TAXON_ID_NOT_FOUND
4904158659,50c9509d-22c7-4a22-a47d-8c48425ef4a7,https://www.inaturalist.org/observations/226322264,,Washington,47.040067,-121.464072,26903.0,,,2024-06-19T14:15,2024,HUMAN_OBSERVATION,iNaturalist,Observations,226322264,Zach Hawn,COORDINATE_ROUNDED;CONTINENT_DERIVED_FROM_COORDINATES;TAXON_ID_NOT_FOUND
4904078234,50c9509d-22c7-4a22-a47d-8c48425ef4a7,https://www.inaturalist.org/observations/226322275,,Washington,47.102451,-121.519189,26903.0,,,2024-06-19T14:31,2024,HUMAN_OBSERVATION,iNaturalist,Observations,226322275,Zach Hawn,COORDINATE_ROUNDED;CONTINENT_DERIVED_FROM_COORDINATES;TAXON_ID_NOT_FOUND
4904048538,50c9509d-22c7-4a22-a47d-8c48425ef4a7,https://www.inaturalist.org/observations/226513843,,Washington,46.773613,-121.744284,,,,2024-06-24T16:10,2024,HUMAN_OBSERVATION,iNaturalist,Observations,226513843,mboller,COORDINATE_ROUNDED;CONTINENT_DERIVED_FROM_COORDINATES;TAXON_ID_NOT_FOUND
4902146335,50c9509d-22c7-4a22-a47d-8c48425ef4a7,https://www.inaturalist.org/observations/223889243,,Washington,47.436836,-121.588486,90.0,,,2024-06-19T09:13,2024,HUMAN_OBSERVATION,iNaturalist,Observations,223889243,Tynan Ramm-Granberg,COORDINATE_ROUNDED;CONTINENT_DERIVED_FROM_COORDINATES;TAXON_ID_NOT_FOUND
4902075321,50c9509d-22c7-4a22-a47d-8c48425ef4a7,https://www.inaturalist.org/observations/222184185,,Washington,47.563136,-121.395028,26839.0,,,2024-06-11T14:04,2024,HUMAN_OBSERVATION,iNaturalist,Observations,222184185,Zach Hawn,COORDINATE_ROUNDED;CONTINENT_DERIVED_FROM_COORDINATES;TAXON_ID_NOT_FOUND
4902059479,50c9509d-22c7-4a22-a47d-8c48425ef4a7,https://www.inaturalist.org/observations/223355302,,Washington,47.400219,-121.27576,203.0,,,2024-06-13T09:51,2024,HUMAN_OBSERVATION,iNaturalist,Observations,223355302,Sam Hain,COORDINATE_ROUNDED;CONTINENT_DERIVED_FROM_COORDINATES;TAXON_ID_NOT_FOUND
4901986264,50c9509d-22c7-4a22-a47d-8c48425ef4a7,https://www.inaturalist.org/observations/221718877,,Washington,47.39621,-121.34269,4.0,,,2024-05-30T19:29,2024,HUMAN_OBSERVATION,iNaturalist,Observations,221718877,John Soltys,CONTINENT_DERIVED_FROM_COORDINATES;TAXON_ID_NOT_FOUND
4901973262,50c9509d-22c7-4a22-a47d-8c48425ef4a7,https://www.inaturalist.org/observations/222283403,,Washington,47.450743,-121.206547,14.0,,,2024-06-11,2024,HUMAN_OBSERVATION,iNaturalist,Observations,222283403,Sam Hain,COORDINATE_ROUNDED;CONTINENT_DERIVED_FROM_COORDINATES;TAXON_ID_NOT_FOUND
4901958425,50c9509d-22c7-4a22-a47d-8c48425ef4a7,https://www.inaturalist.org/observations/171882784,,Washington,48.860258,-121.607972,8.0,,,2023-07-08T11:44:06,2023,HUMAN_OBSERVATION,iNaturalist,Observations,171882784,T. Abe Lloyd,COORDINATE_ROUNDED;CONTINENT_DERIVED_FROM_COORDINATES;TAXON_ID_NOT_FOUND
4901921064,50c9509d-22c7-4a22-a47d-8c48425ef4a7,https://www.inaturalist.org/observations/136889754,,Washington,48.939117,-121.669839,16.0,,,2022-07-10T18:00,2022,HUMAN_OBSERVATION,iNaturalist,Observations,136889754,Sean Daniels,COORDINATE_ROUNDED;CONTINENT_DERIVED_FROM_COORDINATES;TAXON_ID_NOT_FOUND
4901867708,50c9509d-22c7-4a22-a47d-8c48425ef4a7,https://www.inaturalist.org/observations/221514118,,Washington,47.461025,-121.446005,4.0,,,2023-08-05T09:44:02,2023,HUMAN_OBSERVATION,iNaturalist,Observations,221514118,mwbio,CONTINENT_DERIVED_FROM_COORDINATES;TAXON_ID_NOT_FOUND
4901853235,50c9509d-22c7-4a22-a47d-8c48425ef4a7,https://www.inaturalist.org/observations/221715261,,Washington,47.458541,-121.445166,4.0,,,2024-05-23T18:03,2024,HUMAN_OBSERVATION,iNaturalist,Observations,221715261,John Soltys,COORDINATE_ROUNDED;CONTINENT_DERIVED_FROM_COORDINATES;TAXON_ID_NOT_FOUND
4901835525,50c9509d-22c7-4a22-a47d-8c48425ef4a7,https://www.inaturalist.org/observations/224756501,,Washington,48.730512,-121.06631,150.0,,,2024-05-26T18:18,2024,HUMAN_OBSERVATION,iNaturalist,Observations,224756501,Ryan Steiner,COORDINATE_ROUNDED;CONTINENT_DERIVED_FROM_COORDINATES;TAXON_ID_NOT_FOUND
4901624508,50c9509d-22c7-4a22-a47d-8c48425ef4a7,https://www.inaturalist.org/observations/223490813,,Washington,48.598613,-119.934947,15.0,,,2023-07-24T09:55,2023,HUMAN_OBSERVATION,iNaturalist,Observations,223490813,mmatthiessen,COORDINATE_ROUNDED;CONTINENT_DERIVED_FROM_COORDINATES;TAXON_ID_NOT_FOUND
4901575558,50c9509d-22c7-4a22-a47d-8c48425ef4a7,https://www.inaturalist.org/observations/221715270,,Washington,47.45588,-121.44029,4.0,,,2024-05-24T19:31,2024,HUMAN_OBSERVATION,iNaturalist,Observations,221715270,John Soltys,CONTINENT_DERIVED_FROM_COORDINATES;TAXON_ID_NOT_FOUND
4901548773,50c9509d-22c7-4a22-a47d-8c48425ef4a7,https://www.inaturalist.org/observations/221715262,,Washington,47.4586,-121.4451,4.0,,,2024-05-23T18:01,2024,HUMAN_OBSERVATION,iNaturalist,Observations,221715262,John Soltys,CONTINENT_DERIVED_FROM_COORDINATES;TAXON_ID_NOT_FOUND
4901501388,50c9509d-22c7-4a22-a47d-8c48425ef4a7,https://www.inaturalist.org/observations/221715259,,Washington,47.45156,-121.43259,4.0,,,2024-05-23T17:48,2024,HUMAN_OBSERVATION,iNaturalist,Observations,221715259,John Soltys,CONTINENT_DERIVED_FROM_COORDINATES;TAXON_ID_NOT_FOUND
4901268213,50c9509d-22c7-4a22-a47d-8c48425ef4a7,https://www.inaturalist.org/observations/188625201,,Washington,47.458858,-121.27703,4.0,,,2023-10-21T11:26:47,2023,HUMAN_OBSERVATION,iNaturalist,Observations,188625201,meganmilan,COORDINATE_ROUNDED;CONTINENT_DERIVED_FROM_COORDINATES;TAXON_ID_NOT_FOUND
4901164326,50c9509d-22c7-4a22-a47d-8c48425ef4a7,https://www.inaturalist.org/observations/168299827,,Washington,47.444756,-120.932144,4.0,,,2023-06-18T14:46,2023,HUMAN_OBSERVATION,iNaturalist,Observations,168299827,James H. Thomas,COORDINATE_ROUNDED;CONTINENT_DERIVED_FROM_COORDINATES;TAXON_ID_NOT_FOUND
4901064552,50c9509d-22c7-4a22-a47d-8c48425ef4a7,https://www.inaturalist.org/observations/225025747,,Washington,47.45011,-121.46986,2.0,,,2024-06-22T08:40,2024,HUMAN_OBSERVATION,iNaturalist,Observations,225025747,John Soltys,CONTINENT_DERIVED_FROM_COORDINATES;TAXON_ID_NOT_FOUND
4900865966,50c9509d-22c7-4a22-a47d-8c48425ef4a7,https://www.inaturalist.org/observations/221715271,,Washington,47.45593,-121.44048,4.0,,,2024-05-24T19:31,2024,HUMAN_OBSERVATION,iNaturalist,Observations,221715271,John Soltys,CONTINENT_DERIVED_FROM_COORDINATES;TAXON_ID_NOT_FOUND
4892246133,50c9509d-22c7-4a22-a47d-8c48425ef4a7,https://www.inaturalist.org/observations/220895513,,Washington,46.769633,-121.736877,278.0,,,2022-07-25T10:33:33,2022,HUMAN_OBSERVATION,iNaturalist,Observations,220895513,trimpejv,COORDINATE_ROUNDED;CONTINENT_DERIVED_FROM_COORDINATES;TAXON_ID_NOT_FOUND
4892102906,50c9509d-22c7-4a22-a47d-8c48425ef4a7,https://www.inaturalist.org/observations/221610999,,Washington,47.429255,-121.692038,3.0,,,2024-05-23T14:45:07,2024,HUMAN_OBSERVATION,iNaturalist,Observations,221610999,benjmo,COORDINATE_ROUNDED;CONTINENT_DERIVED_FROM_COORDINATES;TAXON_ID_NOT_FOUND
4892001552,50c9509d-22c7-4a22-a47d-8c48425ef4a7,https://www.inaturalist.org/observations/221490119,,Washington,48.508688,-120.754555,8.0,,,2024-06-08T14:55:33,2024,HUMAN_OBSERVATION,iNaturalist,Observations,221490119,Griffin Knuth,COORDINATE_ROUNDED;CONTINENT_DERIVED_FROM_COORDINATES;TAXON_ID_NOT_FOUND
4891840660,50c9509d-22c7-4a22-a47d-8c48425ef4a7,https://www.inaturalist.org/observations/221575786,,Washington,47.452976,-121.435447,1317.0,,,2024-06-08T08:07,2024,HUMAN_OBSERVATION,iNaturalist,Observations,221575786,elayc,COORDINATE_ROUNDED;CONTINENT_DERIVED_FROM_COORDINATES;TAXON_ID_NOT_FOUND
4872649619,50c9509d-22c7-4a22-a47d-8c48425ef4a7,https://www.inaturalist.org/observations/218545576,,Washington,48.729763,-121.067528,8.0,,,2024-05-26T15:29:08,2024,HUMAN_OBSERVATION,iNaturalist,Observations,218545576,efierroc,COORDINATE_ROUNDED;CONTINENT_DERIVED_FROM_COORDINATES;TAXON_ID_NOT_FOUND
4863896788,50c9509d-22c7-4a22-a47d-8c48425ef4a7,https://www.inaturalist.org/observations/211263318,,Washington,46.933133,-121.865197,14.0,,,2023-09-06T13:14:03,2023,HUMAN_OBSERVATION,iNaturalist,Observations,211263318,kschachtsick,COORDINATE_ROUNDED;CONTINENT_DERIVED_FROM_COORDINATES;TAXON_ID_NOT_FOUND
4851863436,50c9509d-22c7-4a22-a47d-8c48425ef4a7,https://www.inaturalist.org/observations/212112554,,Washington,46.752205,-121.885762,28.0,,,2024-04-29T10:06:49,2024,HUMAN_OBSERVATION,iNaturalist,Observations,212112554,Sam Hain,COORDINATE_ROUNDED;CONTINENT_DERIVED_FROM_COORDINATES;TAXON_ID_NOT_FOUND
4600149432,50c9509d-22c7-4a22-a47d-8c48425ef4a7,https://www.inaturalist.org/observations/203433123,,Washington,45.718879,-122.154689,27126.0,,,2024-03-21T18:25:37,2024,HUMAN_OBSERVATION,iNaturalist,Observations,203433123,Colton Veltkamp,COORDINATE_ROUNDED;CONTINENT_DERIVED_FROM_COORDINATES;TAXON_ID_NOT_FOUND
4599937363,50c9509d-22c7-4a22-a47d-8c48425ef4a7,https://www.inaturalist.org/observations/203443210,,Washington,45.617194,-122.118575,10.0,,,2024-03-21T18:26,2024,HUMAN_OBSERVATION,iNaturalist,Observations,203443210,wetlandwanderer,COORDINATE_ROUNDED;CONTINENT_DERIVED_FROM_COORDINATES;TAXON_ID_NOT_FOUND
4535757057,50c9509d-22c7-4a22-a47d-8c48425ef4a7,https://www.inaturalist.org/observations/201260493,,Washington,48.469633,-121.059683,31.0,,,2023-10-01T10:21,2023,HUMAN_OBSERVATION,iNaturalist,Observations,201260493,Peter Zika,COORDINATE_ROUNDED;CONTINENT_DERIVED_FROM_COORDINATES;TAXON_ID_NOT_FOUND
4525249480,50c9509d-22c7-4a22-a47d-8c48425ef4a7,https://www.inaturalist.org/observations/199925833,,Washington,48.845474,-121.592623,3077.0,,,2023-10-05T19:19,2023,HUMAN_OBSERVATION,iNaturalist,Observations,199925833,ywcai,COORDINATE_ROUNDED;CONTINENT_DERIVED_FROM_COORDINATES;TAXON_ID_NOT_FOUND
4519062794,50c9509d-22c7-4a22-a47d-8c48425ef4a7,https://www.inaturalist.org/observations/198011825,,Washington,47.467075,-121.455102,1279.0,,,2023-07-08T10:36,2023,HUMAN_OBSERVATION,iNaturalist,Observations,198011825,arlehk,COORDINATE_ROUNDED;CONTINENT_DERIVED_FROM_COORDINATES;TAXON_ID_NOT_FOUND
4516736702,50c9509d-22c7-4a22-a47d-8c48425ef4a7,https://www.inaturalist.org/observations/197372958,,Washington,46.928563,-121.674505,61.0,,,2019-07-19T12:33,2019,HUMAN_OBSERVATION,iNaturalist,Observations,197372958,paintedbunting123,COORDINATE_ROUNDED;CONTINENT_DERIVED_FROM_COORDINATES;TAXON_ID_NOT_FOUND
4516705965,50c9509d-22c7-4a22-a47d-8c48425ef4a7,https://www.inaturalist.org/observations/197165655,,Washington,47.152133,-121.431611,124.0,,,2023-11-05T09:32,2023,HUMAN_OBSERVATION,iNaturalist,Observations,197165655,neilpa,COORDINATE_ROUNDED;CONTINENT_DERIVED_FROM_COORDINATES;TAXON_ID_NOT_FOUND
4516654331,50c9509d-22c7-4a22-a47d-8c48425ef4a7,https://www.inaturalist.org/observations/196972078,,Washington,46.777876,-121.881541,8.0,,,2023-11-24T13:52,2023,HUMAN_OBSERVATION,iNaturalist,Observations,196972078,Zach Hawn,COORDINATE_ROUNDED;CONTINENT_DERIVED_FROM_COORDINATES;TAXON_ID_NOT_FOUND
4516571247,50c9509d-22c7-4a22-a47d-8c48425ef4a7,https://www.inaturalist.org/observations/196999705,,Washington,48.061361,-121.765044,,,,2023-12-31T11:01:44,2023,HUMAN_OBSERVATION,iNaturalist,Observations,196999705,Chris Law,COORDINATE_ROUNDED;CONTINENT_DERIVED_FROM_COORDINATES;TAXON_ID_NOT_FOUND
4516479281,50c9509d-22c7-4a22-a47d-8c48425ef4a7,https://www.inaturalist.org/observations/196975222,,Washington,47.382807,-121.44567,15.0,,,2023-06-24T15:23,2023,HUMAN_OBSERVATION,iNaturalist,Observations,196975222,Zach Hawn,COORDINATE_ROUNDED;CONTINENT_DERIVED_FROM_COORDINATES;TAXON_ID_NOT_FOUND
4516478085,50c9509d-22c7-4a22-a47d-8c48425ef4a7,https://www.inaturalist.org/observations/197036588,,Washington,46.919228,-121.661628,5.0,,,2020-08-26T12:40,2020,HUMAN_OBSERVATION,iNaturalist,Observations,197036588,Kristina Weis,COORDINATE_ROUNDED;CONTINENT_DERIVED_FROM_COORDINATES;TAXON_ID_NOT_FOUND
4516477400,50c9509d-22c7-4a22-a47d-8c48425ef4a7,https://www.inaturalist.org/observations/196975248,,Washington,47.367418,-121.43925,2.0,,,2023-06-24T17:17,2023,HUMAN_OBSERVATION,iNaturalist,Observations,196975248,Zach Hawn,COORDINATE_ROUNDED;CONTINENT_DERIVED_FROM_COORDINATES;TAXON_ID_NOT_FOUND
4516272560,50c9509d-22c7-4a22-a47d-8c48425ef4a7,https://www.inaturalist.org/observations/197265214,,Washington,48.558872,-120.69317,5.0,,,2023-09-30T16:47:24,2023,HUMAN_OBSERVATION,iNaturalist,Observations,197265214,Sam Beaumont,COORDINATE_ROUNDED;CONTINENT_DERIVED_FROM_COORDINATES;TAXON_ID_NOT_FOUND
4516192709,50c9509d-22c7-4a22-a47d-8c48425ef4a7,https://www.inaturalist.org/observations/197372963,,Washington,46.919868,-121.664825,122.0,,,2022-08-16T11:14,2022,HUMAN_OBSERVATION,iNaturalist,Observations,197372963,paintedbunting123,COORDINATE_ROUNDED;CONTINENT_DERIVED_FROM_COORDINATES;TAXON_ID_NOT_FOUND
4507758164,50c9509d-22c7-4a22-a47d-8c48425ef4a7,https://www.inaturalist.org/observations/185381638,,Washington,47.45068,-121.2066,4.0,,,2023-09-27T15:48:21,2023,HUMAN_OBSERVATION,iNaturalist,Observations,185381638,Zach Hawn,COORDINATE_ROUNDED;CONTINENT_DERIVED_FROM_COORDINATES;TAXON_ID_NOT_FOUND
4506514135,50c9509d-22c7-4a22-a47d-8c48425ef4a7,https://www.inaturalist.org/observations/194902411,,Washington,46.926223,-121.688378,22.0,,,2022-09-17T15:15,2022,HUMAN_OBSERVATION,iNaturalist,Observations,194902411,Kristina Weis,CONTINENT_DERIVED_FROM_COORDINATES;TAXON_ID_NOT_FOUND
4500598138,50c9509d-22c7-4a22-a47d-8c48425ef4a7,https://www.inaturalist.org/observations/194216396,,Washington,46.78844,-121.78337,3.0,,,2023-12-16T10:27,2023,HUMAN_OBSERVATION,iNaturalist,Observations,194216396,John Soltys,CONTINENT_DERIVED_FROM_COORDINATES;TAXON_ID_NOT_FOUND
4465665169,50c9509d-22c7-4a22-a47d-8c48425ef4a7,https://www.inaturalist.org/observations/193377740,,Washington,46.919579,-121.586167,33.0,,,2023-08-24T13:05,2023,HUMAN_OBSERVATION,iNaturalist,Observations,193377740,Peter Zika,COORDINATE_ROUNDED;CONTINENT_DERIVED_FROM_COORDINATES;TAXON_ID_NOT_FOUND
4459591466,8a863029-f435-446a-821e-275f4f641165,https://observation.org/observation/286949145,Mount Rainier Wilderness (WA),Washington State (WA),46.922379,-121.670235,3.0,,,2023-08-21,2023,HUMAN_OBSERVATION,,,,User 74979,
4458412868,50c9509d-22c7-4a22-a47d-8c48425ef4a7,https://www.inaturalist.org/observations/192564570,,Washington,47.465712,-120.942792,34.0,,,2023-08-10T18:52,2023,HUMAN_OBSERVATION,iNaturalist,Observations,192564570,Floyd E. Hayes,COORDINATE_ROUNDED;CONTINENT_DERIVED_FROM_COORDINATES;TAXON_ID_NOT_FOUND
4458369087,50c9509d-22c7-4a22-a47d-8c48425ef4a7,https://www.inaturalist.org/observations/178842787,,Washington,46.80498,-121.728837,4.0,,,2023-08-10T14:04:48,2023,HUMAN_OBSERVATION,iNaturalist,Observations,178842787,Leshell,COORDINATE_ROUNDED;CONTINENT_DERIVED_FROM_COORDINATES;TAXON_ID_NOT_FOUND
4454020734,50c9509d-22c7-4a22-a47d-8c48425ef4a7,https://www.inaturalist.org/observations/191809410,,Washington,47.450703,-121.206652,8.0,,,2023-09-12T15:03,2023,HUMAN_OBSERVATION,iNaturalist,Observations,191809410,Zach Hawn,COORDINATE_ROUNDED;CONTINENT_DERIVED_FROM_COORDINATES;TAXON_ID_NOT_FOUND
4453916002,50c9509d-22c7-4a22-a47d-8c48425ef4a7,https://www.inaturalist.org/observations/191809407,,Washington,47.450761,-121.206661,2.0,,,2023-09-12T14:55,2023,HUMAN_OBSERVATION,iNaturalist,Observations,191809407,Zach Hawn,COORDINATE_ROUNDED;CONTINENT_DERIVED_FROM_COORDINATES;TAXON_ID_NOT_FOUND
4453877950,50c9509d-22c7-4a22-a47d-8c48425ef4a7,https://www.inaturalist.org/observations/191809409,,Washington,47.450758,-121.206486,8.0,,,2023-09-12T14:57,2023,HUMAN_OBSERVATION,iNaturalist,Observations,191809409,Zach Hawn,COORDINATE_ROUNDED;CONTINENT_DERIVED_FROM_COORDINATES;TAXON_ID_NOT_FOUND
4440790327,50c9509d-22c7-4a22-a47d-8c48425ef4a7,https://www.inaturalist.org/observations/190021188,,Washington,47.367395,-121.473603,4.0,,,2023-10-29T16:00:58,2023,HUMAN_OBSERVATION,iNaturalist,Observations,190021188,oosty,COORDINATE_ROUNDED;CONTINENT_DERIVED_FROM_COORDINATES;TAXON_ID_NOT_FOUND
4440664683,50c9509d-22c7-4a22-a47d-8c48425ef4a7,https://www.inaturalist.org/observations/190366423,,Washington,47.42217,-120.96282,3.0,,,2023-11-05T11:22,2023,HUMAN_OBSERVATION,iNaturalist,Observations,190366423,John Soltys,CONTINENT_DERIVED_FROM_COORDINATES;TAXON_ID_NOT_FOUND
4436389083,50c9509d-22c7-4a22-a47d-8c48425ef4a7,https://www.inaturalist.org/observations/188943276,,Washington,47.451228,-121.433036,,,,2023-10-22T10:38:11,2023,HUMAN_OBSERVATION,iNaturalist,Observations,188943276,Sam Bowen,COORDINATE_ROUNDED;CONTINENT_DERIVED_FROM_COORDINATES;TAXON_ID_NOT_FOUND
4436382378,50c9509d-22c7-4a22-a47d-8c48425ef4a7,https://www.inaturalist.org/observations/188981282,,Washington,48.511262,-120.745445,4.0,,,2022-10-02T16:48:12,2022,HUMAN_OBSERVATION,iNaturalist,Observations,188981282,Mark Robinson,COORDINATE_ROUNDED;CONTINENT_DERIVED_FROM_COORDINATES;TAXON_ID_NOT_FOUND
4431252817,50c9509d-22c7-4a22-a47d-8c48425ef4a7,https://www.inaturalist.org/observations/188481266,,Washington,48.845455,-121.693598,226.0,,,2023-10-08T11:58:51,2023,HUMAN_OBSERVATION,iNaturalist,Observations,188481266,Bahar,COORDINATE_ROUNDED;CONTINENT_DERIVED_FROM_COORDINATES;TAXON_ID_NOT_FOUND
4431240075,50c9509d-22c7-4a22-a47d-8c48425ef4a7,https://www.inaturalist.org/observations/188599398,,Washington,46.600658,-121.605208,17.0,,,2023-10-22T13:01:36,2023,HUMAN_OBSERVATION,iNaturalist,Observations,188599398,Lindsay Hunt,COORDINATE_ROUNDED;CONTINENT_DERIVED_FROM_COORDINATES;TAXON_ID_NOT_FOUND
4431133718,50c9509d-22c7-4a22-a47d-8c48425ef4a7,https://www.inaturalist.org/observations/187738566,,Washington,47.792059,-121.097909,4.0,,,2023-10-06T16:43:02,2023,HUMAN_OBSERVATION,iNaturalist,Observations,187738566,jackson200,COORDINATE_ROUNDED;CONTINENT_DERIVED_FROM_COORDINATES;TAXON_ID_NOT_FOUND
4431128630,50c9509d-22c7-4a22-a47d-8c48425ef4a7,https://www.inaturalist.org/observations/187720610,,Washington,48.509258,-120.756977,309.0,,,2023-10-08T14:57,2023,HUMAN_OBSERVATION,iNaturalist,Observations,187720610,Chris Law,COORDINATE_ROUNDED;CONTINENT_DERIVED_FROM_COORDINATES;TAXON_ID_NOT_FOUND
4431118736,50c9509d-22c7-4a22-a47d-8c48425ef4a7,https://www.inaturalist.org/observations/187738576,,Washington,48.085243,-120.810805,4.0,,,2023-10-07T09:16:14,2023,HUMAN_OBSERVATION,iNaturalist,Observations,187738576,jackson200,COORDINATE_ROUNDED;CONTINENT_DERIVED_FROM_COORDINATES;TAXON_ID_NOT_FOUND
4431104648,50c9509d-22c7-4a22-a47d-8c48425ef4a7,https://www.inaturalist.org/observations/187743422,,Washington,46.856512,-121.645754,3.0,,,2023-10-15T09:37,2023,HUMAN_OBSERVATION,iNaturalist,Observations,187743422,John Soltys,COORDINATE_ROUNDED;CONTINENT_DERIVED_FROM_COORDINATES;TAXON_ID_NOT_FOUND
4431099802,50c9509d-22c7-4a22-a47d-8c48425ef4a7,https://www.inaturalist.org/observations/187743423,,Washington,46.86259,-121.65803,1.0,,,2023-10-15T10:44,2023,HUMAN_OBSERVATION,iNaturalist,Observations,187743423,John Soltys,CONTINENT_DERIVED_FROM_COORDINATES;TAXON_ID_NOT_FOUND
4431093042,50c9509d-22c7-4a22-a47d-8c48425ef4a7,https://www.inaturalist.org/observations/187546669,,Washington,47.45788,-121.45001,3.0,,,2023-06-18T10:47,2023,HUMAN_OBSERVATION,iNaturalist,Observations,187546669,John Soltys,CONTINENT_DERIVED_FROM_COORDINATES;TAXON_ID_NOT_FOUND
4431093023,50c9509d-22c7-4a22-a47d-8c48425ef4a7,https://www.inaturalist.org/observations/187538363,,Washington,47.45683,-121.45578,3.0,,,2023-09-16T07:31,2023,HUMAN_OBSERVATION,iNaturalist,Observations,187538363,John Soltys,CONTINENT_DERIVED_FROM_COORDINATES;TAXON_ID_NOT_FOUND
4431083148,50c9509d-22c7-4a22-a47d-8c48425ef4a7,https://www.inaturalist.org/observations/187546661,,Washington,47.46123,-121.45641,3.0,,,2023-06-18T09:15,2023,HUMAN_OBSERVATION,iNaturalist,Observations,187546661,John Soltys,CONTINENT_DERIVED_FROM_COORDINATES;TAXON_ID_NOT_FOUND
4431080146,50c9509d-22c7-4a22-a47d-8c48425ef4a7,https://www.inaturalist.org/observations/187545377,,Washington,47.46085,-121.36734,3.0,,,2023-08-21T08:33,2023,HUMAN_OBSERVATION,iNaturalist,Observations,187545377,John Soltys,CONTINENT_DERIVED_FROM_COORDINATES;TAXON_ID_NOT_FOUND
4431071110,50c9509d-22c7-4a22-a47d-8c48425ef4a7,https://www.inaturalist.org/observations/187538370,,Washington,47.45155,-121.43272,1.0,,,2023-09-16T11:40,2023,HUMAN_OBSERVATION,iNaturalist,Observations,187538370,John Soltys,CONTINENT_DERIVED_FROM_COORDINATES;TAXON_ID_NOT_FOUND
4431066241,50c9509d-22c7-4a22-a47d-8c48425ef4a7,https://www.inaturalist.org/observations/187545369,,Washington,47.453269,-121.280834,3.0,,,2023-08-20T08:27,2023,HUMAN_OBSERVATION,iNaturalist,Observations,187545369,John Soltys,COORDINATE_ROUNDED;CONTINENT_DERIVED_FROM_COORDINATES;TAXON_ID_NOT_FOUND
4431063091,50c9509d-22c7-4a22-a47d-8c48425ef4a7,https://www.inaturalist.org/observations/187541668,,Washington,47.43306,-121.32809,3.0,,,2023-08-12T07:08,2023,HUMAN_OBSERVATION,iNaturalist,Observations,187541668,John Soltys,CONTINENT_DERIVED_FROM_COORDINATES;TAXON_ID_NOT_FOUND
4431060194,50c9509d-22c7-4a22-a47d-8c48425ef4a7,https://www.inaturalist.org/observations/187541673,,Washington,47.43365,-121.32867,3.0,,,2023-08-12T09:58,2023,HUMAN_OBSERVATION,iNaturalist,Observations,187541673,John Soltys,COORDINATE_ROUNDED;CONTINENT_DERIVED_FROM_COORDINATES;TAXON_ID_NOT_FOUND
4431059050,50c9509d-22c7-4a22-a47d-8c48425ef4a7,https://www.inaturalist.org/observations/187539290,,Washington,48.514069,-120.642413,3.0,,,2023-09-24T15:43,2023,HUMAN_OBSERVATION,iNaturalist,Observations,187539290,John Soltys,COORDINATE_ROUNDED;CONTINENT_DERIVED_FROM_COORDINATES;TAXON_ID_NOT_FOUND
4431057095,50c9509d-22c7-4a22-a47d-8c48425ef4a7,https://www.inaturalist.org/observations/187545382,,Washington,47.4407,-121.38665,1.0,,,2023-08-21T10:00,2023,HUMAN_OBSERVATION,iNaturalist,Observations,187545382,John Soltys,CONTINENT_DERIVED_FROM_COORDINATES;TAXON_ID_NOT_FOUND
4431056047,50c9509d-22c7-4a22-a47d-8c48425ef4a7,https://www.inaturalist.org/observations/187545363,,Washington,47.45566,-121.27774,3.0,,,2023-08-20T07:56,2023,HUMAN_OBSERVATION,iNaturalist,Observations,187545363,John Soltys,CONTINENT_DERIVED_FROM_COORDINATES;TAXON_ID_NOT_FOUND
4431052478,50c9509d-22c7-4a22-a47d-8c48425ef4a7,https://www.inaturalist.org/observations/187330713,,Washington,48.510836,-120.74557,20.0,,,2023-10-10,2023,HUMAN_OBSERVATION,iNaturalist,Observations,187330713,song_dog,COORDINATE_ROUNDED;CONTINENT_DERIVED_FROM_COORDINATES;TAXON_ID_NOT_FOUND
4431049039,50c9509d-22c7-4a22-a47d-8c48425ef4a7,https://www.inaturalist.org/observations/187538367,,Washington,47.45971,-121.46155,3.0,,,2023-09-16T10:03,2023,HUMAN_OBSERVATION,iNaturalist,Observations,187538367,John Soltys,CONTINENT_DERIVED_FROM_COORDINATES;TAXON_ID_NOT_FOUND
4431048498,50c9509d-22c7-4a22-a47d-8c48425ef4a7,https://www.inaturalist.org/observations/187338778,,Washington,48.727783,-121.06295,,,,2023-10-12T09:14:01,2023,HUMAN_OBSERVATION,iNaturalist,Observations,187338778,Sandra Ruffner,COORDINATE_ROUNDED;CONTINENT_DERIVED_FROM_COORDINATES;TAXON_ID_NOT_FOUND
4431047033,50c9509d-22c7-4a22-a47d-8c48425ef4a7,https://www.inaturalist.org/observations/187539462,,Washington,48.72981,-121.06692,1.0,,,2023-09-24T16:45,2023,HUMAN_OBSERVATION,iNaturalist,Observations,187539462,John Soltys,CONTINENT_DERIVED_FROM_COORDINATES;TAXON_ID_NOT_FOUND
4431043103,50c9509d-22c7-4a22-a47d-8c48425ef4a7,https://www.inaturalist.org/observations/187538366,,Washington,47.45693,-121.45643,3.0,,,2023-09-16T07:41,2023,HUMAN_OBSERVATION,iNaturalist,Observations,187538366,John Soltys,CONTINENT_DERIVED_FROM_COORDINATES;TAXON_ID_NOT_FOUND
4431040166,50c9509d-22c7-4a22-a47d-8c48425ef4a7,https://www.inaturalist.org/observations/187545364,,Washington,47.45389,-121.27955,3.0,,,2023-08-20T08:19,2023,HUMAN_OBSERVATION,iNaturalist,Observations,187545364,John Soltys,CONTINENT_DERIVED_FROM_COORDINATES;TAXON_ID_NOT_FOUND
4431035124,50c9509d-22c7-4a22-a47d-8c48425ef4a7,https://www.inaturalist.org/observations/187546663,,Washington,47.45686,-121.45573,3.0,,,2023-06-18T10:22,2023,HUMAN_OBSERVATION,iNaturalist,Observations,187546663,John Soltys,CONTINENT_DERIVED_FROM_COORDINATES;TAXON_ID_NOT_FOUND
4431034147,50c9509d-22c7-4a22-a47d-8c48425ef4a7,https://www.inaturalist.org/observations/187538362,,Washington,47.45761,-121.45126,3.0,,,2023-09-16T07:19,2023,HUMAN_OBSERVATION,iNaturalist,Observations,187538362,John Soltys,CONTINENT_DERIVED_FROM_COORDINATES;TAXON_ID_NOT_FOUND
4431028222,50c9509d-22c7-4a22-a47d-8c48425ef4a7,https://www.inaturalist.org/observations/187545370,,Washington,47.479379,-121.32235,2.0,,,2023-08-20T13:13,2023,HUMAN_OBSERVATION,iNaturalist,Observations,187545370,John Soltys,COORDINATE_ROUNDED;CONTINENT_DERIVED_FROM_COORDINATES;TAXON_ID_NOT_FOUND
4431026143,50c9509d-22c7-4a22-a47d-8c48425ef4a7,https://www.inaturalist.org/observations/187538365,,Washington,47.45692,-121.45642,3.0,,,2023-09-16T07:42,2023,HUMAN_OBSERVATION,iNaturalist,Observations,187538365,John Soltys,CONTINENT_DERIVED_FROM_COORDINATES;TAXON_ID_NOT_FOUND
4430762660,50c9509d-22c7-4a22-a47d-8c48425ef4a7,https://www.inaturalist.org/observations/188456627,,Washington,46.899276,-121.497965,35.0,,,2023-10-21T09:20,2023,HUMAN_OBSERVATION,iNaturalist,Observations,188456627,Pierce Louderback,COORDINATE_ROUNDED;CONTINENT_DERIVED_FROM_COORDINATES;TAXON_ID_NOT_FOUND
4430667822,50c9509d-22c7-4a22-a47d-8c48425ef4a7,https://www.inaturalist.org/observations/187739018,,Washington,46.800276,-121.724125,1490.0,,,2023-10-15T16:35:15,2023,HUMAN_OBSERVATION,iNaturalist,Observations,187739018,Grant Kirchhoff,COORDINATE_ROUNDED;CONTINENT_DERIVED_FROM_COORDINATES;TAXON_ID_NOT_FOUND
4430665631,50c9509d-22c7-4a22-a47d-8c48425ef4a7,https://www.inaturalist.org/observations/187738575,,Washington,48.085071,-120.810831,4.0,,,2023-10-07T09:14:17,2023,HUMAN_OBSERVATION,iNaturalist,Observations,187738575,jackson200,COORDINATE_ROUNDED;CONTINENT_DERIVED_FROM_COORDINATES;TAXON_ID_NOT_FOUND
4430638012,50c9509d-22c7-4a22-a47d-8c48425ef4a7,https://www.inaturalist.org/observations/187858122,,Washington,45.734559,-122.253683,8.0,,,2023-10-07T10:51,2023,HUMAN_OBSERVATION,iNaturalist,Observations,187858122,Daniel Solorzano-Jones,COORDINATE_ROUNDED;CONTINENT_DERIVED_FROM_COORDINATES;TAXON_ID_NOT_FOUND
4430604155,50c9509d-22c7-4a22-a47d-8c48425ef4a7,https://www.inaturalist.org/observations/187545379,,Washington,47.462113,-121.367292,3.0,,,2023-08-21T08:44,2023,HUMAN_OBSERVATION,iNaturalist,Observations,187545379,John Soltys,COORDINATE_ROUNDED;CONTINENT_DERIVED_FROM_COORDINATES;TAXON_ID_NOT_FOUND
4430601165,50c9509d-22c7-4a22-a47d-8c48425ef4a7,https://www.inaturalist.org/observations/187545376,,Washington,47.46215,-121.36672,3.0,,,2023-08-21T08:40,2023,HUMAN_OBSERVATION,iNaturalist,Observations,187545376,John Soltys,CONTINENT_DERIVED_FROM_COORDINATES;TAXON_ID_NOT_FOUND
4430600247,50c9509d-22c7-4a22-a47d-8c48425ef4a7,https://www.inaturalist.org/observations/187546666,,Washington,47.45771,-121.45133,3.0,,,2023-06-18T10:39,2023,HUMAN_OBSERVATION,iNaturalist,Observations,187546666,John Soltys,CONTINENT_DERIVED_FROM_COORDINATES;TAXON_ID_NOT_FOUND
4430600221,50c9509d-22c7-4a22-a47d-8c48425ef4a7,https://www.inaturalist.org/observations/187538360,,Washington,47.4578,-121.4505,3.0,,,2023-09-16T07:17,2023,HUMAN_OBSERVATION,iNaturalist,Observations,187538360,John Soltys,CONTINENT_DERIVED_FROM_COORDINATES;TAXON_ID_NOT_FOUND
4430593176,50c9509d-22c7-4a22-a47d-8c48425ef4a7,https://www.inaturalist.org/observations/187545366,,Washington,47.45443,-121.27856,3.0,,,2023-08-20T08:09,2023,HUMAN_OBSERVATION,iNaturalist,Observations,187545366,John Soltys,CONTINENT_DERIVED_FROM_COORDINATES;TAXON_ID_NOT_FOUND
4430592116,50c9509d-22c7-4a22-a47d-8c48425ef4a7,https://www.inaturalist.org/observations/187539293,,Washington,48.514519,-120.642107,3.0,,,2023-09-24T15:56,2023,HUMAN_OBSERVATION,iNaturalist,Observations,187539293,John Soltys,COORDINATE_ROUNDED;CONTINENT_DERIVED_FROM_COORDINATES;TAXON_ID_NOT_FOUND
4430589146,50c9509d-22c7-4a22-a47d-8c48425ef4a7,https://www.inaturalist.org/observations/187545375,,Washington,47.46067,-121.36757,3.0,,,2023-08-20T17:11,2023,HUMAN_OBSERVATION,iNaturalist,Observations,187545375,John Soltys,CONTINENT_DERIVED_FROM_COORDINATES;TAXON_ID_NOT_FOUND
4430585158,50c9509d-22c7-4a22-a47d-8c48425ef4a7,https://www.inaturalist.org/observations/187545368,,Washington,47.46671,-121.31012,3.0,,,2023-08-20T12:03,2023,HUMAN_OBSERVATION,iNaturalist,Observations,187545368,John Soltys,CONTINENT_DERIVED_FROM_COORDINATES;TAXON_ID_NOT_FOUND
4430584171,50c9509d-22c7-4a22-a47d-8c48425ef4a7,https://www.inaturalist.org/observations/187541670,,Washington,47.43387,-121.32859,3.0,,,2023-08-12T09:51,2023,HUMAN_OBSERVATION,iNaturalist,Observations,187541670,John Soltys,CONTINENT_DERIVED_FROM_COORDINATES;TAXON_ID_NOT_FOUND
4430582147,50c9509d-22c7-4a22-a47d-8c48425ef4a7,https://www.inaturalist.org/observations/187546662,,Washington,47.45691,-121.45652,3.0,,,2023-06-18T10:14,2023,HUMAN_OBSERVATION,iNaturalist,Observations,187546662,John Soltys,CONTINENT_DERIVED_FROM_COORDINATES;TAXON_ID_NOT_FOUND
4430582119,50c9509d-22c7-4a22-a47d-8c48425ef4a7,https://www.inaturalist.org/observations/187538681,,Washington,48.68799,-119.94057,3.0,,,2023-09-23T14:46,2023,HUMAN_OBSERVATION,iNaturalist,Observations,187538681,John Soltys,CONTINENT_DERIVED_FROM_COORDINATES;TAXON_ID_NOT_FOUND
4430579086,50c9509d-22c7-4a22-a47d-8c48425ef4a7,https://www.inaturalist.org/observations/187545374,,Washington,47.46745,-121.34591,3.0,,,2023-08-20T14:27,2023,HUMAN_OBSERVATION,iNaturalist,Observations,187545374,John Soltys,CONTINENT_DERIVED_FROM_COORDINATES;TAXON_ID_NOT_FOUND
4430578082,50c9509d-22c7-4a22-a47d-8c48425ef4a7,https://www.inaturalist.org/observations/187541669,,Washington,47.4356,-121.32809,3.0,,,2023-08-12T07:20,2023,HUMAN_OBSERVATION,iNaturalist,Observations,187541669,John Soltys,CONTINENT_DERIVED_FROM_COORDINATES;TAXON_ID_NOT_FOUND
4430574086,50c9509d-22c7-4a22-a47d-8c48425ef4a7,https://www.inaturalist.org/observations/187545380,,Washington,47.45724,-121.37065,3.0,,,2023-08-21T09:01,2023,HUMAN_OBSERVATION,iNaturalist,Observations,187545380,John Soltys,CONTINENT_DERIVED_FROM_COORDINATES;TAXON_ID_NOT_FOUND
4430564168,50c9509d-22c7-4a22-a47d-8c48425ef4a7,https://www.inaturalist.org/observations/187546665,,Washington,47.456882,-121.456232,6.0,,,2023-06-18T10:24,2023,HUMAN_OBSERVATION,iNaturalist,Observations,187546665,John Soltys,COORDINATE_ROUNDED;CONTINENT_DERIVED_FROM_COORDINATES;TAXON_ID_NOT_FOUND
4430563147,50c9509d-22c7-4a22-a47d-8c48425ef4a7,https://www.inaturalist.org/observations/187545378,,Washington,47.46219,-121.36691,3.0,,,2023-08-21T08:42,2023,HUMAN_OBSERVATION,iNaturalist,Observations,187545378,John Soltys,CONTINENT_DERIVED_FROM_COORDINATES;TAXON_ID_NOT_FOUND
4430558181,50c9509d-22c7-4a22-a47d-8c48425ef4a7,https://www.inaturalist.org/observations/187539289,,Washington,48.51435,-120.64209,3.0,,,2023-09-24T15:47,2023,HUMAN_OBSERVATION,iNaturalist,Observations,187539289,John Soltys,CONTINENT_DERIVED_FROM_COORDINATES;TAXON_ID_NOT_FOUND
4430557096,50c9509d-22c7-4a22-a47d-8c48425ef4a7,https://www.inaturalist.org/observations/187539288,,Washington,48.51213,-120.64175,3.0,,,2023-09-24T15:18,2023,HUMAN_OBSERVATION,iNaturalist,Observations,187539288,John Soltys,CONTINENT_DERIVED_FROM_COORDINATES;TAXON_ID_NOT_FOUND
4430555151,50c9509d-22c7-4a22-a47d-8c48425ef4a7,https://www.inaturalist.org/observations/187546667,,Washington,47.45773,-121.45072,3.0,,,2023-06-18T10:43,2023,HUMAN_OBSERVATION,iNaturalist,Observations,187546667,John Soltys,CONTINENT_DERIVED_FROM_COORDINATES;TAXON_ID_NOT_FOUND
4430532465,50c9509d-22c7-4a22-a47d-8c48425ef4a7,https://www.inaturalist.org/observations/185680713,,Washington,48.463233,-120.616766,4.0,,,2023-09-30T14:10:06,2023,HUMAN_OBSERVATION,iNaturalist,Observations,185680713,jackson200,COORDINATE_ROUNDED;CONTINENT_DERIVED_FROM_COORDINATES;TAXON_ID_NOT_FOUND
4430382050,50c9509d-22c7-4a22-a47d-8c48425ef4a7,https://www.inaturalist.org/observations/140653755,,Washington,47.455452,-121.432604,1426.0,,,2022-10-15T12:25,2022,HUMAN_OBSERVATION,iNaturalist,Observations,140653755,Jackson Frost,COORDINATE_ROUNDED;CONTINENT_DERIVED_FROM_COORDINATES;TAXON_ID_NOT_FOUND
4424704460,50c9509d-22c7-4a22-a47d-8c48425ef4a7,https://www.inaturalist.org/observations/186993887,,Washington,48.81142,-121.76172,5.0,,,2023-10-08T11:55:25,2023,HUMAN_OBSERVATION,iNaturalist,Observations,186993887,arrrggghhh,CONTINENT_DERIVED_FROM_COORDINATES;TAXON_ID_NOT_FOUND
4424683799,50c9509d-22c7-4a22-a47d-8c48425ef4a7,https://www.inaturalist.org/observations/186627679,,Washington,46.791778,-121.781806,1.0,,,2023-10-01T11:35,2023,HUMAN_OBSERVATION,iNaturalist,Observations,186627679,Ed Miller,COORDINATE_ROUNDED;CONTINENT_DERIVED_FROM_COORDINATES;TAXON_ID_NOT_FOUND
4424681681,50c9509d-22c7-4a22-a47d-8c48425ef4a7,https://www.inaturalist.org/observations/186627678,,Washington,46.791778,-121.781806,1.0,,,2023-10-01T11:29,2023,HUMAN_OBSERVATION,iNaturalist,Observations,186627678,Ed Miller,COORDINATE_ROUNDED;CONTINENT_DERIVED_FROM_COORDINATES;TAXON_ID_NOT_FOUND
4424669450,50c9509d-22c7-4a22-a47d-8c48425ef4a7,https://www.inaturalist.org/observations/186626919,,Washington,46.787486,-121.731747,1.0,,,2023-09-30T16:36,2023,HUMAN_OBSERVATION,iNaturalist,Observations,186626919,Ed Miller,COORDINATE_ROUNDED;CONTINENT_DERIVED_FROM_COORDINATES;TAXON_ID_NOT_FOUND
4424651951,50c9509d-22c7-4a22-a47d-8c48425ef4a7,https://www.inaturalist.org/observations/186648635,,Washington,46.908165,-121.687854,25.0,,,2023-10-07T10:30,2023,HUMAN_OBSERVATION,iNaturalist,Observations,186648635,Pierce Louderback,COORDINATE_ROUNDED;CONTINENT_DERIVED_FROM_COORDINATES;TAXON_ID_NOT_FOUND
4424647317,50c9509d-22c7-4a22-a47d-8c48425ef4a7,https://www.inaturalist.org/observations/186815895,,Washington,47.439428,-121.386268,30.0,,,2020-09-21,2020,HUMAN_OBSERVATION,iNaturalist,Observations,186815895,song_dog,COORDINATE_ROUNDED;CONTINENT_DERIVED_FROM_COORDINATES;TAXON_ID_NOT_FOUND
4424643128,50c9509d-22c7-4a22-a47d-8c48425ef4a7,https://www.inaturalist.org/observations/186760114,,Washington,47.460138,-121.446865,205.0,,,2023-10-08T14:24:20,2023,HUMAN_OBSERVATION,iNaturalist,Observations,186760114,Evan Derickson,COORDINATE_ROUNDED;CONTINENT_DERIVED_FROM_COORDINATES;TAXON_ID_NOT_FOUND
4424609438,50c9509d-22c7-4a22-a47d-8c48425ef4a7,https://www.inaturalist.org/observations/186503808,,Washington,48.513201,-120.740306,180.0,,,2023-10-06T18:12:13,2023,HUMAN_OBSERVATION,iNaturalist,Observations,186503808,goth_birder,COORDINATE_ROUNDED;CONTINENT_DERIVED_FROM_COORDINATES;TAXON_ID_NOT_FOUND
4424596131,50c9509d-22c7-4a22-a47d-8c48425ef4a7,https://www.inaturalist.org/observations/186626915,,Washington,46.80375,-121.723056,1.0,,,2023-09-30T13:39,2023,HUMAN_OBSERVATION,iNaturalist,Observations,186626915,Ed Miller,COORDINATE_ROUNDED;CONTINENT_DERIVED_FROM_COORDINATES;TAXON_ID_NOT_FOUND
4424568497,50c9509d-22c7-4a22-a47d-8c48425ef4a7,https://www.inaturalist.org/observations/186627698,,Washington,46.790528,-121.782639,1.0,,,2023-10-01T14:50,2023,HUMAN_OBSERVATION,iNaturalist,Observations,186627698,Ed Miller,COORDINATE_ROUNDED;CONTINENT_DERIVED_FROM_COORDINATES;TAXON_ID_NOT_FOUND
4424561640,50c9509d-22c7-4a22-a47d-8c48425ef4a7,https://www.inaturalist.org/observations/186816346,,Washington,47.452508,-121.378365,30.0,,,2020-09-21,2020,HUMAN_OBSERVATION,iNaturalist,Observations,186816346,song_dog,COORDINATE_ROUNDED;CONTINENT_DERIVED_FROM_COORDINATES;TAXON_ID_NOT_FOUND
4424557316,50c9509d-22c7-4a22-a47d-8c48425ef4a7,https://www.inaturalist.org/observations/186627675,,Washington,46.791,-121.782333,1.0,,,2023-10-01T11:12,2023,HUMAN_OBSERVATION,iNaturalist,Observations,186627675,Ed Miller,COORDINATE_ROUNDED;CONTINENT_DERIVED_FROM_COORDINATES;TAXON_ID_NOT_FOUND
4424531415,50c9509d-22c7-4a22-a47d-8c48425ef4a7,https://www.inaturalist.org/observations/186627676,,Washington,46.791722,-121.781694,1.0,,,2023-10-01T11:23,2023,HUMAN_OBSERVATION,iNaturalist,Observations,186627676,Ed Miller,COORDINATE_ROUNDED;CONTINENT_DERIVED_FROM_COORDINATES;TAXON_ID_NOT_FOUND
4424514094,50c9509d-22c7-4a22-a47d-8c48425ef4a7,https://www.inaturalist.org/observations/186627696,,Washington,46.790528,-121.782639,1.0,,,2023-10-01T14:37,2023,HUMAN_OBSERVATION,iNaturalist,Observations,186627696,Ed Miller,COORDINATE_ROUNDED;CONTINENT_DERIVED_FROM_COORDINATES;TAXON_ID_NOT_FOUND
4424452609,50c9509d-22c7-4a22-a47d-8c48425ef4a7,https://www.inaturalist.org/observations/186627688,,Washington,46.7915,-121.781917,1.0,,,2023-10-01T13:56,2023,HUMAN_OBSERVATION,iNaturalist,Observations,186627688,Ed Miller,COORDINATE_ROUNDED;CONTINENT_DERIVED_FROM_COORDINATES;TAXON_ID_NOT_FOUND
4424435331,50c9509d-22c7-4a22-a47d-8c48425ef4a7,https://www.inaturalist.org/observations/186627697,,Washington,46.790528,-121.782639,1.0,,,2023-10-01T14:47,2023,HUMAN_OBSERVATION,iNaturalist,Observations,186627697,Ed Miller,COORDINATE_ROUNDED;CONTINENT_DERIVED_FROM_COORDINATES;TAXON_ID_NOT_FOUND
4424427318,50c9509d-22c7-4a22-a47d-8c48425ef4a7,https://www.inaturalist.org/observations/186815487,,Washington,47.439428,-121.386268,30.0,,,2020-09-21,2020,HUMAN_OBSERVATION,iNaturalist,Observations,186815487,song_dog,COORDINATE_ROUNDED;CONTINENT_DERIVED_FROM_COORDINATES;TAXON_ID_NOT_FOUND
4424420935,50c9509d-22c7-4a22-a47d-8c48425ef4a7,https://www.inaturalist.org/observations/186627683,,Washington,46.792611,-121.780139,1.0,,,2023-10-01T13:11,2023,HUMAN_OBSERVATION,iNaturalist,Observations,186627683,Ed Miller,COORDINATE_ROUNDED;CONTINENT_DERIVED_FROM_COORDINATES;TAXON_ID_NOT_FOUND
4424407253,50c9509d-22c7-4a22-a47d-8c48425ef4a7,https://www.inaturalist.org/observations/186626912,,Washington,46.78745,-121.731756,1.0,,,2023-09-30T10:11,2023,HUMAN_OBSERVATION,iNaturalist,Observations,186626912,Ed Miller,COORDINATE_ROUNDED;CONTINENT_DERIVED_FROM_COORDINATES;TAXON_ID_NOT_FOUND
4424363847,50c9509d-22c7-4a22-a47d-8c48425ef4a7,https://www.inaturalist.org/observations/186648633,,Washington,46.91927,-121.664613,9.0,,,2023-10-07T09:25,2023,HUMAN_OBSERVATION,iNaturalist,Observations,186648633,Pierce Louderback,COORDINATE_ROUNDED;CONTINENT_DERIVED_FROM_COORDINATES;TAXON_ID_NOT_FOUND
4424311883,50c9509d-22c7-4a22-a47d-8c48425ef4a7,https://www.inaturalist.org/observations/186627857,,Washington,46.786028,-121.732667,1.0,,,2023-10-02T12:00,2023,HUMAN_OBSERVATION,iNaturalist,Observations,186627857,Ed Miller,COORDINATE_ROUNDED;CONTINENT_DERIVED_FROM_COORDINATES;TAXON_ID_NOT_FOUND
4424301755,50c9509d-22c7-4a22-a47d-8c48425ef4a7,https://www.inaturalist.org/observations/186627689,,Washington,46.791,-121.782361,1.0,,,2023-10-01T14:04,2023,HUMAN_OBSERVATION,iNaturalist,Observations,186627689,Ed Miller,COORDINATE_ROUNDED;CONTINENT_DERIVED_FROM_COORDINATES;TAXON_ID_NOT_FOUND
4424285075,50c9509d-22c7-4a22-a47d-8c48425ef4a7,https://www.inaturalist.org/observations/186627701,,Washington,46.78825,-121.783222,1.0,,,2023-10-01T15:04,2023,HUMAN_OBSERVATION,iNaturalist,Observations,186627701,Ed Miller,COORDINATE_ROUNDED;CONTINENT_DERIVED_FROM_COORDINATES;TAXON_ID_NOT_FOUND
4424267471,50c9509d-22c7-4a22-a47d-8c48425ef4a7,https://www.inaturalist.org/observations/186627687,,Washington,46.7915,-121.781917,1.0,,,2023-10-01T14:04,2023,HUMAN_OBSERVATION,iNaturalist,Observations,186627687,Ed Miller,COORDINATE_ROUNDED;CONTINENT_DERIVED_FROM_COORDINATES;TAXON_ID_NOT_FOUND
4424264868,50c9509d-22c7-4a22-a47d-8c48425ef4a7,https://www.inaturalist.org/observations/186794921,,Washington,48.715904,-121.295216,44016.0,,,2023-10-08T13:49:06,2023,HUMAN_OBSERVATION,iNaturalist,Observations,186794921,Laura,COORDINATE_ROUNDED;CONTINENT_DERIVED_FROM_COORDINATES;TAXON_ID_NOT_FOUND
4424243083,50c9509d-22c7-4a22-a47d-8c48425ef4a7,https://www.inaturalist.org/observations/186627684,,Washington,46.791778,-121.781056,1.0,,,2023-10-01T13:32,2023,HUMAN_OBSERVATION,iNaturalist,Observations,186627684,Ed Miller,COORDINATE_ROUNDED;CONTINENT_DERIVED_FROM_COORDINATES;TAXON_ID_NOT_FOUND
4424235873,50c9509d-22c7-4a22-a47d-8c48425ef4a7,https://www.inaturalist.org/observations/186816290,,Washington,47.452764,-121.378407,20.0,,,2020-09-21,2020,HUMAN_OBSERVATION,iNaturalist,Observations,186816290,song_dog,COORDINATE_ROUNDED;CONTINENT_DERIVED_FROM_COORDINATES;TAXON_ID_NOT_FOUND
4424228052,50c9509d-22c7-4a22-a47d-8c48425ef4a7,https://www.inaturalist.org/observations/186627695,,Washington,46.791,-121.782361,1.0,,,2023-10-01T14:21,2023,HUMAN_OBSERVATION,iNaturalist,Observations,186627695,Ed Miller,COORDINATE_ROUNDED;CONTINENT_DERIVED_FROM_COORDINATES;TAXON_ID_NOT_FOUND
4424207857,50c9509d-22c7-4a22-a47d-8c48425ef4a7,https://www.inaturalist.org/observations/186626395,,Washington,46.773456,-121.744406,1.0,,,2023-09-29T16:50,2023,HUMAN_OBSERVATION,iNaturalist,Observations,186626395,Ed Miller,COORDINATE_ROUNDED;CONTINENT_DERIVED_FROM_COORDINATES;TAXON_ID_NOT_FOUND
4424203175,50c9509d-22c7-4a22-a47d-8c48425ef4a7,https://www.inaturalist.org/observations/186627674,,Washington,46.788583,-121.783361,1.0,,,2023-10-01T10:58,2023,HUMAN_OBSERVATION,iNaturalist,Observations,186627674,Ed Miller,COORDINATE_ROUNDED;CONTINENT_DERIVED_FROM_COORDINATES;TAXON_ID_NOT_FOUND
4424186929,50c9509d-22c7-4a22-a47d-8c48425ef4a7,https://www.inaturalist.org/observations/186608443,,Washington,47.464943,-121.658198,41.0,,,2023-08-16T12:09:27,2023,HUMAN_OBSERVATION,iNaturalist,Observations,186608443,asoren,COORDINATE_ROUNDED;CONTINENT_DERIVED_FROM_COORDINATES;TAXON_ID_NOT_FOUND
4424177928,50c9509d-22c7-4a22-a47d-8c48425ef4a7,https://www.inaturalist.org/observations/186627694,,Washington,46.791,-121.782361,1.0,,,2023-10-01T14:18,2023,HUMAN_OBSERVATION,iNaturalist,Observations,186627694,Ed Miller,COORDINATE_ROUNDED;CONTINENT_DERIVED_FROM_COORDINATES;TAXON_ID_NOT_FOUND
4424149823,50c9509d-22c7-4a22-a47d-8c48425ef4a7,https://www.inaturalist.org/observations/186627693,,Washington,46.791,-121.782361,1.0,,,2023-10-01T14:13,2023,HUMAN_OBSERVATION,iNaturalist,Observations,186627693,Ed Miller,COORDINATE_ROUNDED;CONTINENT_DERIVED_FROM_COORDINATES;TAXON_ID_NOT_FOUND
4424121730,50c9509d-22c7-4a22-a47d-8c48425ef4a7,https://www.inaturalist.org/observations/186627681,,Washington,46.792611,-121.780139,1.0,,,2023-10-01T13:06,2023,HUMAN_OBSERVATION,iNaturalist,Observations,186627681,Ed Miller,COORDINATE_ROUNDED;CONTINENT_DERIVED_FROM_COORDINATES;TAXON_ID_NOT_FOUND
4424121725,50c9509d-22c7-4a22-a47d-8c48425ef4a7,https://www.inaturalist.org/observations/186626394,,Washington,46.773456,-121.744406,1.0,,,2023-09-29T16:42,2023,HUMAN_OBSERVATION,iNaturalist,Observations,186626394,Ed Miller,COORDINATE_ROUNDED;CONTINENT_DERIVED_FROM_COORDINATES;TAXON_ID_NOT_FOUND
4421258190,50c9509d-22c7-4a22-a47d-8c48425ef4a7,https://www.inaturalist.org/observations/185680680,,Washington,48.47993,-120.65617,4.0,,,2023-09-30T12:23:29,2023,HUMAN_OBSERVATION,iNaturalist,Observations,185680680,jackson200,COORDINATE_ROUNDED;CONTINENT_DERIVED_FROM_COORDINATES;TAXON_ID_NOT_FOUND
4421201862,50c9509d-22c7-4a22-a47d-8c48425ef4a7,https://www.inaturalist.org/observations/185216143,,Washington,47.453509,-121.436152,177.0,,,2023-09-23T14:40:39,2023,HUMAN_OBSERVATION,iNaturalist,Observations,185216143,goth_birder,COORDINATE_ROUNDED;CONTINENT_DERIVED_FROM_COORDINATES;TAXON_ID_NOT_FOUND
4421167350,50c9509d-22c7-4a22-a47d-8c48425ef4a7,https://www.inaturalist.org/observations/185755703,,Washington,48.511227,-120.745659,,,,2023-09-30T17:43:50,2023,HUMAN_OBSERVATION,iNaturalist,Observations,185755703,silentp,COORDINATE_ROUNDED;CONTINENT_DERIVED_FROM_COORDINATES;TAXON_ID_NOT_FOUND
4421122449,50c9509d-22c7-4a22-a47d-8c48425ef4a7,https://www.inaturalist.org/observations/133800684,,Washington,47.603722,-121.161225,4.0,,,2022-09-04T12:18:30,2022,HUMAN_OBSERVATION,iNaturalist,Observations,133800684,lbwalder,COORDINATE_ROUNDED;CONTINENT_DERIVED_FROM_COORDINATES;TAXON_ID_NOT_FOUND
4421122053,50c9509d-22c7-4a22-a47d-8c48425ef4a7,https://www.inaturalist.org/observations/185681768,,Washington,48.472382,-121.062004,4.0,,,2023-09-30T11:22:49,2023,HUMAN_OBSERVATION,iNaturalist,Observations,185681768,manseekingorganisms,COORDINATE_ROUNDED;CONTINENT_DERIVED_FROM_COORDINATES;TAXON_ID_NOT_FOUND
4421039799,50c9509d-22c7-4a22-a47d-8c48425ef4a7,https://www.inaturalist.org/observations/185514580,,Washington,46.792849,-121.724016,51.0,,,2023-09-29T15:08:04,2023,HUMAN_OBSERVATION,iNaturalist,Observations,185514580,nedgerton,COORDINATE_ROUNDED;CONTINENT_DERIVED_FROM_COORDINATES;TAXON_ID_NOT_FOUND
4420983002,50c9509d-22c7-4a22-a47d-8c48425ef4a7,https://www.inaturalist.org/observations/184802969,,Washington,48.673113,-120.719003,4.0,,,2023-09-24T14:09:09,2023,HUMAN_OBSERVATION,iNaturalist,Observations,184802969,Eli Loftis,COORDINATE_ROUNDED;CONTINENT_DERIVED_FROM_COORDINATES;TAXON_ID_NOT_FOUND
4420948485,50c9509d-22c7-4a22-a47d-8c48425ef4a7,https://www.inaturalist.org/observations/185680611,,Washington,48.463641,-120.621115,4.0,,,2023-09-30T09:34:05,2023,HUMAN_OBSERVATION,iNaturalist,Observations,185680611,jackson200,COORDINATE_ROUNDED;CONTINENT_DERIVED_FROM_COORDINATES;TAXON_ID_NOT_FOUND
4420935475,50c9509d-22c7-4a22-a47d-8c48425ef4a7,https://www.inaturalist.org/observations/185853503,,Washington,48.846913,-121.69221,174.0,,,2023-10-01T13:27,2023,HUMAN_OBSERVATION,iNaturalist,Observations,185853503,Nicki Brockamp,COORDINATE_ROUNDED;CONTINENT_DERIVED_FROM_COORDINATES;TAXON_ID_NOT_FOUND
4417147576,50c9509d-22c7-4a22-a47d-8c48425ef4a7,https://www.inaturalist.org/observations/184460230,,Washington,46.914025,-121.674416,84.0,,,2023-09-17T15:49:34,2023,HUMAN_OBSERVATION,iNaturalist,Observations,184460230,abonmassip,COORDINATE_ROUNDED;CONTINENT_DERIVED_FROM_COORDINATES;TAXON_ID_NOT_FOUND
4417146467,50c9509d-22c7-4a22-a47d-8c48425ef4a7,https://www.inaturalist.org/observations/184620493,,Washington,47.410796,-121.342289,4.0,,,2023-09-23T09:54:21,2023,HUMAN_OBSERVATION,iNaturalist,Observations,184620493,jackson200,COORDINATE_ROUNDED;CONTINENT_DERIVED_FROM_COORDINATES;TAXON_ID_NOT_FOUND
4417122499,50c9509d-22c7-4a22-a47d-8c48425ef4a7,https://www.inaturalist.org/observations/184553407,,Washington,47.466526,-121.448051,4.0,,,2023-08-26T08:30:22,2023,HUMAN_OBSERVATION,iNaturalist,Observations,184553407,jackson200,COORDINATE_ROUNDED;CONTINENT_DERIVED_FROM_COORDINATES;TAXON_ID_NOT_FOUND
4417104649,50c9509d-22c7-4a22-a47d-8c48425ef4a7,https://www.inaturalist.org/observations/184553400,,Washington,47.461654,-121.447049,4.0,,,2023-08-26T08:17:14,2023,HUMAN_OBSERVATION,iNaturalist,Observations,184553400,jackson200,COORDINATE_ROUNDED;CONTINENT_DERIVED_FROM_COORDINATES;TAXON_ID_NOT_FOUND
4417100596,50c9509d-22c7-4a22-a47d-8c48425ef4a7,https://www.inaturalist.org/observations/184482367,,Washington,46.912929,-121.676008,61.0,,,2023-09-22T13:58,2023,HUMAN_OBSERVATION,iNaturalist,Observations,184482367,mrp123,COORDINATE_ROUNDED;CONTINENT_DERIVED_FROM_COORDINATES;TAXON_ID_NOT_FOUND
4417088573,50c9509d-22c7-4a22-a47d-8c48425ef4a7,https://www.inaturalist.org/observations/184460370,,Washington,46.919351,-121.661757,157.0,,,2023-09-17T16:10:25,2023,HUMAN_OBSERVATION,iNaturalist,Observations,184460370,abonmassip,COORDINATE_ROUNDED;CONTINENT_DERIVED_FROM_COORDINATES;TAXON_ID_NOT_FOUND
4417062620,50c9509d-22c7-4a22-a47d-8c48425ef4a7,https://www.inaturalist.org/observations/184409706,,Washington,46.792672,-121.72892,4.0,,,2023-09-22T10:38:09,2023,HUMAN_OBSERVATION,iNaturalist,Observations,184409706,Stypnzelda,COORDINATE_ROUNDED;CONTINENT_DERIVED_FROM_COORDINATES;TAXON_ID_NOT_FOUND
4417046619,50c9509d-22c7-4a22-a47d-8c48425ef4a7,https://www.inaturalist.org/observations/184553637,,Washington,47.410203,-121.341855,4.0,,,2023-09-23T09:51:09,2023,HUMAN_OBSERVATION,iNaturalist,Observations,184553637,jackson200,COORDINATE_ROUNDED;CONTINENT_DERIVED_FROM_COORDINATES;TAXON_ID_NOT_FOUND
4417039423,50c9509d-22c7-4a22-a47d-8c48425ef4a7,https://www.inaturalist.org/observations/184967266,,Washington,47.401483,-121.275867,8.0,,,2023-09-20T10:35,2023,HUMAN_OBSERVATION,iNaturalist,Observations,184967266,Zach Hawn,COORDINATE_ROUNDED;CONTINENT_DERIVED_FROM_COORDINATES;TAXON_ID_NOT_FOUND
4417025699,50c9509d-22c7-4a22-a47d-8c48425ef4a7,https://www.inaturalist.org/observations/184620495,,Washington,47.399805,-121.338176,4.0,,,2023-09-23T11:38:19,2023,HUMAN_OBSERVATION,iNaturalist,Observations,184620495,jackson200,COORDINATE_ROUNDED;CONTINENT_DERIVED_FROM_COORDINATES;TAXON_ID_NOT_FOUND
4417022190,50c9509d-22c7-4a22-a47d-8c48425ef4a7,https://www.inaturalist.org/observations/184873556,,Washington,48.855545,-121.698123,398.0,,,2023-09-24T12:54:05,2023,HUMAN_OBSERVATION,iNaturalist,Observations,184873556,mitchelk,COORDINATE_ROUNDED;CONTINENT_DERIVED_FROM_COORDINATES;TAXON_ID_NOT_FOUND
4417014331,50c9509d-22c7-4a22-a47d-8c48425ef4a7,https://www.inaturalist.org/observations/184450886,,Washington,48.682431,-121.088253,502.0,,,2023-09-21T17:53:53,2023,HUMAN_OBSERVATION,iNaturalist,Observations,184450886,Matt Cohen and Elizabeth Hargrave,COORDINATE_ROUNDED;CONTINENT_DERIVED_FROM_COORDINATES;TAXON_ID_NOT_FOUND
4417008477,50c9509d-22c7-4a22-a47d-8c48425ef4a7,https://www.inaturalist.org/observations/184553395,,Washington,47.461218,-121.448023,4.0,,,2023-08-26T08:15:49,2023,HUMAN_OBSERVATION,iNaturalist,Observations,184553395,jackson200,COORDINATE_ROUNDED;CONTINENT_DERIVED_FROM_COORDINATES;TAXON_ID_NOT_FOUND
4416970075,50c9509d-22c7-4a22-a47d-8c48425ef4a7,https://www.inaturalist.org/observations/184620479,,Washington,47.470783,-121.454517,4.0,,,2023-08-26T08:53:38,2023,HUMAN_OBSERVATION,iNaturalist,Observations,184620479,jackson200,COORDINATE_ROUNDED;CONTINENT_DERIVED_FROM_COORDINATES;TAXON_ID_NOT_FOUND
4416907693,50c9509d-22c7-4a22-a47d-8c48425ef4a7,https://www.inaturalist.org/observations/184069508,,Washington,48.475019,-121.063362,4.0,,,2023-09-19T15:33:47,2023,HUMAN_OBSERVATION,iNaturalist,Observations,184069508,George,COORDINATE_ROUNDED;CONTINENT_DERIVED_FROM_COORDINATES;TAXON_ID_NOT_FOUND
4416903996,50c9509d-22c7-4a22-a47d-8c48425ef4a7,https://www.inaturalist.org/observations/184828752,,Washington,47.956267,-121.379779,50.0,,,2023-09-10T18:28,2023,HUMAN_OBSERVATION,iNaturalist,Observations,184828752,song_dog,COORDINATE_ROUNDED;CONTINENT_DERIVED_FROM_COORDINATES;TAXON_ID_NOT_FOUND
4416878954,50c9509d-22c7-4a22-a47d-8c48425ef4a7,https://www.inaturalist.org/observations/184349497,,Washington,46.919199,-121.664486,8.0,,,2023-09-21T11:57,2023,HUMAN_OBSERVATION,iNaturalist,Observations,184349497,Pierce Louderback,COORDINATE_ROUNDED;CONTINENT_DERIVED_FROM_COORDINATES;TAXON_ID_NOT_FOUND
4416810796,50c9509d-22c7-4a22-a47d-8c48425ef4a7,https://www.inaturalist.org/observations/183539779,,Washington,47.436371,-121.399223,4.0,,,2023-09-16T11:15:25,2023,HUMAN_OBSERVATION,iNaturalist,Observations,183539779,manseekingorganisms,COORDINATE_ROUNDED;CONTINENT_DERIVED_FROM_COORDINATES;TAXON_ID_NOT_FOUND
4416771248,50c9509d-22c7-4a22-a47d-8c48425ef4a7,https://www.inaturalist.org/observations/184791866,,Washington,48.24178,-120.337845,4.0,,,2023-09-23T12:26:08,2023,HUMAN_OBSERVATION,iNaturalist,Observations,184791866,jareddodson,CONTINENT_DERIVED_FROM_COORDINATES;TAXON_ID_NOT_FOUND
4416745124,50c9509d-22c7-4a22-a47d-8c48425ef4a7,https://www.inaturalist.org/observations/184596749,,Washington,46.866262,-121.524492,4.0,,,2023-09-22T15:11:52,2023,HUMAN_OBSERVATION,iNaturalist,Observations,184596749,Stypnzelda,COORDINATE_ROUNDED;CONTINENT_DERIVED_FROM_COORDINATES;TAXON_ID_NOT_FOUND
4416739124,50c9509d-22c7-4a22-a47d-8c48425ef4a7,https://www.inaturalist.org/observations/184967462,,Washington,46.77815,-121.881828,8.0,,,2023-09-24T16:50,2023,HUMAN_OBSERVATION,iNaturalist,Observations,184967462,Zach Hawn,COORDINATE_ROUNDED;CONTINENT_DERIVED_FROM_COORDINATES;TAXON_ID_NOT_FOUND
4416739123,50c9509d-22c7-4a22-a47d-8c48425ef4a7,https://www.inaturalist.org/observations/184967264,,Washington,47.400767,-121.27655,8.0,,,2023-09-20T10:18,2023,HUMAN_OBSERVATION,iNaturalist,Observations,184967264,Zach Hawn,COORDINATE_ROUNDED;CONTINENT_DERIVED_FROM_COORDINATES;TAXON_ID_NOT_FOUND
4416736231,50c9509d-22c7-4a22-a47d-8c48425ef4a7,https://www.inaturalist.org/observations/184477374,,Washington,46.792664,-121.728896,44.0,,,2023-09-16T13:46,2023,HUMAN_OBSERVATION,iNaturalist,Observations,184477374,Sydney Gerig,COORDINATE_ROUNDED;CONTINENT_DERIVED_FROM_COORDINATES;TAXON_ID_NOT_FOUND
4416661255,50c9509d-22c7-4a22-a47d-8c48425ef4a7,https://www.inaturalist.org/observations/184967265,,Washington,47.4013,-121.275717,8.0,,,2023-09-20T10:30,2023,HUMAN_OBSERVATION,iNaturalist,Observations,184967265,Zach Hawn,COORDINATE_ROUNDED;CONTINENT_DERIVED_FROM_COORDINATES;TAXON_ID_NOT_FOUND
4416657102,50c9509d-22c7-4a22-a47d-8c48425ef4a7,https://www.inaturalist.org/observations/184629787,,Washington,48.470001,-121.059839,104.0,,,2023-09-19T19:59,2023,HUMAN_OBSERVATION,iNaturalist,Observations,184629787,George,COORDINATE_ROUNDED;CONTINENT_DERIVED_FROM_COORDINATES;TAXON_ID_NOT_FOUND
4414371610,50c9509d-22c7-4a22-a47d-8c48425ef4a7,https://www.inaturalist.org/observations/183156268,,Washington,48.514205,-120.642188,4.0,,,2023-08-10T14:56:32,2023,HUMAN_OBSERVATION,iNaturalist,Observations,183156268,Mark Robinson,COORDINATE_ROUNDED;CONTINENT_DERIVED_FROM_COORDINATES;TAXON_ID_NOT_FOUND
4414326658,50c9509d-22c7-4a22-a47d-8c48425ef4a7,https://www.inaturalist.org/observations/183213004,,Washington,48.798128,-117.133934,,,,2023-08-07T12:07:26,2023,HUMAN_OBSERVATION,iNaturalist,Observations,183213004,healanibrennan,COORDINATE_ROUNDED;CONTINENT_DERIVED_FROM_COORDINATES;TAXON_ID_NOT_FOUND
4414274995,50c9509d-22c7-4a22-a47d-8c48425ef4a7,https://www.inaturalist.org/observations/183436654,,Washington,48.8467,-121.692324,179.0,,,2023-09-14T14:40,2023,HUMAN_OBSERVATION,iNaturalist,Observations,183436654,Terry Carr,COORDINATE_ROUNDED;CONTINENT_DERIVED_FROM_COORDINATES;TAXON_ID_NOT_FOUND
4414225456,50c9509d-22c7-4a22-a47d-8c48425ef4a7,https://www.inaturalist.org/observations/183210663,,Washington,48.950878,-121.676619,10.0,,,2023-09-11T14:14,2023,HUMAN_OBSERVATION,iNaturalist,Observations,183210663,Peter Zika,COORDINATE_ROUNDED;CONTINENT_DERIVED_FROM_COORDINATES;TAXON_ID_NOT_FOUND
4414165914,50c9509d-22c7-4a22-a47d-8c48425ef4a7,https://www.inaturalist.org/observations/182415501,,Washington,46.754465,-121.699675,,,,2023-08-17T16:08,2023,HUMAN_OBSERVATION,iNaturalist,Observations,182415501,Creed Clayton,CONTINENT_DERIVED_FROM_COORDINATES;TAXON_ID_NOT_FOUND
4414149355,50c9509d-22c7-4a22-a47d-8c48425ef4a7,https://www.inaturalist.org/observations/182887916,,Washington,48.132729,-120.816937,,,,2023-09-10T10:25,2023,HUMAN_OBSERVATION,iNaturalist,Observations,182887916,Eric Jain,CONTINENT_DERIVED_FROM_COORDINATES;TAXON_ID_NOT_FOUND
4414063107,50c9509d-22c7-4a22-a47d-8c48425ef4a7,https://www.inaturalist.org/observations/182887911,,Washington,48.127459,-120.809712,,,,2023-09-10T09:38,2023,HUMAN_OBSERVATION,iNaturalist,Observations,182887911,Eric Jain,CONTINENT_DERIVED_FROM_COORDINATES;TAXON_ID_NOT_FOUND
4414003090,50c9509d-22c7-4a22-a47d-8c48425ef4a7,https://www.inaturalist.org/observations/182891225,,Washington,46.777364,-121.758286,4.0,,,2023-07-11T19:14,2023,HUMAN_OBSERVATION,iNaturalist,Observations,182891225,Richard Littauer,COORDINATE_ROUNDED;CONTINENT_DERIVED_FROM_COORDINATES;TAXON_ID_NOT_FOUND
4413985483,50c9509d-22c7-4a22-a47d-8c48425ef4a7,https://www.inaturalist.org/observations/183034239,,Washington,47.40945,-121.51449,,,,2023-09-12T11:12,2023,HUMAN_OBSERVATION,iNaturalist,Observations,183034239,Jen,CONTINENT_DERIVED_FROM_COORDINATES;TAXON_ID_NOT_FOUND
4413982944,50c9509d-22c7-4a22-a47d-8c48425ef4a7,https://www.inaturalist.org/observations/182887863,,Washington,48.091273,-120.798599,,,,2023-09-09T15:08,2023,HUMAN_OBSERVATION,iNaturalist,Observations,182887863,Eric Jain,CONTINENT_DERIVED_FROM_COORDINATES;TAXON_ID_NOT_FOUND
4413954394,50c9509d-22c7-4a22-a47d-8c48425ef4a7,https://www.inaturalist.org/observations/183539780,,Washington,47.43631,-121.399139,4.0,,,2023-09-16T11:15:12,2023,HUMAN_OBSERVATION,iNaturalist,Observations,183539780,manseekingorganisms,COORDINATE_ROUNDED;CONTINENT_DERIVED_FROM_COORDINATES;TAXON_ID_NOT_FOUND
4413841105,50c9509d-22c7-4a22-a47d-8c48425ef4a7,https://www.inaturalist.org/observations/183050499,,Washington,46.91936,-121.664704,15.0,,,2023-08-12T06:58,2023,HUMAN_OBSERVATION,iNaturalist,Observations,183050499,Ariel R.,COORDINATE_ROUNDED;CONTINENT_DERIVED_FROM_COORDINATES;TAXON_ID_NOT_FOUND
4413549856,50c9509d-22c7-4a22-a47d-8c48425ef4a7,https://www.inaturalist.org/observations/181914479,,Washington,46.758369,-121.735172,17.0,,,2023-09-01T11:39:13,2023,HUMAN_OBSERVATION,iNaturalist,Observations,181914479,zaraberry,COORDINATE_ROUNDED;CONTINENT_DERIVED_FROM_COORDINATES;TAXON_ID_NOT_FOUND
4413531253,50c9509d-22c7-4a22-a47d-8c48425ef4a7,https://www.inaturalist.org/observations/183317282,,Washington,48.749233,-120.325005,4.0,,,2023-08-06T15:49:56,2023,HUMAN_OBSERVATION,iNaturalist,Observations,183317282,Mark Robinson,COORDINATE_ROUNDED;CONTINENT_DERIVED_FROM_COORDINATES;TAXON_ID_NOT_FOUND
4413492918,50c9509d-22c7-4a22-a47d-8c48425ef4a7,https://www.inaturalist.org/observations/182009254,,Washington,46.862561,-121.658018,11.0,,,2023-09-04T18:56:29,2023,HUMAN_OBSERVATION,iNaturalist,Observations,182009254,flowerysallies,COORDINATE_ROUNDED;CONTINENT_DERIVED_FROM_COORDINATES;TAXON_ID_NOT_FOUND
4413435990,50c9509d-22c7-4a22-a47d-8c48425ef4a7,https://www.inaturalist.org/observations/177229915,,Washington,48.831424,-121.725683,,,,2023-07-27T14:15:54,2023,HUMAN_OBSERVATION,iNaturalist,Observations,177229915,Arial Eatherton,COORDINATE_ROUNDED;CONTINENT_DERIVED_FROM_COORDINATES;TAXON_ID_NOT_FOUND
4413419208,50c9509d-22c7-4a22-a47d-8c48425ef4a7,https://www.inaturalist.org/observations/182219565,,Washington,48.794192,-121.290225,14271.0,,,2023-09-06T15:44,2023,HUMAN_OBSERVATION,iNaturalist,Observations,182219565,a-kul,COORDINATE_ROUNDED;CONTINENT_DERIVED_FROM_COORDINATES;TAXON_ID_NOT_FOUND
4407607366,50c9509d-22c7-4a22-a47d-8c48425ef4a7,https://www.inaturalist.org/observations/181698885,,Washington,46.919313,-121.661396,8.0,,,2023-09-02T20:51,2023,HUMAN_OBSERVATION,iNaturalist,Observations,181698885,Brett Jackson,COORDINATE_ROUNDED;CONTINENT_DERIVED_FROM_COORDINATES;TAXON_ID_NOT_FOUND
4407600479,50c9509d-22c7-4a22-a47d-8c48425ef4a7,https://www.inaturalist.org/observations/181971340,,Washington,48.476201,-121.072792,176.0,,,2016-07-31T15:36,2016,HUMAN_OBSERVATION,iNaturalist,Observations,181971340,cefike,COORDINATE_ROUNDED;CONTINENT_DERIVED_FROM_COORDINATES;TAXON_ID_NOT_FOUND
4407573369,50c9509d-22c7-4a22-a47d-8c48425ef4a7,https://www.inaturalist.org/observations/181280233,,Washington,46.920499,-121.66482,266.0,,,2023-09-01T11:30:12,2023,HUMAN_OBSERVATION,iNaturalist,Observations,181280233,Connor O’Brien,COORDINATE_ROUNDED;CONTINENT_DERIVED_FROM_COORDINATES;TAXON_ID_NOT_FOUND
4407565123,50c9509d-22c7-4a22-a47d-8c48425ef4a7,https://www.inaturalist.org/observations/181661001,,Washington,46.919108,-121.661406,4.0,,,2023-09-02T19:11:23,2023,HUMAN_OBSERVATION,iNaturalist,Observations,181661001,mkburge,COORDINATE_ROUNDED;CONTINENT_DERIVED_FROM_COORDINATES;TAXON_ID_NOT_FOUND
4407525364,50c9509d-22c7-4a22-a47d-8c48425ef4a7,https://www.inaturalist.org/observations/181151861,,Washington,47.455629,-121.438894,3676.0,,,2023-08-31T11:31:29,2023,HUMAN_OBSERVATION,iNaturalist,Observations,181151861,Gordon Hogenson,COORDINATE_ROUNDED;CONTINENT_DERIVED_FROM_COORDINATES;TAXON_ID_NOT_FOUND
4407300807,50c9509d-22c7-4a22-a47d-8c48425ef4a7,https://www.inaturalist.org/observations/180852113,,Washington,46.792687,-121.728867,16.0,,,2023-08-19T10:44:21,2023,HUMAN_OBSERVATION,iNaturalist,Observations,180852113,redpepper,COORDINATE_ROUNDED;CONTINENT_DERIVED_FROM_COORDINATES;TAXON_ID_NOT_FOUND
4407259358,50c9509d-22c7-4a22-a47d-8c48425ef4a7,https://www.inaturalist.org/observations/83265829,,Washington,47.444948,-120.930429,,,,2019-09-13T12:31,2019,HUMAN_OBSERVATION,iNaturalist,Observations,83265829,Jacy Chen,COORDINATE_ROUNDED;CONTINENT_DERIVED_FROM_COORDINATES;TAXON_ID_NOT_FOUND
4407176134,50c9509d-22c7-4a22-a47d-8c48425ef4a7,https://www.inaturalist.org/observations/181198391,,Washington,47.504744,-121.739694,4.0,,,2023-08-31T12:56,2023,HUMAN_OBSERVATION,iNaturalist,Observations,181198391,James H. Thomas,COORDINATE_ROUNDED;CONTINENT_DERIVED_FROM_COORDINATES;TAXON_ID_NOT_FOUND
4405494323,50c9509d-22c7-4a22-a47d-8c48425ef4a7,https://www.inaturalist.org/observations/179877124,,Washington,48.283938,-121.245262,9.0,,,2023-08-17T17:12:22,2023,HUMAN_OBSERVATION,iNaturalist,Observations,179877124,shaggyowl,COORDINATE_ROUNDED;CONTINENT_DERIVED_FROM_COORDINATES;TAXON_ID_NOT_FOUND
4405435699,50c9509d-22c7-4a22-a47d-8c48425ef4a7,https://www.inaturalist.org/observations/180036307,,Washington,47.70353,-121.098433,,,,2023-08-23T10:52,2023,HUMAN_OBSERVATION,iNaturalist,Observations,180036307,Eric Jain,CONTINENT_DERIVED_FROM_COORDINATES;TAXON_ID_NOT_FOUND
4405405637,50c9509d-22c7-4a22-a47d-8c48425ef4a7,https://www.inaturalist.org/observations/180036308,,Washington,47.703471,-121.098368,,,,2023-08-23T10:53,2023,HUMAN_OBSERVATION,iNaturalist,Observations,180036308,Eric Jain,CONTINENT_DERIVED_FROM_COORDINATES;TAXON_ID_NOT_FOUND
4405313312,50c9509d-22c7-4a22-a47d-8c48425ef4a7,https://www.inaturalist.org/observations/179929738,,Washington,47.401796,-121.281402,8.0,,,2023-08-21T09:34:55,2023,HUMAN_OBSERVATION,iNaturalist,Observations,179929738,Zach Hawn,COORDINATE_ROUNDED;CONTINENT_DERIVED_FROM_COORDINATES;TAXON_ID_NOT_FOUND
4405293572,50c9509d-22c7-4a22-a47d-8c48425ef4a7,https://www.inaturalist.org/observations/180036380,,Washington,47.692732,-121.094234,,,,2023-08-23T16:59,2023,HUMAN_OBSERVATION,iNaturalist,Observations,180036380,Eric Jain,CONTINENT_DERIVED_FROM_COORDINATES;TAXON_ID_NOT_FOUND
4405288968,50c9509d-22c7-4a22-a47d-8c48425ef4a7,https://www.inaturalist.org/observations/179929830,,Washington,47.400742,-121.275379,,,,2023-08-21T09:59:34,2023,HUMAN_OBSERVATION,iNaturalist,Observations,179929830,Zach Hawn,COORDINATE_ROUNDED;CONTINENT_DERIVED_FROM_COORDINATES;TAXON_ID_NOT_FOUND
4405280917,50c9509d-22c7-4a22-a47d-8c48425ef4a7,https://www.inaturalist.org/observations/180036375,,Washington,47.676632,-121.125284,,,,2023-08-23T16:10,2023,HUMAN_OBSERVATION,iNaturalist,Observations,180036375,Eric Jain,CONTINENT_DERIVED_FROM_COORDINATES;TAXON_ID_NOT_FOUND
4405236681,50c9509d-22c7-4a22-a47d-8c48425ef4a7,https://www.inaturalist.org/observations/179775805,,Washington,47.029756,-121.409759,26903.0,,,2023-08-21T18:30,2023,HUMAN_OBSERVATION,iNaturalist,Observations,179775805,Stypnzelda,COORDINATE_ROUNDED;CONTINENT_DERIVED_FROM_COORDINATES;TAXON_ID_NOT_FOUND
4405217067,50c9509d-22c7-4a22-a47d-8c48425ef4a7,https://www.inaturalist.org/observations/180036354,,Washington,47.662631,-121.122841,,,,2023-08-23T15:10,2023,HUMAN_OBSERVATION,iNaturalist,Observations,180036354,Eric Jain,CONTINENT_DERIVED_FROM_COORDINATES;TAXON_ID_NOT_FOUND
4405199620,50c9509d-22c7-4a22-a47d-8c48425ef4a7,https://www.inaturalist.org/observations/180036370,,Washington,47.670353,-121.126348,,,,2023-08-23T15:39,2023,HUMAN_OBSERVATION,iNaturalist,Observations,180036370,Eric Jain,CONTINENT_DERIVED_FROM_COORDINATES;TAXON_ID_NOT_FOUND
4405194126,50c9509d-22c7-4a22-a47d-8c48425ef4a7,https://www.inaturalist.org/observations/179922507,,Washington,46.86259,-121.65797,,,,2023-08-23T09:06,2023,HUMAN_OBSERVATION,iNaturalist,Observations,179922507,Jen,CONTINENT_DERIVED_FROM_COORDINATES;TAXON_ID_NOT_FOUND
4405180098,50c9509d-22c7-4a22-a47d-8c48425ef4a7,https://www.inaturalist.org/observations/179777124,,Washington,47.034706,-121.408831,26903.0,,,2023-08-22T10:06:32,2023,HUMAN_OBSERVATION,iNaturalist,Observations,179777124,Stypnzelda,COORDINATE_ROUNDED;CONTINENT_DERIVED_FROM_COORDINATES;TAXON_ID_NOT_FOUND
4405151678,50c9509d-22c7-4a22-a47d-8c48425ef4a7,https://www.inaturalist.org/observations/179784605,,Washington,48.071856,-121.763603,242.0,,,2023-08-22T15:16,2023,HUMAN_OBSERVATION,iNaturalist,Observations,179784605,Ethan Graham,COORDINATE_ROUNDED;CONTINENT_DERIVED_FROM_COORDINATES;TAXON_ID_NOT_FOUND
4405097768,50c9509d-22c7-4a22-a47d-8c48425ef4a7,https://www.inaturalist.org/observations/180036351,,Washington,47.661697,-121.123995,,,,2023-08-23T14:53,2023,HUMAN_OBSERVATION,iNaturalist,Observations,180036351,Eric Jain,CONTINENT_DERIVED_FROM_COORDINATES;TAXON_ID_NOT_FOUND
4405094060,50c9509d-22c7-4a22-a47d-8c48425ef4a7,https://www.inaturalist.org/observations/179775792,,Washington,47.039184,-121.41386,26903.0,,,2023-08-21T17:22:36,2023,HUMAN_OBSERVATION,iNaturalist,Observations,179775792,Stypnzelda,COORDINATE_ROUNDED;CONTINENT_DERIVED_FROM_COORDINATES;TAXON_ID_NOT_FOUND
4405089201,50c9509d-22c7-4a22-a47d-8c48425ef4a7,https://www.inaturalist.org/observations/180036367,,Washington,47.669554,-121.125759,,,,2023-08-23T15:35,2023,HUMAN_OBSERVATION,iNaturalist,Observations,180036367,Eric Jain,CONTINENT_DERIVED_FROM_COORDINATES;TAXON_ID_NOT_FOUND
4405074571,50c9509d-22c7-4a22-a47d-8c48425ef4a7,https://www.inaturalist.org/observations/179776907,,Washington,47.096762,-121.522793,26903.0,,,2023-08-22T07:46:07,2023,HUMAN_OBSERVATION,iNaturalist,Observations,179776907,Stypnzelda,COORDINATE_ROUNDED;CONTINENT_DERIVED_FROM_COORDINATES;TAXON_ID_NOT_FOUND
4405050656,50c9509d-22c7-4a22-a47d-8c48425ef4a7,https://www.inaturalist.org/observations/179929794,,Washington,47.40052,-121.276445,,,,2023-08-21T09:47:24,2023,HUMAN_OBSERVATION,iNaturalist,Observations,179929794,Zach Hawn,COORDINATE_ROUNDED;CONTINENT_DERIVED_FROM_COORDINATES;TAXON_ID_NOT_FOUND
4405021885,50c9509d-22c7-4a22-a47d-8c48425ef4a7,https://www.inaturalist.org/observations/179264070,,Washington,48.469942,-121.05405,4.0,,,2023-08-19T09:05:06,2023,HUMAN_OBSERVATION,iNaturalist,Observations,179264070,jackson200,COORDINATE_ROUNDED;CONTINENT_DERIVED_FROM_COORDINATES;TAXON_ID_NOT_FOUND
4400385178,50c9509d-22c7-4a22-a47d-8c48425ef4a7,https://www.inaturalist.org/observations/179284082,,Washington,46.80372,-121.729539,1485.0,,,2023-08-18T09:29,2023,HUMAN_OBSERVATION,iNaturalist,Observations,179284082,Andrew Aldrich,COORDINATE_ROUNDED;CONTINENT_DERIVED_FROM_COORDINATES;TAXON_ID_NOT_FOUND
4400354880,50c9509d-22c7-4a22-a47d-8c48425ef4a7,https://www.inaturalist.org/observations/179263882,,Washington,47.692733,-121.094153,4.0,,,2023-07-22T08:54:23,2023,HUMAN_OBSERVATION,iNaturalist,Observations,179263882,jackson200,COORDINATE_ROUNDED;CONTINENT_DERIVED_FROM_COORDINATES;TAXON_ID_NOT_FOUND
4400349779,50c9509d-22c7-4a22-a47d-8c48425ef4a7,https://www.inaturalist.org/observations/179263918,,Washington,48.469962,-121.059908,4.0,,,2023-07-28T11:10:52,2023,HUMAN_OBSERVATION,iNaturalist,Observations,179263918,jackson200,COORDINATE_ROUNDED;CONTINENT_DERIVED_FROM_COORDINATES;TAXON_ID_NOT_FOUND
4400302498,50c9509d-22c7-4a22-a47d-8c48425ef4a7,https://www.inaturalist.org/observations/179263962,,Washington,48.468101,-121.058129,4.0,,,2023-08-18T10:46:20,2023,HUMAN_OBSERVATION,iNaturalist,Observations,179263962,jackson200,COORDINATE_ROUNDED;CONTINENT_DERIVED_FROM_COORDINATES;TAXON_ID_NOT_FOUND
4400191823,50c9509d-22c7-4a22-a47d-8c48425ef4a7,https://www.inaturalist.org/observations/179631983,,Washington,47.723822,-121.077478,22.0,,,2023-07-30T11:01:42,2023,HUMAN_OBSERVATION,iNaturalist,Observations,179631983,noemimo,COORDINATE_ROUNDED;CONTINENT_DERIVED_FROM_COORDINATES;TAXON_ID_NOT_FOUND
4400127115,50c9509d-22c7-4a22-a47d-8c48425ef4a7,https://www.inaturalist.org/observations/179355272,,Washington,47.366302,-121.200584,4.0,,,2023-08-18T16:27:38,2023,HUMAN_OBSERVATION,iNaturalist,Observations,179355272,Darren Schack,COORDINATE_ROUNDED;CONTINENT_DERIVED_FROM_COORDINATES;TAXON_ID_NOT_FOUND
4400110779,50c9509d-22c7-4a22-a47d-8c48425ef4a7,https://www.inaturalist.org/observations/179264013,,Washington,48.482679,-121.050124,4.0,,,2023-08-19T08:12:22,2023,HUMAN_OBSERVATION,iNaturalist,Observations,179264013,jackson200,COORDINATE_ROUNDED;CONTINENT_DERIVED_FROM_COORDINATES;TAXON_ID_NOT_FOUND
4400094357,50c9509d-22c7-4a22-a47d-8c48425ef4a7,https://www.inaturalist.org/observations/179643153,,Washington,48.790466,-121.312815,108415.0,,,2023-08-21T23:47:41,2023,HUMAN_OBSERVATION,iNaturalist,Observations,179643153,evanritter,COORDINATE_ROUNDED;CONTINENT_DERIVED_FROM_COORDINATES;TAXON_ID_NOT_FOUND
4400090764,50c9509d-22c7-4a22-a47d-8c48425ef4a7,https://www.inaturalist.org/observations/179263979,,Washington,48.469681,-121.055365,4.0,,,2023-08-18T11:07:44,2023,HUMAN_OBSERVATION,iNaturalist,Observations,179263979,jackson200,COORDINATE_ROUNDED;CONTINENT_DERIVED_FROM_COORDINATES;TAXON_ID_NOT_FOUND
4399910088,50c9509d-22c7-4a22-a47d-8c48425ef4a7,https://www.inaturalist.org/observations/179434708,,Washington,46.79397,-121.730412,646.0,,,2023-08-17T14:43,2023,HUMAN_OBSERVATION,iNaturalist,Observations,179434708,Andrew Aldrich,COORDINATE_ROUNDED;CONTINENT_DERIVED_FROM_COORDINATES;TAXON_ID_NOT_FOUND
4399866030,50c9509d-22c7-4a22-a47d-8c48425ef4a7,https://www.inaturalist.org/observations/179066402,,Washington,46.904161,-121.506589,,,,2023-08-16T15:21:38,2023,HUMAN_OBSERVATION,iNaturalist,Observations,179066402,Kara Dobson,COORDINATE_ROUNDED;CONTINENT_DERIVED_FROM_COORDINATES;TAXON_ID_NOT_FOUND
4177586892,50c9509d-22c7-4a22-a47d-8c48425ef4a7,https://www.inaturalist.org/observations/178410584,,Washington,48.928526,-120.762023,,,,2023-08-09T09:25,2023,HUMAN_OBSERVATION,iNaturalist,Observations,178410584,Christopher J. Earle,COORDINATE_ROUNDED;CONTINENT_DERIVED_FROM_COORDINATES;TAXON_ID_NOT_FOUND
4177544812,50c9509d-22c7-4a22-a47d-8c48425ef4a7,https://www.inaturalist.org/observations/178410583,,Washington,48.884894,-120.765264,,,,2023-08-09T07:00,2023,HUMAN_OBSERVATION,iNaturalist,Observations,178410583,Christopher J. Earle,COORDINATE_ROUNDED;CONTINENT_DERIVED_FROM_COORDINATES;TAXON_ID_NOT_FOUND
4177511388,50c9509d-22c7-4a22-a47d-8c48425ef4a7,https://www.inaturalist.org/observations/178102253,,Washington,48.472396,-121.061518,273.0,,,2023-08-12T13:58:06,2023,HUMAN_OBSERVATION,iNaturalist,Observations,178102253,Nikita Miller,COORDINATE_ROUNDED;CONTINENT_DERIVED_FROM_COORDINATES;TAXON_ID_NOT_FOUND
4177507694,50c9509d-22c7-4a22-a47d-8c48425ef4a7,https://www.inaturalist.org/observations/178408568,,Washington,46.271895,-121.589916,,,,2023-08-11T19:07,2023,HUMAN_OBSERVATION,iNaturalist,Observations,178408568,Eric Jain,CONTINENT_DERIVED_FROM_COORDINATES;TAXON_ID_NOT_FOUND
4177481306,50c9509d-22c7-4a22-a47d-8c48425ef4a7,https://www.inaturalist.org/observations/178228640,,Washington,46.792704,-121.728887,8.0,,,2023-08-06T14:59,2023,HUMAN_OBSERVATION,iNaturalist,Observations,178228640,Anthony Ye,COORDINATE_ROUNDED;CONTINENT_DERIVED_FROM_COORDINATES;TAXON_ID_NOT_FOUND
4177450428,50c9509d-22c7-4a22-a47d-8c48425ef4a7,https://www.inaturalist.org/observations/178228648,,Washington,46.792741,-121.728883,4.0,,,2023-08-06T15:00,2023,HUMAN_OBSERVATION,iNaturalist,Observations,178228648,Anthony Ye,COORDINATE_ROUNDED;CONTINENT_DERIVED_FROM_COORDINATES;TAXON_ID_NOT_FOUND
4177381030,50c9509d-22c7-4a22-a47d-8c48425ef4a7,https://www.inaturalist.org/observations/177910769,,Washington,46.154114,-122.157114,12.0,,,2023-08-11T10:00,2023,HUMAN_OBSERVATION,iNaturalist,Observations,177910769,Dan Rubado,COORDINATE_ROUNDED;CONTINENT_DERIVED_FROM_COORDINATES;TAXON_ID_NOT_FOUND
4177316330,50c9509d-22c7-4a22-a47d-8c48425ef4a7,https://www.inaturalist.org/observations/178439383,,Washington,46.245302,-121.524881,,,,2023-08-13T09:18,2023,HUMAN_OBSERVATION,iNaturalist,Observations,178439383,Eric Jain,CONTINENT_DERIVED_FROM_COORDINATES;TAXON_ID_NOT_FOUND
4177313201,50c9509d-22c7-4a22-a47d-8c48425ef4a7,https://www.inaturalist.org/observations/178408565,,Washington,46.271904,-121.589925,,,,2023-08-11T19:06,2023,HUMAN_OBSERVATION,iNaturalist,Observations,178408565,Eric Jain,CONTINENT_DERIVED_FROM_COORDINATES;TAXON_ID_NOT_FOUND
4177312931,50c9509d-22c7-4a22-a47d-8c48425ef4a7,https://www.inaturalist.org/observations/177953462,,Washington,48.508572,-120.63288,4.0,,,2023-08-10T17:58:32,2023,HUMAN_OBSERVATION,iNaturalist,Observations,177953462,Mark Robinson,COORDINATE_ROUNDED;CONTINENT_DERIVED_FROM_COORDINATES;TAXON_ID_NOT_FOUND
4177308830,50c9509d-22c7-4a22-a47d-8c48425ef4a7,https://www.inaturalist.org/observations/177777525,,Washington,47.671678,-121.137578,,,,2023-08-10T17:26:48,2023,HUMAN_OBSERVATION,iNaturalist,Observations,177777525,Peter Abrahamsen,COORDINATE_ROUNDED;CONTINENT_DERIVED_FROM_COORDINATES;TAXON_ID_NOT_FOUND
4177258254,50c9509d-22c7-4a22-a47d-8c48425ef4a7,https://www.inaturalist.org/observations/178100680,,Washington,47.589427,-121.320054,,,,2023-08-07T16:10:21,2023,HUMAN_OBSERVATION,iNaturalist,Observations,178100680,jacquelinerose,COORDINATE_ROUNDED;CONTINENT_DERIVED_FROM_COORDINATES;TAXON_ID_NOT_FOUND
4177238132,50c9509d-22c7-4a22-a47d-8c48425ef4a7,https://www.inaturalist.org/observations/178024103,,Washington,48.895056,-121.558536,42.0,,,2023-08-12T10:04:58,2023,HUMAN_OBSERVATION,iNaturalist,Observations,178024103,maiya_m,COORDINATE_ROUNDED;CONTINENT_DERIVED_FROM_COORDINATES;TAXON_ID_NOT_FOUND
4177207566,50c9509d-22c7-4a22-a47d-8c48425ef4a7,https://www.inaturalist.org/observations/177792830,,Washington,48.672036,-121.600419,,,,2023-08-08T15:55,2023,HUMAN_OBSERVATION,iNaturalist,Observations,177792830,Timothy McNitt,COORDINATE_ROUNDED;CONTINENT_DERIVED_FROM_COORDINATES;TAXON_ID_NOT_FOUND
4177171676,50c9509d-22c7-4a22-a47d-8c48425ef4a7,https://www.inaturalist.org/observations/176839883,,Washington,46.894097,-121.479355,9.0,,,2023-08-02T07:48:21,2023,HUMAN_OBSERVATION,iNaturalist,Observations,176839883,Bob Gorcik,COORDINATE_ROUNDED;CONTINENT_DERIVED_FROM_COORDINATES;TAXON_ID_NOT_FOUND
4177113175,50c9509d-22c7-4a22-a47d-8c48425ef4a7,https://www.inaturalist.org/observations/178439382,,Washington,46.245303,-121.52488,,,,2023-08-13T09:19,2023,HUMAN_OBSERVATION,iNaturalist,Observations,178439382,Eric Jain,CONTINENT_DERIVED_FROM_COORDINATES;TAXON_ID_NOT_FOUND
4177039859,50c9509d-22c7-4a22-a47d-8c48425ef4a7,https://www.inaturalist.org/observations/177704780,,Washington,46.792678,-121.72892,4.0,,,2023-08-10T11:26:08,2023,HUMAN_OBSERVATION,iNaturalist,Observations,177704780,Leshell,COORDINATE_ROUNDED;CONTINENT_DERIVED_FROM_COORDINATES;TAXON_ID_NOT_FOUND
4177018600,50c9509d-22c7-4a22-a47d-8c48425ef4a7,https://www.inaturalist.org/observations/177505193,,Washington,46.92638,-121.664441,4606.0,,,2023-08-07T14:28:56,2023,HUMAN_OBSERVATION,iNaturalist,Observations,177505193,eduplant,COORDINATE_ROUNDED;CONTINENT_DERIVED_FROM_COORDINATES;TAXON_ID_NOT_FOUND
4176973059,50c9509d-22c7-4a22-a47d-8c48425ef4a7,https://www.inaturalist.org/observations/177589085,,Washington,48.235113,-120.984592,471.0,,,2023-08-05,2023,HUMAN_OBSERVATION,iNaturalist,Observations,177589085,julegust,COORDINATE_ROUNDED;CONTINENT_DERIVED_FROM_COORDINATES;TAXON_ID_NOT_FOUND
4176947679,50c9509d-22c7-4a22-a47d-8c48425ef4a7,https://www.inaturalist.org/observations/177585806,,Washington,46.792832,-121.730636,75.0,,,2023-08-09T06:28,2023,HUMAN_OBSERVATION,iNaturalist,Observations,177585806,Jen,COORDINATE_ROUNDED;CONTINENT_DERIVED_FROM_COORDINATES;TAXON_ID_NOT_FOUND
4176915742,50c9509d-22c7-4a22-a47d-8c48425ef4a7,https://www.inaturalist.org/observations/176715650,,Washington,46.640269,-121.391883,,,,2023-08-04T15:13:11,2023,HUMAN_OBSERVATION,iNaturalist,Observations,176715650,Lydia,CONTINENT_DERIVED_FROM_COORDINATES;TAXON_ID_NOT_FOUND
4172331675,50c9509d-22c7-4a22-a47d-8c48425ef4a7,https://www.inaturalist.org/observations/177297012,,Washington,46.919465,-121.586275,61.0,,,2023-08-06T08:43,2023,HUMAN_OBSERVATION,iNaturalist,Observations,177297012,Sydney Gerig,COORDINATE_ROUNDED;CONTINENT_DERIVED_FROM_COORDINATES;TAXON_ID_NOT_FOUND
4172293365,50c9509d-22c7-4a22-a47d-8c48425ef4a7,https://www.inaturalist.org/observations/177115453,,Washington,46.91607,-121.685759,130.0,,,2023-08-05T11:25,2023,HUMAN_OBSERVATION,iNaturalist,Observations,177115453,Sydney Gerig,COORDINATE_ROUNDED;CONTINENT_DERIVED_FROM_COORDINATES;TAXON_ID_NOT_FOUND
4172263914,50c9509d-22c7-4a22-a47d-8c48425ef4a7,https://www.inaturalist.org/observations/177245470,,Washington,46.269497,-121.586151,158.0,,,2023-07-15T09:00,2023,HUMAN_OBSERVATION,iNaturalist,Observations,177245470,Dan Rubado,COORDINATE_ROUNDED;CONTINENT_DERIVED_FROM_COORDINATES;TAXON_ID_NOT_FOUND
4172250163,50c9509d-22c7-4a22-a47d-8c48425ef4a7,https://www.inaturalist.org/observations/177396288,,Washington,48.845999,-121.716585,31.0,,,2023-08-04T10:05,2023,HUMAN_OBSERVATION,iNaturalist,Observations,177396288,mickeydylan,COORDINATE_ROUNDED;CONTINENT_DERIVED_FROM_COORDINATES;TAXON_ID_NOT_FOUND
4172243807,50c9509d-22c7-4a22-a47d-8c48425ef4a7,https://www.inaturalist.org/observations/177379352,,Washington,46.792663,-121.728783,3.0,,,2023-08-06T15:01:58,2023,HUMAN_OBSERVATION,iNaturalist,Observations,177379352,Iz,COORDINATE_ROUNDED;CONTINENT_DERIVED_FROM_COORDINATES;TAXON_ID_NOT_FOUND
4172230548,50c9509d-22c7-4a22-a47d-8c48425ef4a7,https://www.inaturalist.org/observations/177122852,,Washington,48.720542,-120.669794,1431.0,,,2023-07-30T19:15,2023,HUMAN_OBSERVATION,iNaturalist,Observations,177122852,Liam Hutcheson,COORDINATE_ROUNDED;CONTINENT_DERIVED_FROM_COORDINATES;TAXON_ID_NOT_FOUND
4172162688,50c9509d-22c7-4a22-a47d-8c48425ef4a7,https://www.inaturalist.org/observations/176778306,,Washington,46.269547,-121.586883,37.0,,,2023-08-01T11:06,2023,HUMAN_OBSERVATION,iNaturalist,Observations,176778306,kcorbtam,COORDINATE_ROUNDED;CONTINENT_DERIVED_FROM_COORDINATES;TAXON_ID_NOT_FOUND
4172147205,50c9509d-22c7-4a22-a47d-8c48425ef4a7,https://www.inaturalist.org/observations/176362863,,Washington,47.459758,-121.369257,50.0,,,2023-07-30,2023,HUMAN_OBSERVATION,iNaturalist,Observations,176362863,song_dog,CONTINENT_DERIVED_FROM_COORDINATES;TAXON_ID_NOT_FOUND
4172132393,50c9509d-22c7-4a22-a47d-8c48425ef4a7,https://www.inaturalist.org/observations/175492286,,Washington,48.080083,-121.466255,,,,2023-07-28T19:06:56,2023,HUMAN_OBSERVATION,iNaturalist,Observations,175492286,Peter Abrahamsen,COORDINATE_ROUNDED;CONTINENT_DERIVED_FROM_COORDINATES;TAXON_ID_NOT_FOUND
4172123932,50c9509d-22c7-4a22-a47d-8c48425ef4a7,https://www.inaturalist.org/observations/176838788,,Washington,48.829107,-121.654881,,,,2023-08-02T12:13,2023,HUMAN_OBSERVATION,iNaturalist,Observations,176838788,Adam Schneider,COORDINATE_ROUNDED;CONTINENT_DERIVED_FROM_COORDINATES;TAXON_ID_NOT_FOUND
4172082947,50c9509d-22c7-4a22-a47d-8c48425ef4a7,https://www.inaturalist.org/observations/176362480,,Washington,47.462019,-121.367269,50.0,,,2023-07-30,2023,HUMAN_OBSERVATION,iNaturalist,Observations,176362480,song_dog,COORDINATE_ROUNDED;CONTINENT_DERIVED_FROM_COORDINATES;TAXON_ID_NOT_FOUND
4172073756,50c9509d-22c7-4a22-a47d-8c48425ef4a7,https://www.inaturalist.org/observations/177286951,,Washington,47.305651,-120.543222,2.0,,,2023-08-05T10:36,2023,HUMAN_OBSERVATION,iNaturalist,Observations,177286951,garrett,COORDINATE_ROUNDED;CONTINENT_DERIVED_FROM_COORDINATES;TAXON_ID_NOT_FOUND
4172021739,50c9509d-22c7-4a22-a47d-8c48425ef4a7,https://www.inaturalist.org/observations/177103052,,Washington,47.722105,-121.064567,3.0,,,2023-08-05T09:16:34,2023,HUMAN_OBSERVATION,iNaturalist,Observations,177103052,jareddodson,COORDINATE_ROUNDED;CONTINENT_DERIVED_FROM_COORDINATES;TAXON_ID_NOT_FOUND
4171988449,50c9509d-22c7-4a22-a47d-8c48425ef4a7,https://www.inaturalist.org/observations/176000051,,Washington,48.519209,-121.598202,112.0,,,2023-07-30T17:16:09,2023,HUMAN_OBSERVATION,iNaturalist,Observations,176000051,jacobtennessen,COORDINATE_ROUNDED;CONTINENT_DERIVED_FROM_COORDINATES;TAXON_ID_NOT_FOUND
4171980525,50c9509d-22c7-4a22-a47d-8c48425ef4a7,https://www.inaturalist.org/observations/176359449,,Washington,47.437267,-121.385181,30.0,,,2023-07-30,2023,HUMAN_OBSERVATION,iNaturalist,Observations,176359449,song_dog,COORDINATE_ROUNDED;CONTINENT_DERIVED_FROM_COORDINATES;TAXON_ID_NOT_FOUND
4171973300,50c9509d-22c7-4a22-a47d-8c48425ef4a7,https://www.inaturalist.org/observations/177122912,,Washington,47.37125,-120.404025,26871.0,,,2023-08-05T10:31,2023,HUMAN_OBSERVATION,iNaturalist,Observations,177122912,Liam Hutcheson,COORDINATE_ROUNDED;CONTINENT_DERIVED_FROM_COORDINATES;TAXON_ID_NOT_FOUND
4171972499,50c9509d-22c7-4a22-a47d-8c48425ef4a7,https://www.inaturalist.org/observations/176046606,,Washington,48.846242,-121.679162,49.0,,,2023-07-31T15:02:26,2023,HUMAN_OBSERVATION,iNaturalist,Observations,176046606,kristinop,COORDINATE_ROUNDED;CONTINENT_DERIVED_FROM_COORDINATES;TAXON_ID_NOT_FOUND
4171926345,50c9509d-22c7-4a22-a47d-8c48425ef4a7,https://www.inaturalist.org/observations/176491247,,Washington,48.847003,-121.691033,48.0,,,2023-07-23T13:16:20,2023,HUMAN_OBSERVATION,iNaturalist,Observations,176491247,adrienne alms,COORDINATE_ROUNDED;CONTINENT_DERIVED_FROM_COORDINATES;TAXON_ID_NOT_FOUND
4171899422,50c9509d-22c7-4a22-a47d-8c48425ef4a7,https://www.inaturalist.org/observations/175085090,,Washington,46.919158,-121.664458,7.0,,,2023-07-25T15:03:48,2023,HUMAN_OBSERVATION,iNaturalist,Observations,175085090,grantkadlec,COORDINATE_ROUNDED;CONTINENT_DERIVED_FROM_COORDINATES;TAXON_ID_NOT_FOUND
4171892814,50c9509d-22c7-4a22-a47d-8c48425ef4a7,https://www.inaturalist.org/observations/176363128,,Washington,47.457378,-121.371092,50.0,,,2023-07-30,2023,HUMAN_OBSERVATION,iNaturalist,Observations,176363128,song_dog,CONTINENT_DERIVED_FROM_COORDINATES;TAXON_ID_NOT_FOUND
4171845167,50c9509d-22c7-4a22-a47d-8c48425ef4a7,https://www.inaturalist.org/observations/176815874,,Washington,47.467959,-121.4555,1207.0,,,2023-08-04T18:42:33,2023,HUMAN_OBSERVATION,iNaturalist,Observations,176815874,jess_scholl,COORDINATE_ROUNDED;CONTINENT_DERIVED_FROM_COORDINATES;TAXON_ID_NOT_FOUND
4171781426,50c9509d-22c7-4a22-a47d-8c48425ef4a7,https://www.inaturalist.org/observations/175878554,,Washington,48.831053,-121.725594,,,,2023-07-30T13:04:46,2023,HUMAN_OBSERVATION,iNaturalist,Observations,175878554,Sally,COORDINATE_ROUNDED;CONTINENT_DERIVED_FROM_COORDINATES;TAXON_ID_NOT_FOUND
4171763512,50c9509d-22c7-4a22-a47d-8c48425ef4a7,https://www.inaturalist.org/observations/177297009,,Washington,46.919465,-121.586275,61.0,,,2023-08-06T08:24,2023,HUMAN_OBSERVATION,iNaturalist,Observations,177297009,Sydney Gerig,COORDINATE_ROUNDED;CONTINENT_DERIVED_FROM_COORDINATES;TAXON_ID_NOT_FOUND
4171699152,50c9509d-22c7-4a22-a47d-8c48425ef4a7,https://www.inaturalist.org/observations/176362997,,Washington,47.459526,-121.369253,50.0,,,2023-07-30,2023,HUMAN_OBSERVATION,iNaturalist,Observations,176362997,song_dog,CONTINENT_DERIVED_FROM_COORDINATES;TAXON_ID_NOT_FOUND
4171668208,50c9509d-22c7-4a22-a47d-8c48425ef4a7,https://www.inaturalist.org/observations/175397584,,Washington,46.75606,-121.735833,4.0,,,2023-07-27T19:03,2023,HUMAN_OBSERVATION,iNaturalist,Observations,175397584,Morgan Stickrod,COORDINATE_ROUNDED;CONTINENT_DERIVED_FROM_COORDINATES;TAXON_ID_NOT_FOUND
4171608480,50c9509d-22c7-4a22-a47d-8c48425ef4a7,https://www.inaturalist.org/observations/176916374,,Washington,46.792054,-121.723423,322.0,,,2023-08-05T12:35:04,2023,HUMAN_OBSERVATION,iNaturalist,Observations,176916374,atpika2,COORDINATE_ROUNDED;CONTINENT_DERIVED_FROM_COORDINATES;TAXON_ID_NOT_FOUND
4171544539,50c9509d-22c7-4a22-a47d-8c48425ef4a7,https://www.inaturalist.org/observations/174968946,,Washington,46.86803,-121.51898,4.0,,,2023-07-25T11:08:54,2023,HUMAN_OBSERVATION,iNaturalist,Observations,174968946,kcmaynard,CONTINENT_DERIVED_FROM_COORDINATES;TAXON_ID_NOT_FOUND
4171541950,50c9509d-22c7-4a22-a47d-8c48425ef4a7,https://www.inaturalist.org/observations/175388119,,Washington,46.919317,-121.661278,4.0,,,2023-07-27T09:52:04,2023,HUMAN_OBSERVATION,iNaturalist,Observations,175388119,lagardilla,COORDINATE_ROUNDED;CONTINENT_DERIVED_FROM_COORDINATES;TAXON_ID_NOT_FOUND
4171514847,50c9509d-22c7-4a22-a47d-8c48425ef4a7,https://www.inaturalist.org/observations/175315113,,Washington,48.850133,-121.721912,61.0,,,2023-07-27T11:01,2023,HUMAN_OBSERVATION,iNaturalist,Observations,175315113,Old Goat,COORDINATE_ROUNDED;CONTINENT_DERIVED_FROM_COORDINATES;TAXON_ID_NOT_FOUND
4171429702,50c9509d-22c7-4a22-a47d-8c48425ef4a7,https://www.inaturalist.org/observations/175808733,,Washington,47.479452,-121.319946,371.0,,,2023-07-27T14:19:44,2023,HUMAN_OBSERVATION,iNaturalist,Observations,175808733,larsonek,COORDINATE_ROUNDED;CONTINENT_DERIVED_FROM_COORDINATES;TAXON_ID_NOT_FOUND
4171394106,50c9509d-22c7-4a22-a47d-8c48425ef4a7,https://www.inaturalist.org/observations/176293737,,Washington,48.824323,-121.728858,,,,2023-07-27T13:37:39,2023,HUMAN_OBSERVATION,iNaturalist,Observations,176293737,Arial Eatherton,COORDINATE_ROUNDED;CONTINENT_DERIVED_FROM_COORDINATES;TAXON_ID_NOT_FOUND
4171324867,50c9509d-22c7-4a22-a47d-8c48425ef4a7,https://www.inaturalist.org/observations/175809199,,Washington,47.479452,-121.319946,371.0,,,2023-07-27T14:19:44,2023,HUMAN_OBSERVATION,iNaturalist,Observations,175809199,larsonek,COORDINATE_ROUNDED;CONTINENT_DERIVED_FROM_COORDINATES;TAXON_ID_NOT_FOUND
4165939537,50c9509d-22c7-4a22-a47d-8c48425ef4a7,https://www.inaturalist.org/observations/174784460,,Washington,48.848355,-121.691987,4.0,,,2023-07-23T13:12,2023,HUMAN_OBSERVATION,iNaturalist,Observations,174784460,Jack Johnson,COORDINATE_ROUNDED;CONTINENT_DERIVED_FROM_COORDINATES;TAXON_ID_NOT_FOUND
4165839616,50c9509d-22c7-4a22-a47d-8c48425ef4a7,https://www.inaturalist.org/observations/174627913,,Washington,46.758265,-121.735326,,,,2023-07-22T18:49,2023,HUMAN_OBSERVATION,iNaturalist,Observations,174627913,Adam Schneider,COORDINATE_ROUNDED;CONTINENT_DERIVED_FROM_COORDINATES;TAXON_ID_NOT_FOUND
4165795860,50c9509d-22c7-4a22-a47d-8c48425ef4a7,https://www.inaturalist.org/observations/174602255,,Washington,48.701297,-120.674356,,,,2023-07-14T14:32,2023,HUMAN_OBSERVATION,iNaturalist,Observations,174602255,David Robichaud,COORDINATE_ROUNDED;CONTINENT_DERIVED_FROM_COORDINATES;TAXON_ID_NOT_FOUND
4165785310,50c9509d-22c7-4a22-a47d-8c48425ef4a7,https://www.inaturalist.org/observations/174352933,,Washington,46.79111,-121.782296,357.0,,,2023-07-22T09:36:57,2023,HUMAN_OBSERVATION,iNaturalist,Observations,174352933,eataie,COORDINATE_ROUNDED;CONTINENT_DERIVED_FROM_COORDINATES;TAXON_ID_NOT_FOUND
4165777035,50c9509d-22c7-4a22-a47d-8c48425ef4a7,https://www.inaturalist.org/observations/174307516,,Washington,48.511206,-120.733902,4.0,,,2023-07-21T12:10,2023,HUMAN_OBSERVATION,iNaturalist,Observations,174307516,Kate Turner,COORDINATE_ROUNDED;CONTINENT_DERIVED_FROM_COORDINATES;TAXON_ID_NOT_FOUND
4165714521,50c9509d-22c7-4a22-a47d-8c48425ef4a7,https://www.inaturalist.org/observations/174352832,,Washington,46.787549,-121.784057,357.0,,,2023-07-22T09:29:06,2023,HUMAN_OBSERVATION,iNaturalist,Observations,174352832,eataie,COORDINATE_ROUNDED;CONTINENT_DERIVED_FROM_COORDINATES;TAXON_ID_NOT_FOUND
4165579281,50c9509d-22c7-4a22-a47d-8c48425ef4a7,https://www.inaturalist.org/observations/174232987,,Washington,46.804696,-121.733062,8.0,,,2023-07-18T16:44,2023,HUMAN_OBSERVATION,iNaturalist,Observations,174232987,Ariel R.,COORDINATE_ROUNDED;CONTINENT_DERIVED_FROM_COORDINATES;TAXON_ID_NOT_FOUND
4165502666,50c9509d-22c7-4a22-a47d-8c48425ef4a7,https://www.inaturalist.org/observations/173981839,,Washington,48.928846,-120.762027,10.0,,,2023-07-17T14:55:24,2023,HUMAN_OBSERVATION,iNaturalist,Observations,173981839,Joan,COORDINATE_ROUNDED;CONTINENT_DERIVED_FROM_COORDINATES;TAXON_ID_NOT_FOUND
4165494828,50c9509d-22c7-4a22-a47d-8c48425ef4a7,https://www.inaturalist.org/observations/173154077,,Washington,47.401713,-121.584412,10.0,,,2023-07-10T10:50:09,2023,HUMAN_OBSERVATION,iNaturalist,Observations,173154077,brentdevitt,COORDINATE_ROUNDED;CONTINENT_DERIVED_FROM_COORDINATES;TAXON_ID_NOT_FOUND
4165485528,50c9509d-22c7-4a22-a47d-8c48425ef4a7,https://www.inaturalist.org/observations/161195460,,Washington,47.787795,-121.415343,,,,2019-08-12T11:45,2019,HUMAN_OBSERVATION,iNaturalist,Observations,161195460,greymstreet,COORDINATE_ROUNDED;CONTINENT_DERIVED_FROM_COORDINATES;TAXON_ID_NOT_FOUND
4165471103,50c9509d-22c7-4a22-a47d-8c48425ef4a7,https://www.inaturalist.org/observations/173712724,,Washington,47.36562,-121.200432,8.0,,,2023-07-18T15:13:55,2023,HUMAN_OBSERVATION,iNaturalist,Observations,173712724,Darren Schack,COORDINATE_ROUNDED;CONTINENT_DERIVED_FROM_COORDINATES;TAXON_ID_NOT_FOUND
4165440184,50c9509d-22c7-4a22-a47d-8c48425ef4a7,https://www.inaturalist.org/observations/174557073,,Washington,48.687121,-119.938176,4.0,,,2023-07-23T11:11:57,2023,HUMAN_OBSERVATION,iNaturalist,Observations,174557073,Eli Loftis,COORDINATE_ROUNDED;CONTINENT_DERIVED_FROM_COORDINATES;TAXON_ID_NOT_FOUND
4162479341,50c9509d-22c7-4a22-a47d-8c48425ef4a7,https://www.inaturalist.org/observations/173260224,,Washington,45.937756,-121.762615,124.0,,,2023-07-13T17:35:37,2023,HUMAN_OBSERVATION,iNaturalist,Observations,173260224,Andrew Mestas,COORDINATE_ROUNDED;CONTINENT_DERIVED_FROM_COORDINATES;TAXON_ID_NOT_FOUND
4162326890,50c9509d-22c7-4a22-a47d-8c48425ef4a7,https://www.inaturalist.org/observations/173118301,,Washington,47.50183,-120.728142,18.0,,,2023-07-14T20:02:17,2023,HUMAN_OBSERVATION,iNaturalist,Observations,173118301,Nicole Miller,COORDINATE_ROUNDED;CONTINENT_DERIVED_FROM_COORDINATES;TAXON_ID_NOT_FOUND
4162274510,50c9509d-22c7-4a22-a47d-8c48425ef4a7,https://www.inaturalist.org/observations/172284839,,Washington,47.128902,-121.478239,61.0,,,2023-06-03T09:03,2023,HUMAN_OBSERVATION,iNaturalist,Observations,172284839,Mike,COORDINATE_ROUNDED;CONTINENT_DERIVED_FROM_COORDINATES;TAXON_ID_NOT_FOUND
4162274055,50c9509d-22c7-4a22-a47d-8c48425ef4a7,https://www.inaturalist.org/observations/172909602,,Washington,47.152549,-121.434518,91.0,,,2023-07-13T18:17,2023,HUMAN_OBSERVATION,iNaturalist,Observations,172909602,Stypnzelda,COORDINATE_ROUNDED;CONTINENT_DERIVED_FROM_COORDINATES;TAXON_ID_NOT_FOUND
4162241749,50c9509d-22c7-4a22-a47d-8c48425ef4a7,https://www.inaturalist.org/observations/173107181,,Washington,46.938544,-121.863373,631.0,,,2021-08-08T11:53,2021,HUMAN_OBSERVATION,iNaturalist,Observations,173107181,Sweet Dreamer,COORDINATE_ROUNDED;CONTINENT_DERIVED_FROM_COORDINATES;TAXON_ID_NOT_FOUND
4162162783,50c9509d-22c7-4a22-a47d-8c48425ef4a7,https://www.inaturalist.org/observations/171250340,,Washington,47.381623,-121.390574,8.0,,,2023-07-02T12:59:30,2023,HUMAN_OBSERVATION,iNaturalist,Observations,171250340,Zach Hawn,COORDINATE_ROUNDED;CONTINENT_DERIVED_FROM_COORDINATES;TAXON_ID_NOT_FOUND
4162074221,50c9509d-22c7-4a22-a47d-8c48425ef4a7,https://www.inaturalist.org/observations/172733597,,Washington,46.694665,-121.110148,140.0,,,2016-06-27T10:26,2016,HUMAN_OBSERVATION,iNaturalist,Observations,172733597,Adrian Johnson,COORDINATE_ROUNDED;CONTINENT_DERIVED_FROM_COORDINATES;TAXON_ID_NOT_FOUND
4153974485,50c9509d-22c7-4a22-a47d-8c48425ef4a7,https://www.inaturalist.org/observations/170889176,,Washington,47.091503,-121.509289,26903.0,,,2023-06-27T15:02,2023,HUMAN_OBSERVATION,iNaturalist,Observations,170889176,Stypnzelda,COORDINATE_ROUNDED;CONTINENT_DERIVED_FROM_COORDINATES;TAXON_ID_NOT_FOUND
4153968023,50c9509d-22c7-4a22-a47d-8c48425ef4a7,https://www.inaturalist.org/observations/171749443,,Washington,46.919236,-121.661296,281.0,,,2023-07-07T14:30,2023,HUMAN_OBSERVATION,iNaturalist,Observations,171749443,wandering_jamie,COORDINATE_ROUNDED;CONTINENT_DERIVED_FROM_COORDINATES;TAXON_ID_NOT_FOUND
4153920172,50c9509d-22c7-4a22-a47d-8c48425ef4a7,https://www.inaturalist.org/observations/171243368,,Washington,47.376328,-121.392483,9.0,,,2023-07-02T13:46:10,2023,HUMAN_OBSERVATION,iNaturalist,Observations,171243368,Zach Hawn,COORDINATE_ROUNDED;CONTINENT_DERIVED_FROM_COORDINATES;TAXON_ID_NOT_FOUND
4153909033,50c9509d-22c7-4a22-a47d-8c48425ef4a7,https://www.inaturalist.org/observations/171243297,,Washington,47.380932,-121.39042,8.0,,,2023-07-02T13:16:43,2023,HUMAN_OBSERVATION,iNaturalist,Observations,171243297,Zach Hawn,COORDINATE_ROUNDED;CONTINENT_DERIVED_FROM_COORDINATES;TAXON_ID_NOT_FOUND
4153891245,50c9509d-22c7-4a22-a47d-8c48425ef4a7,https://www.inaturalist.org/observations/172053855,,Washington,46.791883,-121.781208,41.0,,,2023-07-09T12:53:16,2023,HUMAN_OBSERVATION,iNaturalist,Observations,172053855,o1ive,COORDINATE_ROUNDED;CONTINENT_DERIVED_FROM_COORDINATES;TAXON_ID_NOT_FOUND
4153845905,50c9509d-22c7-4a22-a47d-8c48425ef4a7,https://www.inaturalist.org/observations/172284842,,Washington,47.128902,-121.478239,61.0,,,2023-06-03T09:23,2023,HUMAN_OBSERVATION,iNaturalist,Observations,172284842,Mike,COORDINATE_ROUNDED;CONTINENT_DERIVED_FROM_COORDINATES;TAXON_ID_NOT_FOUND
4153776801,50c9509d-22c7-4a22-a47d-8c48425ef4a7,https://www.inaturalist.org/observations/172284589,,Washington,47.129623,-121.440236,61.0,,,2023-06-07T08:39,2023,HUMAN_OBSERVATION,iNaturalist,Observations,172284589,Mike,COORDINATE_ROUNDED;CONTINENT_DERIVED_FROM_COORDINATES;TAXON_ID_NOT_FOUND
4153642381,50c9509d-22c7-4a22-a47d-8c48425ef4a7,https://www.inaturalist.org/observations/172066901,,Washington,46.791891,-121.781236,63.0,,,2023-07-09T12:54:09,2023,HUMAN_OBSERVATION,iNaturalist,Observations,172066901,o1ive,COORDINATE_ROUNDED;CONTINENT_DERIVED_FROM_COORDINATES;TAXON_ID_NOT_FOUND
4153549386,50c9509d-22c7-4a22-a47d-8c48425ef4a7,https://www.inaturalist.org/observations/172114270,,Washington,46.180002,-121.477986,3289.0,,,2023-07-08T19:42:03,2023,HUMAN_OBSERVATION,iNaturalist,Observations,172114270,Tim Roy,COORDINATE_ROUNDED;CONTINENT_DERIVED_FROM_COORDINATES;TAXON_ID_NOT_FOUND
4153509708,50c9509d-22c7-4a22-a47d-8c48425ef4a7,https://www.inaturalist.org/observations/171502090,,Washington,46.933615,-121.675504,46.0,,,2023-07-06T03:22:32,2023,HUMAN_OBSERVATION,iNaturalist,Observations,171502090,mostlymushroomthings,COORDINATE_ROUNDED;CONTINENT_DERIVED_FROM_COORDINATES;TAXON_ID_NOT_FOUND
4153508267,50c9509d-22c7-4a22-a47d-8c48425ef4a7,https://www.inaturalist.org/observations/172286049,,Washington,46.917446,-121.676093,31.0,,,2023-07-01T11:39,2023,HUMAN_OBSERVATION,iNaturalist,Observations,172286049,Mike,COORDINATE_ROUNDED;CONTINENT_DERIVED_FROM_COORDINATES;TAXON_ID_NOT_FOUND
4145799388,50c9509d-22c7-4a22-a47d-8c48425ef4a7,https://www.inaturalist.org/observations/170787749,,Washington,46.773625,-121.744243,22.0,,,2023-07-02T13:37,2023,HUMAN_OBSERVATION,iNaturalist,Observations,170787749,wandering_jamie,COORDINATE_ROUNDED;CONTINENT_DERIVED_FROM_COORDINATES;TAXON_ID_NOT_FOUND
4145795076,50c9509d-22c7-4a22-a47d-8c48425ef4a7,https://www.inaturalist.org/observations/170589502,,Washington,46.769444,-121.737817,4.0,,,2020-08-16T09:27,2020,HUMAN_OBSERVATION,iNaturalist,Observations,170589502,Peter Abrahamsen,COORDINATE_ROUNDED;CONTINENT_DERIVED_FROM_COORDINATES;TAXON_ID_NOT_FOUND
4145692741,50c9509d-22c7-4a22-a47d-8c48425ef4a7,https://www.inaturalist.org/observations/170386654,,Washington,45.748627,-122.239374,,,,2023-06-30T15:25,2023,HUMAN_OBSERVATION,iNaturalist,Observations,170386654,Adam Schneider,COORDINATE_ROUNDED;CONTINENT_DERIVED_FROM_COORDINATES;TAXON_ID_NOT_FOUND
4138009138,50c9509d-22c7-4a22-a47d-8c48425ef4a7,https://www.inaturalist.org/observations/168414315,,Washington,48.745784,-120.326024,23.0,,,2023-06-19T13:41:41,2023,HUMAN_OBSERVATION,iNaturalist,Observations,168414315,dstathis,COORDINATE_ROUNDED;CONTINENT_DERIVED_FROM_COORDINATES;TAXON_ID_NOT_FOUND
4137960997,50c9509d-22c7-4a22-a47d-8c48425ef4a7,https://www.inaturalist.org/observations/168294521,,Washington,47.445531,-120.928297,4.0,,,2023-06-18T12:35,2023,HUMAN_OBSERVATION,iNaturalist,Observations,168294521,James H. Thomas,COORDINATE_ROUNDED;CONTINENT_DERIVED_FROM_COORDINATES;TAXON_ID_NOT_FOUND
4137812885,50c9509d-22c7-4a22-a47d-8c48425ef4a7,https://www.inaturalist.org/observations/168005823,,Washington,47.558808,-120.849005,5.0,,,2023-06-17T10:54:25,2023,HUMAN_OBSERVATION,iNaturalist,Observations,168005823,kschnipp,COORDINATE_ROUNDED;CONTINENT_DERIVED_FROM_COORDINATES;TAXON_ID_NOT_FOUND
4134207474,50c9509d-22c7-4a22-a47d-8c48425ef4a7,https://www.inaturalist.org/observations/166965976,,Washington,48.512792,-120.664572,,,,2023-06-11T13:59,2023,HUMAN_OBSERVATION,iNaturalist,Observations,166965976,Jefferson Ashby,COORDINATE_ROUNDED;CONTINENT_DERIVED_FROM_COORDINATES;TAXON_ID_NOT_FOUND
4134019921,50c9509d-22c7-4a22-a47d-8c48425ef4a7,https://www.inaturalist.org/observations/166681594,,Washington,47.383912,-121.516312,4.0,,,2023-06-01T17:14,2023,HUMAN_OBSERVATION,iNaturalist,Observations,166681594,Sean Daniels,COORDINATE_ROUNDED;CONTINENT_DERIVED_FROM_COORDINATES;TAXON_ID_NOT_FOUND
4133795988,50c9509d-22c7-4a22-a47d-8c48425ef4a7,https://www.inaturalist.org/observations/166016332,,Washington,46.74707,-121.809983,4.0,,,2023-06-06T12:45:41,2023,HUMAN_OBSERVATION,iNaturalist,Observations,166016332,alisonwotton,COORDINATE_ROUNDED;CONTINENT_DERIVED_FROM_COORDINATES;TAXON_ID_NOT_FOUND
4133719322,50c9509d-22c7-4a22-a47d-8c48425ef4a7,https://www.inaturalist.org/observations/28941303,,Washington,46.914479,-121.642959,,,,2015-08-09T06:34:58,2015,HUMAN_OBSERVATION,iNaturalist,Observations,28941303,Ryan Shaw,CONTINENT_DERIVED_FROM_COORDINATES;TAXON_ID_NOT_FOUND
4130267852,50c9509d-22c7-4a22-a47d-8c48425ef4a7,https://www.inaturalist.org/observations/165932217,,Washington,47.361538,-121.461267,4.0,,,2023-06-04T18:02:57,2023,HUMAN_OBSERVATION,iNaturalist,Observations,165932217,cascadecat,COORDINATE_ROUNDED;CONTINENT_DERIVED_FROM_COORDINATES;TAXON_ID_NOT_FOUND
4129972004,50c9509d-22c7-4a22-a47d-8c48425ef4a7,https://www.inaturalist.org/observations/165008087,,Washington,48.021794,-120.656069,,,,2020-06-12T20:09,2020,HUMAN_OBSERVATION,iNaturalist,Observations,165008087,neilpa,COORDINATE_ROUNDED;CONTINENT_DERIVED_FROM_COORDINATES;TAXON_ID_NOT_FOUND
4127290483,50c9509d-22c7-4a22-a47d-8c48425ef4a7,https://www.inaturalist.org/observations/164286971,,Washington,47.418178,-121.547937,4.0,,,2023-05-28T13:37:09,2023,HUMAN_OBSERVATION,iNaturalist,Observations,164286971,adamdcbchen,COORDINATE_ROUNDED;CONTINENT_DERIVED_FROM_COORDINATES;TAXON_ID_NOT_FOUND
4127245076,50c9509d-22c7-4a22-a47d-8c48425ef4a7,https://www.inaturalist.org/observations/163824469,,Washington,48.718247,-121.128403,4.0,,,2023-05-25T09:21:41,2023,HUMAN_OBSERVATION,iNaturalist,Observations,163824469,Victoria Aguilar,COORDINATE_ROUNDED;CONTINENT_DERIVED_FROM_COORDINATES;TAXON_ID_NOT_FOUND
4116541866,50c9509d-22c7-4a22-a47d-8c48425ef4a7,https://www.inaturalist.org/observations/161020733,,Washington,46.895788,-121.810158,2609.0,,,2014-08-16T19:31,2014,HUMAN_OBSERVATION,iNaturalist,Observations,161020733,Tim Forrester,COORDINATE_ROUNDED;CONTINENT_DERIVED_FROM_COORDINATES;TAXON_ID_NOT_FOUND
4116206751,50c9509d-22c7-4a22-a47d-8c48425ef4a7,https://www.inaturalist.org/observations/161020779,,Washington,46.895788,-121.810158,2609.0,,,2014-08-17T08:38,2014,HUMAN_OBSERVATION,iNaturalist,Observations,161020779,Tim Forrester,COORDINATE_ROUNDED;CONTINENT_DERIVED_FROM_COORDINATES;TAXON_ID_NOT_FOUND
4111993936,50c9509d-22c7-4a22-a47d-8c48425ef4a7,https://www.inaturalist.org/observations/160436485,,Washington,46.732187,-121.884352,26967.0,,,2023-05-01T12:17:32,2023,HUMAN_OBSERVATION,iNaturalist,Observations,160436485,Zach Hawn,COORDINATE_ROUNDED;CONTINENT_DERIVED_FROM_COORDINATES;TAXON_ID_NOT_FOUND
4103044443,50c9509d-22c7-4a22-a47d-8c48425ef4a7,https://www.inaturalist.org/observations/158987812,,Washington,46.775529,-121.906921,26967.0,,,2023-05-01T09:00:19,2023,HUMAN_OBSERVATION,iNaturalist,Observations,158987812,Zach Hawn,COORDINATE_ROUNDED;CONTINENT_DERIVED_FROM_COORDINATES;TAXON_ID_NOT_FOUND
4096395765,50c9509d-22c7-4a22-a47d-8c48425ef4a7,https://www.inaturalist.org/observations/155568093,,Washington,46.79876,-121.726001,8.0,,,2019-08-24T12:18,2019,HUMAN_OBSERVATION,iNaturalist,Observations,155568093,Zach Hawn,COORDINATE_ROUNDED;CONTINENT_DERIVED_FROM_COORDINATES;TAXON_ID_NOT_FOUND
4091678862,50c9509d-22c7-4a22-a47d-8c48425ef4a7,https://www.inaturalist.org/observations/154666128,,Washington,45.632625,-122.02052,7.0,,,2023-04-12T16:07:38,2023,HUMAN_OBSERVATION,iNaturalist,Observations,154666128,Jeff Ward,COORDINATE_ROUNDED;CONTINENT_DERIVED_FROM_COORDINATES;TAXON_ID_NOT_FOUND
4080972786,50c9509d-22c7-4a22-a47d-8c48425ef4a7,https://www.inaturalist.org/observations/153648906,,Washington,47.026738,-121.814637,73.0,,,2022-08-14T14:09:40,2022,HUMAN_OBSERVATION,iNaturalist,Observations,153648906,lygodactylus,COORDINATE_ROUNDED;CONTINENT_DERIVED_FROM_COORDINATES;TAXON_ID_NOT_FOUND
4075763914,50c9509d-22c7-4a22-a47d-8c48425ef4a7,https://www.inaturalist.org/observations/151179363,,Washington,45.632758,-122.020519,8.0,,,2023-03-14T16:54:34,2023,HUMAN_OBSERVATION,iNaturalist,Observations,151179363,Jeff Ward,COORDINATE_ROUNDED;CONTINENT_DERIVED_FROM_COORDINATES;TAXON_ID_NOT_FOUND
4067264837,50c9509d-22c7-4a22-a47d-8c48425ef4a7,https://www.inaturalist.org/observations/151188616,,Washington,46.640138,-121.392058,31.0,,,2019-08-07T20:31,2019,HUMAN_OBSERVATION,iNaturalist,Observations,151188616,Oliver W Patrick,COORDINATE_ROUNDED;CONTINENT_DERIVED_FROM_COORDINATES;TAXON_ID_NOT_FOUND
4067142818,50c9509d-22c7-4a22-a47d-8c48425ef4a7,https://www.inaturalist.org/observations/151188528,,Washington,46.640574,-121.392001,31.0,,,2019-08-08T17:19,2019,HUMAN_OBSERVATION,iNaturalist,Observations,151188528,Oliver W Patrick,COORDINATE_ROUNDED;CONTINENT_DERIVED_FROM_COORDINATES;TAXON_ID_NOT_FOUND
4056734595,8a863029-f435-446a-821e-275f4f641165,https://observation.org/observation/257336103,Mount Rainier Wilderness (WA),Washington State (WA),46.919092,-121.66274,8.0,,,2022-08-10,2022,HUMAN_OBSERVATION,,,,User 875509,
4056570538,8a863029-f435-446a-821e-275f4f641165,https://observation.org/observation/253027904,Whatcom (WA),Washington State (WA),48.859047,-121.700607,3.0,,,2022-08-15,2022,HUMAN_OBSERVATION,,,,User 40127,
4029185865,50c9509d-22c7-4a22-a47d-8c48425ef4a7,https://www.inaturalist.org/observations/147586612,,Washington,48.511366,-120.776631,4.0,,,2022-10-10T10:43:06,2022,HUMAN_OBSERVATION,iNaturalist,Observations,147586612,jackson200,COORDINATE_ROUNDED;CONTINENT_DERIVED_FROM_COORDINATES;TAXON_ID_NOT_FOUND
4028880438,50c9509d-22c7-4a22-a47d-8c48425ef4a7,https://www.inaturalist.org/observations/147586604,,Washington,48.511073,-120.745941,4.0,,,2022-10-10T08:21:35,2022,HUMAN_OBSERVATION,iNaturalist,Observations,147586604,jackson200,COORDINATE_ROUNDED;CONTINENT_DERIVED_FROM_COORDINATES;TAXON_ID_NOT_FOUND
4028713427,50c9509d-22c7-4a22-a47d-8c48425ef4a7,https://www.inaturalist.org/observations/102370757,,Washington,47.435672,-121.399575,5.0,,,2019-09-28T12:39,2019,HUMAN_OBSERVATION,iNaturalist,Observations,102370757,jamie axall,COORDINATE_ROUNDED;CONTINENT_DERIVED_FROM_COORDINATES;TAXON_ID_NOT_FOUND
4028661569,50c9509d-22c7-4a22-a47d-8c48425ef4a7,https://www.inaturalist.org/observations/100857088,,Washington,47.569113,-121.16283,21477.0,,,2021-11-11T07:47:08,2021,HUMAN_OBSERVATION,iNaturalist,Observations,100857088,jamie axall,COORDINATE_ROUNDED;CONTINENT_DERIVED_FROM_COORDINATES;TAXON_ID_NOT_FOUND
4028621609,50c9509d-22c7-4a22-a47d-8c48425ef4a7,https://www.inaturalist.org/observations/102737716,,Washington,47.451802,-121.378718,181.0,,,2015-07-11T14:49,2015,HUMAN_OBSERVATION,iNaturalist,Observations,102737716,jamie axall,COORDINATE_ROUNDED;CONTINENT_DERIVED_FROM_COORDINATES;TAXON_ID_NOT_FOUND
4021988525,50c9509d-22c7-4a22-a47d-8c48425ef4a7,https://www.inaturalist.org/observations/146906065,,Washington,48.470193,-121.060097,,,,2022-08-19T14:23,2022,HUMAN_OBSERVATION,iNaturalist,Observations,146906065,bamato1234,COORDINATE_ROUNDED;CONTINENT_DERIVED_FROM_COORDINATES;TAXON_ID_NOT_FOUND
4018614382,50c9509d-22c7-4a22-a47d-8c48425ef4a7,https://www.inaturalist.org/observations/146695466,,Washington,47.063422,-121.59479,31.0,,,2020-05-01T09:41,2020,HUMAN_OBSERVATION,iNaturalist,Observations,146695466,willbrooks,COORDINATE_ROUNDED;CONTINENT_DERIVED_FROM_COORDINATES;TAXON_ID_NOT_FOUND
4018392346,50c9509d-22c7-4a22-a47d-8c48425ef4a7,https://www.inaturalist.org/observations/146640153,,Washington,46.918617,-121.664771,61.0,,,2018-07-21T08:27,2018,HUMAN_OBSERVATION,iNaturalist,Observations,146640153,willbrooks,COORDINATE_ROUNDED;CONTINENT_DERIVED_FROM_COORDINATES;TAXON_ID_NOT_FOUND
4018300148,50c9509d-22c7-4a22-a47d-8c48425ef4a7,https://www.inaturalist.org/observations/146540407,,Washington,46.918858,-121.663392,122.0,,,2018-09-28T10:27,2018,HUMAN_OBSERVATION,iNaturalist,Observations,146540407,willbrooks,COORDINATE_ROUNDED;CONTINENT_DERIVED_FROM_COORDINATES;TAXON_ID_NOT_FOUND
4018189934,50c9509d-22c7-4a22-a47d-8c48425ef4a7,https://www.inaturalist.org/observations/146386042,,Washington,46.917512,-121.587608,4.0,,,2022-08-16T17:38:37,2022,HUMAN_OBSERVATION,iNaturalist,Observations,146386042,Julian Missig,COORDINATE_ROUNDED;CONTINENT_DERIVED_FROM_COORDINATES;TAXON_ID_NOT_FOUND
4014955336,50c9509d-22c7-4a22-a47d-8c48425ef4a7,https://www.inaturalist.org/observations/29643990,,Washington,46.754457,-121.700145,16.0,,,2019-07-26T10:52:45,2019,HUMAN_OBSERVATION,iNaturalist,Observations,29643990,Leshell,COORDINATE_ROUNDED;CONTINENT_DERIVED_FROM_COORDINATES;TAXON_ID_NOT_FOUND
4014948336,50c9509d-22c7-4a22-a47d-8c48425ef4a7,https://www.inaturalist.org/observations/28830306,,Washington,46.757982,-121.735267,,,,2019-07-13T12:21,2019,HUMAN_OBSERVATION,iNaturalist,Observations,28830306,Eric Jain,COORDINATE_ROUNDED;CONTINENT_DERIVED_FROM_COORDINATES;TAXON_ID_NOT_FOUND
4011853210,50c9509d-22c7-4a22-a47d-8c48425ef4a7,https://www.inaturalist.org/observations/145619973,,Washington,47.457607,-121.415342,6.0,,,2022-08-07T08:18:46,2022,HUMAN_OBSERVATION,iNaturalist,Observations,145619973,Dave Slager,COORDINATE_ROUNDED;CONTINENT_DERIVED_FROM_COORDINATES;TAXON_ID_NOT_FOUND
4011711690,50c9509d-22c7-4a22-a47d-8c48425ef4a7,https://www.inaturalist.org/observations/145233394,,Washington,47.368921,-121.472682,67.0,,,2021-08-29T15:37,2021,HUMAN_OBSERVATION,iNaturalist,Observations,145233394,ianfreeperson,COORDINATE_ROUNDED;CONTINENT_DERIVED_FROM_COORDINATES;TAXON_ID_NOT_FOUND
3996203344,8a863029-f435-446a-821e-275f4f641165,https://observation.org/observation/255198662,Ross Lake National Recreation Area (WA),Washington State (WA),48.67982,-121.08423,32.0,,,2022-09-04,2022,HUMAN_OBSERVATION,,,,User 166879,
3995165914,8a863029-f435-446a-821e-275f4f641165,https://observation.org/observation/176608747,Mount Rainier Wilderness (WA),Washington State (WA),46.766125,-121.698822,25.0,,,2019-07-19,2019,HUMAN_OBSERVATION,,,,User 73532,
3986307949,50c9509d-22c7-4a22-a47d-8c48425ef4a7,https://www.inaturalist.org/observations/142848889,,Washington,48.845625,-121.715321,61.0,,,2022-08-04T15:51,2022,HUMAN_OBSERVATION,iNaturalist,Observations,142848889,jefferykarafa,COORDINATE_ROUNDED;CONTINENT_DERIVED_FROM_COORDINATES;TAXON_ID_NOT_FOUND
3966380525,50c9509d-22c7-4a22-a47d-8c48425ef4a7,https://www.inaturalist.org/observations/136523250,,Washington,48.511281,-120.641053,12.0,,,2022-09-06T15:22,2022,HUMAN_OBSERVATION,iNaturalist,Observations,136523250,Matt Berger,COORDINATE_ROUNDED;CONTINENT_DERIVED_FROM_COORDINATES;TAXON_ID_NOT_FOUND
3961475702,50c9509d-22c7-4a22-a47d-8c48425ef4a7,https://www.inaturalist.org/observations/139034284,,Washington,46.902572,-121.500129,,,,2022-10-15T12:58,2022,HUMAN_OBSERVATION,iNaturalist,Observations,139034284,Eric Jain,CONTINENT_DERIVED_FROM_COORDINATES;TAXON_ID_NOT_FOUND
3961349639,50c9509d-22c7-4a22-a47d-8c48425ef4a7,https://www.inaturalist.org/observations/138906315,,Washington,46.795783,-121.712608,4.0,,,2022-10-15T13:20:31,2022,HUMAN_OBSERVATION,iNaturalist,Observations,138906315,Eli Loftis,COORDINATE_ROUNDED;CONTINENT_DERIVED_FROM_COORDINATES;TAXON_ID_NOT_FOUND
3961044410,50c9509d-22c7-4a22-a47d-8c48425ef4a7,https://www.inaturalist.org/observations/140616871,,Washington,46.919128,-121.663987,8.0,,,2022-08-02T08:35,2022,HUMAN_OBSERVATION,iNaturalist,Observations,140616871,Zach Hawn,COORDINATE_ROUNDED;CONTINENT_DERIVED_FROM_COORDINATES;TAXON_ID_NOT_FOUND
3947744387,50c9509d-22c7-4a22-a47d-8c48425ef4a7,https://www.inaturalist.org/observations/138687102,,Washington,47.468836,-120.938928,178.0,,,2022-10-13T10:48:12,2022,HUMAN_OBSERVATION,iNaturalist,Observations,138687102,dbond,COORDINATE_ROUNDED;CONTINENT_DERIVED_FROM_COORDINATES;TAXON_ID_NOT_FOUND
3947726882,50c9509d-22c7-4a22-a47d-8c48425ef4a7,https://www.inaturalist.org/observations/139160203,,Washington,46.919134,-121.662119,15.0,,,2022-08-10T20:32,2022,HUMAN_OBSERVATION,iNaturalist,Observations,139160203,Antonio Rodriguez Sinovas,COORDINATE_ROUNDED;CONTINENT_DERIVED_FROM_COORDINATES;TAXON_ID_NOT_FOUND
3947662144,50c9509d-22c7-4a22-a47d-8c48425ef4a7,https://www.inaturalist.org/observations/138530238,,Washington,47.455822,-121.44033,212.0,,,2022-10-09T08:21:28,2022,HUMAN_OBSERVATION,iNaturalist,Observations,138530238,dbond,COORDINATE_ROUNDED;CONTINENT_DERIVED_FROM_COORDINATES;TAXON_ID_NOT_FOUND
3947567794,50c9509d-22c7-4a22-a47d-8c48425ef4a7,https://www.inaturalist.org/observations/139034288,,Washington,46.904211,-121.498259,,,,2022-10-15T13:03,2022,HUMAN_OBSERVATION,iNaturalist,Observations,139034288,Eric Jain,CONTINENT_DERIVED_FROM_COORDINATES;TAXON_ID_NOT_FOUND
3947437870,50c9509d-22c7-4a22-a47d-8c48425ef4a7,https://www.inaturalist.org/observations/140001384,,Washington,46.879418,-121.72691,38159.0,,,2022-09-24T17:06:24,2022,HUMAN_OBSERVATION,iNaturalist,Observations,140001384,faeezsadek,COORDINATE_ROUNDED;CONTINENT_DERIVED_FROM_COORDINATES;TAXON_ID_NOT_FOUND
3947287435,50c9509d-22c7-4a22-a47d-8c48425ef4a7,https://www.inaturalist.org/observations/138802648,,Washington,48.513143,-120.671568,786.0,,,2022-10-09T13:59,2022,HUMAN_OBSERVATION,iNaturalist,Observations,138802648,Sydney Gerig,COORDINATE_ROUNDED;CONTINENT_DERIVED_FROM_COORDINATES;TAXON_ID_NOT_FOUND
3947283675,50c9509d-22c7-4a22-a47d-8c48425ef4a7,https://www.inaturalist.org/observations/139034282,,Washington,46.902858,-121.500723,,,,2022-10-15T12:49,2022,HUMAN_OBSERVATION,iNaturalist,Observations,139034282,Eric Jain,CONTINENT_DERIVED_FROM_COORDINATES;TAXON_ID_NOT_FOUND
3947273132,50c9509d-22c7-4a22-a47d-8c48425ef4a7,https://www.inaturalist.org/observations/138530455,,Washington,47.453911,-121.437111,164.0,,,2022-10-09T10:30:59,2022,HUMAN_OBSERVATION,iNaturalist,Observations,138530455,dbond,COORDINATE_ROUNDED;CONTINENT_DERIVED_FROM_COORDINATES;TAXON_ID_NOT_FOUND
3925496398,50c9509d-22c7-4a22-a47d-8c48425ef4a7,https://www.inaturalist.org/observations/138214431,,Washington,47.457182,-121.456242,5.0,,,2022-10-02T07:24,2022,HUMAN_OBSERVATION,iNaturalist,Observations,138214431,John Soltys,COORDINATE_ROUNDED;CONTINENT_DERIVED_FROM_COORDINATES;TAXON_ID_NOT_FOUND
3925449605,50c9509d-22c7-4a22-a47d-8c48425ef4a7,https://www.inaturalist.org/observations/133697000,,Washington,46.758072,-121.735305,20.0,,,2022-09-04T11:42:54,2022,HUMAN_OBSERVATION,iNaturalist,Observations,133697000,kbcasa,COORDINATE_ROUNDED;CONTINENT_DERIVED_FROM_COORDINATES;TAXON_ID_NOT_FOUND
3925435408,50c9509d-22c7-4a22-a47d-8c48425ef4a7,https://www.inaturalist.org/observations/138219628,,Washington,47.294451,-120.403005,4.0,,,2022-10-09T17:42:32,2022,HUMAN_OBSERVATION,iNaturalist,Observations,138219628,Tiffa Theden,COORDINATE_ROUNDED;CONTINENT_DERIVED_FROM_COORDINATES;TAXON_ID_NOT_FOUND
3925347435,50c9509d-22c7-4a22-a47d-8c48425ef4a7,https://www.inaturalist.org/observations/138214426,,Washington,47.45764,-121.45112,4.0,,,2022-10-02T06:33,2022,HUMAN_OBSERVATION,iNaturalist,Observations,138214426,John Soltys,CONTINENT_DERIVED_FROM_COORDINATES;TAXON_ID_NOT_FOUND
3925288621,50c9509d-22c7-4a22-a47d-8c48425ef4a7,https://www.inaturalist.org/observations/138354410,,Washington,46.769668,-121.73656,8.0,,,2022-06-16T16:26,2022,HUMAN_OBSERVATION,iNaturalist,Observations,138354410,Zach Hawn,COORDINATE_ROUNDED;CONTINENT_DERIVED_FROM_COORDINATES;TAXON_ID_NOT_FOUND
3925285462,50c9509d-22c7-4a22-a47d-8c48425ef4a7,https://www.inaturalist.org/observations/138214428,,Washington,47.46019,-121.45702,5.0,,,2022-10-02T06:45,2022,HUMAN_OBSERVATION,iNaturalist,Observations,138214428,John Soltys,CONTINENT_DERIVED_FROM_COORDINATES;TAXON_ID_NOT_FOUND
3925256480,50c9509d-22c7-4a22-a47d-8c48425ef4a7,https://www.inaturalist.org/observations/138214427,,Washington,47.45695,-121.45564,5.0,,,2022-10-02T06:45,2022,HUMAN_OBSERVATION,iNaturalist,Observations,138214427,John Soltys,CONTINENT_DERIVED_FROM_COORDINATES;TAXON_ID_NOT_FOUND
3925226464,50c9509d-22c7-4a22-a47d-8c48425ef4a7,https://www.inaturalist.org/observations/138214430,,Washington,47.4601,-121.45733,5.0,,,2022-10-02T06:48,2022,HUMAN_OBSERVATION,iNaturalist,Observations,138214430,John Soltys,CONTINENT_DERIVED_FROM_COORDINATES;TAXON_ID_NOT_FOUND
3925129835,50c9509d-22c7-4a22-a47d-8c48425ef4a7,https://www.inaturalist.org/observations/137639330,,Washington,46.912097,-121.677829,15.0,,,2022-09-21T13:29,2022,HUMAN_OBSERVATION,iNaturalist,Observations,137639330,Zach Hawn,COORDINATE_ROUNDED;CONTINENT_DERIVED_FROM_COORDINATES;TAXON_ID_NOT_FOUND
3925120803,50c9509d-22c7-4a22-a47d-8c48425ef4a7,https://www.inaturalist.org/observations/137609699,,Washington,46.792693,-121.728972,22.0,,,2022-10-03T17:07:23,2022,HUMAN_OBSERVATION,iNaturalist,Observations,137609699,bobstafford805,COORDINATE_ROUNDED;CONTINENT_DERIVED_FROM_COORDINATES;TAXON_ID_NOT_FOUND
3925093706,50c9509d-22c7-4a22-a47d-8c48425ef4a7,https://www.inaturalist.org/observations/137242394,,Washington,48.50658,-120.673272,6.0,,,2022-09-30T14:50:36,2022,HUMAN_OBSERVATION,iNaturalist,Observations,137242394,Creature_Librarian,COORDINATE_ROUNDED;CONTINENT_DERIVED_FROM_COORDINATES;TAXON_ID_NOT_FOUND
3925073857,50c9509d-22c7-4a22-a47d-8c48425ef4a7,https://www.inaturalist.org/observations/137639331,,Washington,46.908472,-121.659832,2.0,,,2022-09-21T15:54,2022,HUMAN_OBSERVATION,iNaturalist,Observations,137639331,Zach Hawn,COORDINATE_ROUNDED;CONTINENT_DERIVED_FROM_COORDINATES;TAXON_ID_NOT_FOUND
3925012714,50c9509d-22c7-4a22-a47d-8c48425ef4a7,https://www.inaturalist.org/observations/137110071,,Washington,47.477371,-120.811452,4.0,,,2022-09-30T10:19:29,2022,HUMAN_OBSERVATION,iNaturalist,Observations,137110071,jackson200,COORDINATE_ROUNDED;CONTINENT_DERIVED_FROM_COORDINATES;TAXON_ID_NOT_FOUND
3925003002,50c9509d-22c7-4a22-a47d-8c48425ef4a7,https://www.inaturalist.org/observations/137751279,,Washington,46.75568,-121.698094,61.0,,,2022-10-05T16:40:44,2022,HUMAN_OBSERVATION,iNaturalist,Observations,137751279,bobstafford805,COORDINATE_ROUNDED;CONTINENT_DERIVED_FROM_COORDINATES;TAXON_ID_NOT_FOUND
3923737619,50c9509d-22c7-4a22-a47d-8c48425ef4a7,https://www.inaturalist.org/observations/137492084,,Washington,47.467245,-121.44808,4.0,,,2022-10-02T09:40:38,2022,HUMAN_OBSERVATION,iNaturalist,Observations,137492084,jackson200,COORDINATE_ROUNDED;CONTINENT_DERIVED_FROM_COORDINATES;TAXON_ID_NOT_FOUND
3923644757,50c9509d-22c7-4a22-a47d-8c48425ef4a7,https://www.inaturalist.org/observations/136746529,,Washington,48.851525,-121.685662,3.0,,,2022-09-26T08:56:29,2022,HUMAN_OBSERVATION,iNaturalist,Observations,136746529,discogirl,COORDINATE_ROUNDED;CONTINENT_DERIVED_FROM_COORDINATES;TAXON_ID_NOT_FOUND
3923539893,50c9509d-22c7-4a22-a47d-8c48425ef4a7,https://www.inaturalist.org/observations/136875466,,Washington,46.756344,-121.701344,,,,2022-09-28T15:43,2022,HUMAN_OBSERVATION,iNaturalist,Observations,136875466,Robby Holmes,COORDINATE_ROUNDED;CONTINENT_DERIVED_FROM_COORDINATES;TAXON_ID_NOT_FOUND
3923519893,50c9509d-22c7-4a22-a47d-8c48425ef4a7,https://www.inaturalist.org/observations/136854887,,Washington,47.457587,-121.443365,861.0,,,2022-09-27T14:06,2022,HUMAN_OBSERVATION,iNaturalist,Observations,136854887,sprcrkwild,COORDINATE_ROUNDED;CONTINENT_DERIVED_FROM_COORDINATES;TAXON_ID_NOT_FOUND
3923392179,50c9509d-22c7-4a22-a47d-8c48425ef4a7,https://www.inaturalist.org/observations/137109969,,Washington,47.410602,-121.342278,4.0,,,2022-09-24T11:43:17,2022,HUMAN_OBSERVATION,iNaturalist,Observations,137109969,jackson200,COORDINATE_ROUNDED;CONTINENT_DERIVED_FROM_COORDINATES;TAXON_ID_NOT_FOUND
3923248604,50c9509d-22c7-4a22-a47d-8c48425ef4a7,https://www.inaturalist.org/observations/137492076,,Washington,47.50049,-120.72949,4.0,,,2022-09-30T15:44:43,2022,HUMAN_OBSERVATION,iNaturalist,Observations,137492076,jackson200,COORDINATE_ROUNDED;CONTINENT_DERIVED_FROM_COORDINATES;TAXON_ID_NOT_FOUND
3915572970,50c9509d-22c7-4a22-a47d-8c48425ef4a7,https://www.inaturalist.org/observations/136439799,,Washington,48.511769,-120.646631,5.0,,,2022-09-03T11:17,2022,HUMAN_OBSERVATION,iNaturalist,Observations,136439799,Matt Berger,COORDINATE_ROUNDED;CONTINENT_DERIVED_FROM_COORDINATES;TAXON_ID_NOT_FOUND
3915488928,50c9509d-22c7-4a22-a47d-8c48425ef4a7,https://www.inaturalist.org/observations/136359182,,Washington,47.44816,-121.45028,1.0,,,2022-09-24T09:56,2022,HUMAN_OBSERVATION,iNaturalist,Observations,136359182,John Soltys,CONTINENT_DERIVED_FROM_COORDINATES;TAXON_ID_NOT_FOUND
3915382984,50c9509d-22c7-4a22-a47d-8c48425ef4a7,https://www.inaturalist.org/observations/135978573,,Washington,46.773052,-121.693349,1953.0,,,2022-09-13T15:14,2022,HUMAN_OBSERVATION,iNaturalist,Observations,135978573,Ronald W Smith,COORDINATE_ROUNDED;CONTINENT_DERIVED_FROM_COORDINATES;TAXON_ID_NOT_FOUND
3915341037,50c9509d-22c7-4a22-a47d-8c48425ef4a7,https://www.inaturalist.org/observations/136359183,,Washington,47.44861,-121.453,10.0,,,2022-09-24T10:15,2022,HUMAN_OBSERVATION,iNaturalist,Observations,136359183,John Soltys,CONTINENT_DERIVED_FROM_COORDINATES;TAXON_ID_NOT_FOUND
3912434487,50c9509d-22c7-4a22-a47d-8c48425ef4a7,https://www.inaturalist.org/observations/135732108,,Washington,48.66922,-121.602745,19.0,,,2011-08-20T15:56,2011,HUMAN_OBSERVATION,iNaturalist,Observations,135732108,Laurel J. Ramseyer,COORDINATE_ROUNDED;CONTINENT_DERIVED_FROM_COORDINATES;TAXON_ID_NOT_FOUND
3912433899,50c9509d-22c7-4a22-a47d-8c48425ef4a7,https://www.inaturalist.org/observations/135602619,,Washington,47.610456,-121.135921,2474.0,,,2022-09-08T18:20,2022,HUMAN_OBSERVATION,iNaturalist,Observations,135602619,allneonlike,COORDINATE_ROUNDED;CONTINENT_DERIVED_FROM_COORDINATES;TAXON_ID_NOT_FOUND
3912378229,50c9509d-22c7-4a22-a47d-8c48425ef4a7,https://www.inaturalist.org/observations/135747456,,Washington,47.464235,-121.353436,1466.0,,,2022-09-04T11:50,2022,HUMAN_OBSERVATION,iNaturalist,Observations,135747456,allneonlike,COORDINATE_ROUNDED;CONTINENT_DERIVED_FROM_COORDINATES;TAXON_ID_NOT_FOUND
3912290920,50c9509d-22c7-4a22-a47d-8c48425ef4a7,https://www.inaturalist.org/observations/135594618,,Washington,48.089458,-121.449929,,,,2022-09-17T13:33,2022,HUMAN_OBSERVATION,iNaturalist,Observations,135594618,Eric Jain,CONTINENT_DERIVED_FROM_COORDINATES;TAXON_ID_NOT_FOUND
3912277281,50c9509d-22c7-4a22-a47d-8c48425ef4a7,https://www.inaturalist.org/observations/135542168,,Washington,47.42881,-121.33087,10.0,,,2022-09-17T08:16,2022,HUMAN_OBSERVATION,iNaturalist,Observations,135542168,John Soltys,CONTINENT_DERIVED_FROM_COORDINATES;TAXON_ID_NOT_FOUND
3912272446,50c9509d-22c7-4a22-a47d-8c48425ef4a7,https://www.inaturalist.org/observations/135542171,,Washington,47.43339,-121.32806,10.0,,,2022-09-17T08:31,2022,HUMAN_OBSERVATION,iNaturalist,Observations,135542171,John Soltys,CONTINENT_DERIVED_FROM_COORDINATES;TAXON_ID_NOT_FOUND
3912265674,50c9509d-22c7-4a22-a47d-8c48425ef4a7,https://www.inaturalist.org/observations/135606731,,Washington,47.869694,-120.824796,122.0,,,2022-09-05T14:08,2022,HUMAN_OBSERVATION,iNaturalist,Observations,135606731,Dave Drum,COORDINATE_ROUNDED;CONTINENT_DERIVED_FROM_COORDINATES;TAXON_ID_NOT_FOUND
3912228298,50c9509d-22c7-4a22-a47d-8c48425ef4a7,https://www.inaturalist.org/observations/135542169,,Washington,47.43318,-121.32814,10.0,,,2022-09-17T08:28,2022,HUMAN_OBSERVATION,iNaturalist,Observations,135542169,John Soltys,CONTINENT_DERIVED_FROM_COORDINATES;TAXON_ID_NOT_FOUND
3912195164,50c9509d-22c7-4a22-a47d-8c48425ef4a7,https://www.inaturalist.org/observations/134956457,,Washington,47.439255,-121.397001,1970.0,,,2022-09-03T16:37,2022,HUMAN_OBSERVATION,iNaturalist,Observations,134956457,allneonlike,COORDINATE_ROUNDED;CONTINENT_DERIVED_FROM_COORDINATES;TAXON_ID_NOT_FOUND
3912188692,50c9509d-22c7-4a22-a47d-8c48425ef4a7,https://www.inaturalist.org/observations/135248237,,Washington,48.509266,-120.758261,115.0,,,2022-08-21T10:46,2022,HUMAN_OBSERVATION,iNaturalist,Observations,135248237,Ariel R.,COORDINATE_ROUNDED;CONTINENT_DERIVED_FROM_COORDINATES;TAXON_ID_NOT_FOUND
3912164080,50c9509d-22c7-4a22-a47d-8c48425ef4a7,https://www.inaturalist.org/observations/134955653,,Washington,47.464468,-121.350109,1756.0,,,2022-09-04T11:41,2022,HUMAN_OBSERVATION,iNaturalist,Observations,134955653,allneonlike,COORDINATE_ROUNDED;CONTINENT_DERIVED_FROM_COORDINATES;TAXON_ID_NOT_FOUND
3912163105,50c9509d-22c7-4a22-a47d-8c48425ef4a7,https://www.inaturalist.org/observations/134955512,,Washington,47.470028,-121.342226,2389.0,,,2022-09-04T11:52,2022,HUMAN_OBSERVATION,iNaturalist,Observations,134955512,allneonlike,COORDINATE_ROUNDED;CONTINENT_DERIVED_FROM_COORDINATES;TAXON_ID_NOT_FOUND
3912078011,50c9509d-22c7-4a22-a47d-8c48425ef4a7,https://www.inaturalist.org/observations/134956653,,Washington,47.437388,-121.385508,2448.0,,,2022-09-03T16:50,2022,HUMAN_OBSERVATION,iNaturalist,Observations,134956653,allneonlike,COORDINATE_ROUNDED;CONTINENT_DERIVED_FROM_COORDINATES;TAXON_ID_NOT_FOUND
3903531585,50c9509d-22c7-4a22-a47d-8c48425ef4a7,https://www.inaturalist.org/observations/134236512,,Washington,46.640627,-121.392068,,,,2022-09-07T16:14,2022,HUMAN_OBSERVATION,iNaturalist,Observations,134236512,Patricia Teague,COORDINATE_ROUNDED;CONTINENT_DERIVED_FROM_COORDINATES;TAXON_ID_NOT_FOUND
3903461873,50c9509d-22c7-4a22-a47d-8c48425ef4a7,https://www.inaturalist.org/observations/134599385,,Washington,46.933913,-121.675567,22.0,,,2022-08-01T13:13:29,2022,HUMAN_OBSERVATION,iNaturalist,Observations,134599385,fresc0,COORDINATE_ROUNDED;CONTINENT_DERIVED_FROM_COORDINATES;TAXON_ID_NOT_FOUND
3903437663,50c9509d-22c7-4a22-a47d-8c48425ef4a7,https://www.inaturalist.org/observations/132620795,,Washington,47.397619,-121.440063,,,,2022-08-27T15:33,2022,HUMAN_OBSERVATION,iNaturalist,Observations,132620795,Christopher J. Earle,COORDINATE_ROUNDED;CONTINENT_DERIVED_FROM_COORDINATES;TAXON_ID_NOT_FOUND
3903391265,50c9509d-22c7-4a22-a47d-8c48425ef4a7,https://www.inaturalist.org/observations/133861321,,Washington,47.752158,-121.139429,12112.0,,,2022-09-05T11:18:09,2022,HUMAN_OBSERVATION,iNaturalist,Observations,133861321,jross1976,COORDINATE_ROUNDED;CONTINENT_DERIVED_FROM_COORDINATES;TAXON_ID_NOT_FOUND
3903383641,50c9509d-22c7-4a22-a47d-8c48425ef4a7,https://www.inaturalist.org/observations/134265622,,Washington,47.459797,-121.396424,,,,2022-09-08T12:40,2022,HUMAN_OBSERVATION,iNaturalist,Observations,134265622,Eric Jain,CONTINENT_DERIVED_FROM_COORDINATES;TAXON_ID_NOT_FOUND
3903322617,50c9509d-22c7-4a22-a47d-8c48425ef4a7,https://www.inaturalist.org/observations/134265537,,Washington,47.43641,-121.399206,,,,2022-09-08T14:32,2022,HUMAN_OBSERVATION,iNaturalist,Observations,134265537,Eric Jain,CONTINENT_DERIVED_FROM_COORDINATES;TAXON_ID_NOT_FOUND
3903301603,50c9509d-22c7-4a22-a47d-8c48425ef4a7,https://www.inaturalist.org/observations/131680680,,Washington,46.855642,-121.644822,4.0,,,2022-08-20T09:34:45,2022,HUMAN_OBSERVATION,iNaturalist,Observations,131680680,jareddodson,COORDINATE_ROUNDED;CONTINENT_DERIVED_FROM_COORDINATES;TAXON_ID_NOT_FOUND
3903246533,50c9509d-22c7-4a22-a47d-8c48425ef4a7,https://www.inaturalist.org/observations/133027510,,Washington,46.927211,-121.68736,10.0,,,2022-08-27T09:38,2022,HUMAN_OBSERVATION,iNaturalist,Observations,133027510,Pierce Louderback,COORDINATE_ROUNDED;CONTINENT_DERIVED_FROM_COORDINATES;TAXON_ID_NOT_FOUND
3903242301,50c9509d-22c7-4a22-a47d-8c48425ef4a7,https://www.inaturalist.org/observations/131840121,,Washington,47.35261,-121.45417,8.0,,,2022-08-21T08:58,2022,HUMAN_OBSERVATION,iNaturalist,Observations,131840121,John Soltys,CONTINENT_DERIVED_FROM_COORDINATES;TAXON_ID_NOT_FOUND
3903144383,50c9509d-22c7-4a22-a47d-8c48425ef4a7,https://www.inaturalist.org/observations/133014007,,Washington,47.467837,-121.455753,61.0,,,2021-09-04T14:55,2021,HUMAN_OBSERVATION,iNaturalist,Observations,133014007,pattabi,COORDINATE_ROUNDED;CONTINENT_DERIVED_FROM_COORDINATES;TAXON_ID_NOT_FOUND
3903124683,50c9509d-22c7-4a22-a47d-8c48425ef4a7,https://www.inaturalist.org/observations/133014006,,Washington,47.467315,-121.455495,61.0,,,2021-09-04T14:04,2021,HUMAN_OBSERVATION,iNaturalist,Observations,133014006,pattabi,COORDINATE_ROUNDED;CONTINENT_DERIVED_FROM_COORDINATES;TAXON_ID_NOT_FOUND
3903119023,50c9509d-22c7-4a22-a47d-8c48425ef4a7,https://www.inaturalist.org/observations/134326508,,Washington,48.06202,-121.765661,,,,2022-09-06T11:01:38,2022,HUMAN_OBSERVATION,iNaturalist,Observations,134326508,isaiahp,COORDINATE_ROUNDED;CONTINENT_DERIVED_FROM_COORDINATES;TAXON_ID_NOT_FOUND
3903106653,50c9509d-22c7-4a22-a47d-8c48425ef4a7,https://www.inaturalist.org/observations/131840119,,Washington,47.34346,-121.44127,4.0,,,2022-08-21T07:04,2022,HUMAN_OBSERVATION,iNaturalist,Observations,131840119,John Soltys,COORDINATE_ROUNDED;CONTINENT_DERIVED_FROM_COORDINATES;TAXON_ID_NOT_FOUND
3903104045,50c9509d-22c7-4a22-a47d-8c48425ef4a7,https://www.inaturalist.org/observations/132999600,,Washington,46.795851,-121.779495,122.0,,,2016-07-03T19:37,2016,HUMAN_OBSERVATION,iNaturalist,Observations,132999600,pattabi,COORDINATE_ROUNDED;CONTINENT_DERIVED_FROM_COORDINATES;TAXON_ID_NOT_FOUND
3902974124,50c9509d-22c7-4a22-a47d-8c48425ef4a7,https://www.inaturalist.org/observations/133331821,,Washington,48.473805,-121.062389,87.0,,,2022-09-01T17:54:15,2022,HUMAN_OBSERVATION,iNaturalist,Observations,133331821,Joshua Morris,CONTINENT_DERIVED_FROM_COORDINATES;TAXON_ID_NOT_FOUND
3902963318,50c9509d-22c7-4a22-a47d-8c48425ef4a7,https://www.inaturalist.org/observations/132482114,,Washington,48.709002,-119.956976,15.0,,,2022-08-25T10:04,2022,HUMAN_OBSERVATION,iNaturalist,Observations,132482114,Stefan,COORDINATE_ROUNDED;CONTINENT_DERIVED_FROM_COORDINATES;TAXON_ID_NOT_FOUND
3902916504,50c9509d-22c7-4a22-a47d-8c48425ef4a7,https://www.inaturalist.org/observations/132875000,,Washington,48.21039,-121.329266,,,,2022-08-28T16:09,2022,HUMAN_OBSERVATION,iNaturalist,Observations,132875000,Eric Jain,CONTINENT_DERIVED_FROM_COORDINATES;TAXON_ID_NOT_FOUND
3902896607,50c9509d-22c7-4a22-a47d-8c48425ef4a7,https://www.inaturalist.org/observations/134265614,,Washington,47.457522,-121.392974,,,,2022-09-08T10:55,2022,HUMAN_OBSERVATION,iNaturalist,Observations,134265614,Eric Jain,CONTINENT_DERIVED_FROM_COORDINATES;TAXON_ID_NOT_FOUND
3902808115,50c9509d-22c7-4a22-a47d-8c48425ef4a7,https://www.inaturalist.org/observations/132362049,,Washington,47.453994,-121.437603,,,,2022-08-25T13:57:56,2022,HUMAN_OBSERVATION,iNaturalist,Observations,132362049,cystisomamagna,COORDINATE_ROUNDED;CONTINENT_DERIVED_FROM_COORDINATES;TAXON_ID_NOT_FOUND
3902673932,50c9509d-22c7-4a22-a47d-8c48425ef4a7,https://www.inaturalist.org/observations/132431702,,Washington,46.769769,-121.737494,10.0,,,2022-07-18T12:15,2022,HUMAN_OBSERVATION,iNaturalist,Observations,132431702,Chia⚡aka Cory Chiappone,COORDINATE_ROUNDED;CONTINENT_DERIVED_FROM_COORDINATES;TAXON_ID_NOT_FOUND
3902646130,50c9509d-22c7-4a22-a47d-8c48425ef4a7,https://www.inaturalist.org/observations/129138638,,Washington,47.433581,-121.4029,4.0,,,2022-08-01T09:07,2022,HUMAN_OBSERVATION,iNaturalist,Observations,129138638,James H. Thomas,COORDINATE_ROUNDED;CONTINENT_DERIVED_FROM_COORDINATES;TAXON_ID_NOT_FOUND
3902587478,50c9509d-22c7-4a22-a47d-8c48425ef4a7,https://www.inaturalist.org/observations/131535344,,Washington,48.469771,-121.055169,4.0,,,2022-08-15T09:13:55,2022,HUMAN_OBSERVATION,iNaturalist,Observations,131535344,jackson200,COORDINATE_ROUNDED;CONTINENT_DERIVED_FROM_COORDINATES;TAXON_ID_NOT_FOUND
3902550161,50c9509d-22c7-4a22-a47d-8c48425ef4a7,https://www.inaturalist.org/observations/131602611,,Washington,46.769308,-121.690728,1378.0,,,2022-08-18T06:40,2022,HUMAN_OBSERVATION,iNaturalist,Observations,131602611,Andrew Aldrich,COORDINATE_ROUNDED;CONTINENT_DERIVED_FROM_COORDINATES;TAXON_ID_NOT_FOUND
3902491211,50c9509d-22c7-4a22-a47d-8c48425ef4a7,https://www.inaturalist.org/observations/131602608,,Washington,46.769308,-121.690728,1378.0,,,2022-08-18T06:42,2022,HUMAN_OBSERVATION,iNaturalist,Observations,131602608,Andrew Aldrich,COORDINATE_ROUNDED;CONTINENT_DERIVED_FROM_COORDINATES;TAXON_ID_NOT_FOUND
3902449537,50c9509d-22c7-4a22-a47d-8c48425ef4a7,https://www.inaturalist.org/observations/131286502,,Washington,46.919209,-121.662102,4.0,,,2022-08-12T06:31:56,2022,HUMAN_OBSERVATION,iNaturalist,Observations,131286502,sammokablamo,COORDINATE_ROUNDED;CONTINENT_DERIVED_FROM_COORDINATES;TAXON_ID_NOT_FOUND
3902399464,50c9509d-22c7-4a22-a47d-8c48425ef4a7,https://www.inaturalist.org/observations/131535382,,Washington,48.473357,-121.062086,4.0,,,2022-08-15T09:56:48,2022,HUMAN_OBSERVATION,iNaturalist,Observations,131535382,jackson200,COORDINATE_ROUNDED;CONTINENT_DERIVED_FROM_COORDINATES;TAXON_ID_NOT_FOUND
3902389172,50c9509d-22c7-4a22-a47d-8c48425ef4a7,https://www.inaturalist.org/observations/131535364,,Washington,48.468647,-121.059115,5.0,,,2022-08-15T09:44:34,2022,HUMAN_OBSERVATION,iNaturalist,Observations,131535364,jackson200,COORDINATE_ROUNDED;CONTINENT_DERIVED_FROM_COORDINATES;TAXON_ID_NOT_FOUND
3902301922,50c9509d-22c7-4a22-a47d-8c48425ef4a7,https://www.inaturalist.org/observations/131685818,,Washington,48.469095,-121.059319,5.0,,,2022-08-20T09:19:28,2022,HUMAN_OBSERVATION,iNaturalist,Observations,131685818,arrrggghhh,COORDINATE_ROUNDED;CONTINENT_DERIVED_FROM_COORDINATES;TAXON_ID_NOT_FOUND
3892687782,50c9509d-22c7-4a22-a47d-8c48425ef4a7,https://www.inaturalist.org/observations/130400974,,Washington,46.537338,-121.459806,182.0,,,2022-08-05T11:17,2022,HUMAN_OBSERVATION,iNaturalist,Observations,130400974,vanmcc,COORDINATE_ROUNDED;CONTINENT_DERIVED_FROM_COORDINATES;TAXON_ID_NOT_FOUND
3892411090,50c9509d-22c7-4a22-a47d-8c48425ef4a7,https://www.inaturalist.org/observations/130900221,,Washington,48.771817,-121.298465,43673.0,,,2008-07-19T14:29,2008,HUMAN_OBSERVATION,iNaturalist,Observations,130900221,Maryse,COORDINATE_ROUNDED;CONTINENT_DERIVED_FROM_COORDINATES;TAXON_ID_NOT_FOUND
3892350954,50c9509d-22c7-4a22-a47d-8c48425ef4a7,https://www.inaturalist.org/observations/130734177,,Washington,46.791322,-121.782606,,,,2022-08-13T16:34:13,2022,HUMAN_OBSERVATION,iNaturalist,Observations,130734177,hyperspaceotter,CONTINENT_DERIVED_FROM_COORDINATES;TAXON_ID_NOT_FOUND
3889275602,50c9509d-22c7-4a22-a47d-8c48425ef4a7,https://www.inaturalist.org/observations/130013201,,Washington,48.499126,-120.760675,,,,2022-08-05T11:42,2022,HUMAN_OBSERVATION,iNaturalist,Observations,130013201,Roger Shaw,COORDINATE_ROUNDED;CONTINENT_DERIVED_FROM_COORDINATES;TAXON_ID_NOT_FOUND
3889237363,50c9509d-22c7-4a22-a47d-8c48425ef4a7,https://www.inaturalist.org/observations/129775162,,Washington,47.432765,-121.403988,4.0,,,2022-08-04T18:36,2022,HUMAN_OBSERVATION,iNaturalist,Observations,129775162,John Soltys,COORDINATE_ROUNDED;CONTINENT_DERIVED_FROM_COORDINATES;TAXON_ID_NOT_FOUND
3889227412,50c9509d-22c7-4a22-a47d-8c48425ef4a7,https://www.inaturalist.org/observations/129775160,,Washington,47.434044,-121.401925,2.0,,,2022-08-04T18:29,2022,HUMAN_OBSERVATION,iNaturalist,Observations,129775160,John Soltys,COORDINATE_ROUNDED;CONTINENT_DERIVED_FROM_COORDINATES;TAXON_ID_NOT_FOUND
3889179022,50c9509d-22c7-4a22-a47d-8c48425ef4a7,https://www.inaturalist.org/observations/129779542,,Washington,46.917059,-121.679676,4.0,,,2022-08-02T09:15:31,2022,HUMAN_OBSERVATION,iNaturalist,Observations,129779542,Zach Hawn,COORDINATE_ROUNDED;CONTINENT_DERIVED_FROM_COORDINATES;TAXON_ID_NOT_FOUND
3889050375,50c9509d-22c7-4a22-a47d-8c48425ef4a7,https://www.inaturalist.org/observations/129892094,,Washington,47.536854,-121.41474,4.0,,,2022-08-07T08:08,2022,HUMAN_OBSERVATION,iNaturalist,Observations,129892094,John Soltys,COORDINATE_ROUNDED;CONTINENT_DERIVED_FROM_COORDINATES;TAXON_ID_NOT_FOUND
3889008254,50c9509d-22c7-4a22-a47d-8c48425ef4a7,https://www.inaturalist.org/observations/129775156,,Washington,47.439937,-121.458585,11.0,,,2022-07-30T05:20,2022,HUMAN_OBSERVATION,iNaturalist,Observations,129775156,John Soltys,COORDINATE_ROUNDED;CONTINENT_DERIVED_FROM_COORDINATES;TAXON_ID_NOT_FOUND
3889002119,50c9509d-22c7-4a22-a47d-8c48425ef4a7,https://www.inaturalist.org/observations/129775158,,Washington,47.434931,-121.401069,3.0,,,2022-08-04T18:23,2022,HUMAN_OBSERVATION,iNaturalist,Observations,129775158,John Soltys,COORDINATE_ROUNDED;CONTINENT_DERIVED_FROM_COORDINATES;TAXON_ID_NOT_FOUND
3888988904,50c9509d-22c7-4a22-a47d-8c48425ef4a7,https://www.inaturalist.org/observations/129613135,,Washington,48.508723,-120.761109,244.0,,,2022-07-04T07:30,2022,HUMAN_OBSERVATION,iNaturalist,Observations,129613135,datadan,COORDINATE_ROUNDED;CONTINENT_DERIVED_FROM_COORDINATES;TAXON_ID_NOT_FOUND
3888902405,50c9509d-22c7-4a22-a47d-8c48425ef4a7,https://www.inaturalist.org/observations/129934331,,Washington,47.417377,-121.481439,28.0,,,2022-08-05T15:10:42,2022,HUMAN_OBSERVATION,iNaturalist,Observations,129934331,Antonio Flores,COORDINATE_ROUNDED;CONTINENT_DERIVED_FROM_COORDINATES;TAXON_ID_NOT_FOUND
3888898266,50c9509d-22c7-4a22-a47d-8c48425ef4a7,https://www.inaturalist.org/observations/129892095,,Washington,47.536789,-121.414983,2.0,,,2022-08-07T08:08,2022,HUMAN_OBSERVATION,iNaturalist,Observations,129892095,John Soltys,COORDINATE_ROUNDED;CONTINENT_DERIVED_FROM_COORDINATES;TAXON_ID_NOT_FOUND
3888726927,50c9509d-22c7-4a22-a47d-8c48425ef4a7,https://www.inaturalist.org/observations/129933787,,Washington,47.502907,-120.726758,4.0,,,2022-08-05T16:45:57,2022,HUMAN_OBSERVATION,iNaturalist,Observations,129933787,jackson200,COORDINATE_ROUNDED;CONTINENT_DERIVED_FROM_COORDINATES;TAXON_ID_NOT_FOUND
3881877490,50c9509d-22c7-4a22-a47d-8c48425ef4a7,https://www.inaturalist.org/observations/128873229,,Washington,47.44516,-120.930405,4.0,,,2022-07-15T09:18:10,2022,HUMAN_OBSERVATION,iNaturalist,Observations,128873229,jackson200,COORDINATE_ROUNDED;CONTINENT_DERIVED_FROM_COORDINATES;TAXON_ID_NOT_FOUND
3881844819,50c9509d-22c7-4a22-a47d-8c48425ef4a7,https://www.inaturalist.org/observations/129077283,,Washington,46.802114,-121.728841,194.0,,,2022-08-01T06:54,2022,HUMAN_OBSERVATION,iNaturalist,Observations,129077283,Jefferson Ashby,COORDINATE_ROUNDED;CONTINENT_DERIVED_FROM_COORDINATES;TAXON_ID_NOT_FOUND
3881665382,50c9509d-22c7-4a22-a47d-8c48425ef4a7,https://www.inaturalist.org/observations/128668224,,Washington,46.858031,-121.741328,37262.0,,,2005-08-13T13:37,2005,HUMAN_OBSERVATION,iNaturalist,Observations,128668224,Scott,COORDINATE_ROUNDED;CONTINENT_DERIVED_FROM_COORDINATES;TAXON_ID_NOT_FOUND
3881534616,50c9509d-22c7-4a22-a47d-8c48425ef4a7,https://www.inaturalist.org/observations/128873305,,Washington,48.95723,-119.931495,4.0,,,2022-07-23T07:38:46,2022,HUMAN_OBSERVATION,iNaturalist,Observations,128873305,jackson200,COORDINATE_ROUNDED;CONTINENT_DERIVED_FROM_COORDINATES;TAXON_ID_NOT_FOUND
3874197650,50c9509d-22c7-4a22-a47d-8c48425ef4a7,https://www.inaturalist.org/observations/125681844,,Washington,47.285872,-120.545985,,,,2022-07-09T07:35,2022,HUMAN_OBSERVATION,iNaturalist,Observations,125681844,Eric Jain,CONTINENT_DERIVED_FROM_COORDINATES;TAXON_ID_NOT_FOUND
3874116110,50c9509d-22c7-4a22-a47d-8c48425ef4a7,https://www.inaturalist.org/observations/127764477,,Washington,48.520011,-121.599021,60.0,,,2022-07-23T14:38:56,2022,HUMAN_OBSERVATION,iNaturalist,Observations,127764477,dbond,COORDINATE_ROUNDED;CONTINENT_DERIVED_FROM_COORDINATES;TAXON_ID_NOT_FOUND
3874079508,50c9509d-22c7-4a22-a47d-8c48425ef4a7,https://www.inaturalist.org/observations/126303986,,Washington,47.382689,-121.445705,8.0,,,2022-07-10T16:14:50,2022,HUMAN_OBSERVATION,iNaturalist,Observations,126303986,Zach Hawn,COORDINATE_ROUNDED;CONTINENT_DERIVED_FROM_COORDINATES;TAXON_ID_NOT_FOUND
3873813704,50c9509d-22c7-4a22-a47d-8c48425ef4a7,https://www.inaturalist.org/observations/125698403,,Washington,48.069965,-121.766147,903.0,,,2022-07-10T09:41:24,2022,HUMAN_OBSERVATION,iNaturalist,Observations,125698403,dbond,COORDINATE_ROUNDED;CONTINENT_DERIVED_FROM_COORDINATES;TAXON_ID_NOT_FOUND
3873580557,50c9509d-22c7-4a22-a47d-8c48425ef4a7,https://www.inaturalist.org/observations/125681917,,Washington,47.285885,-120.546011,,,,2022-07-09T13:49,2022,HUMAN_OBSERVATION,iNaturalist,Observations,125681917,Eric Jain,CONTINENT_DERIVED_FROM_COORDINATES;TAXON_ID_NOT_FOUND
3873529582,50c9509d-22c7-4a22-a47d-8c48425ef4a7,https://www.inaturalist.org/observations/125698513,,Washington,48.068848,-121.765128,822.0,,,2022-07-10T09:42:33,2022,HUMAN_OBSERVATION,iNaturalist,Observations,125698513,dbond,COORDINATE_ROUNDED;CONTINENT_DERIVED_FROM_COORDINATES;TAXON_ID_NOT_FOUND
3873335087,50c9509d-22c7-4a22-a47d-8c48425ef4a7,https://www.inaturalist.org/observations/127257878,,Washington,48.5162,-120.7354,711.0,,,2022-07-05T17:24,2022,HUMAN_OBSERVATION,iNaturalist,Observations,127257878,Y. K. L.,CONTINENT_DERIVED_FROM_COORDINATES;TAXON_ID_NOT_FOUND
3873302185,50c9509d-22c7-4a22-a47d-8c48425ef4a7,https://www.inaturalist.org/observations/125475458,,Washington,46.161126,-122.226732,384.0,,,2022-07-09T10:17:24,2022,HUMAN_OBSERVATION,iNaturalist,Observations,125475458,Nathan G,COORDINATE_ROUNDED;CONTINENT_DERIVED_FROM_COORDINATES;TAXON_ID_NOT_FOUND
3873235053,50c9509d-22c7-4a22-a47d-8c48425ef4a7,https://www.inaturalist.org/observations/126582804,,Washington,48.951619,-119.927161,4.0,,,2022-07-16T11:44,2022,HUMAN_OBSERVATION,iNaturalist,Observations,126582804,Eli Loftis,COORDINATE_ROUNDED;CONTINENT_DERIVED_FROM_COORDINATES;TAXON_ID_NOT_FOUND
3873178753,50c9509d-22c7-4a22-a47d-8c48425ef4a7,https://www.inaturalist.org/observations/125681914,,Washington,47.287842,-120.546931,,,,2022-07-09T13:38,2022,HUMAN_OBSERVATION,iNaturalist,Observations,125681914,Eric Jain,CONTINENT_DERIVED_FROM_COORDINATES;TAXON_ID_NOT_FOUND
3873116917,50c9509d-22c7-4a22-a47d-8c48425ef4a7,https://www.inaturalist.org/observations/126759563,,Washington,47.382519,-121.445322,84.0,,,2022-07-10T16:31,2022,HUMAN_OBSERVATION,iNaturalist,Observations,126759563,Brandon Hawn,COORDINATE_ROUNDED;CONTINENT_DERIVED_FROM_COORDINATES;TAXON_ID_NOT_FOUND
3872981125,50c9509d-22c7-4a22-a47d-8c48425ef4a7,https://www.inaturalist.org/observations/125237395,,Washington,47.160065,-121.435335,15.0,,,2022-07-06T06:52,2022,HUMAN_OBSERVATION,iNaturalist,Observations,125237395,mammalbigyear2022,COORDINATE_ROUNDED;CONTINENT_DERIVED_FROM_COORDINATES;TAXON_ID_NOT_FOUND
3860659370,50c9509d-22c7-4a22-a47d-8c48425ef4a7,https://www.inaturalist.org/observations/122568505,,Washington,46.641052,-121.835342,26967.0,,,2022-06-16T12:12,2022,HUMAN_OBSERVATION,iNaturalist,Observations,122568505,Brian Vigorito,COORDINATE_ROUNDED;CONTINENT_DERIVED_FROM_COORDINATES;TAXON_ID_NOT_FOUND
3860552443,50c9509d-22c7-4a22-a47d-8c48425ef4a7,https://www.inaturalist.org/observations/122568500,,Washington,46.780461,-121.893357,26967.0,,,2022-06-16T11:52,2022,HUMAN_OBSERVATION,iNaturalist,Observations,122568500,Brian Vigorito,COORDINATE_ROUNDED;CONTINENT_DERIVED_FROM_COORDINATES;TAXON_ID_NOT_FOUND
3860506987,50c9509d-22c7-4a22-a47d-8c48425ef4a7,https://www.inaturalist.org/observations/123250120,,Washington,48.470939,-121.060467,25.0,,,2017-07-10T08:26:48,2017,HUMAN_OBSERVATION,iNaturalist,Observations,123250120,Alex Patia,COORDINATE_ROUNDED;CONTINENT_DERIVED_FROM_COORDINATES;TAXON_ID_NOT_FOUND
3860306547,50c9509d-22c7-4a22-a47d-8c48425ef4a7,https://www.inaturalist.org/observations/123930608,,Washington,47.41496,-121.36032,4.0,,,2022-06-26T07:19,2022,HUMAN_OBSERVATION,iNaturalist,Observations,123930608,John Soltys,CONTINENT_DERIVED_FROM_COORDINATES;TAXON_ID_NOT_FOUND
3860302589,50c9509d-22c7-4a22-a47d-8c48425ef4a7,https://www.inaturalist.org/observations/123930609,,Washington,47.415033,-121.360288,4.0,,,2022-06-26T07:21,2022,HUMAN_OBSERVATION,iNaturalist,Observations,123930609,John Soltys,COORDINATE_ROUNDED;CONTINENT_DERIVED_FROM_COORDINATES;TAXON_ID_NOT_FOUND
3859450068,50c9509d-22c7-4a22-a47d-8c48425ef4a7,https://www.inaturalist.org/observations/122204040,,Washington,46.714872,-121.108465,,,,2022-06-15T11:45,2022,HUMAN_OBSERVATION,iNaturalist,Observations,122204040,Patricia Teague,COORDINATE_ROUNDED;CONTINENT_DERIVED_FROM_COORDINATES;TAXON_ID_NOT_FOUND
3859275303,50c9509d-22c7-4a22-a47d-8c48425ef4a7,http://www.inaturalist.org/observations/423483,,Washington,48.16232,-121.156866,9.0,,,2013-09-25T15:26:43,2013,HUMAN_OBSERVATION,iNaturalist,Observations,423483,Jennifer Smart,CONTINENT_DERIVED_FROM_COORDINATES;TAXON_ID_NOT_FOUND
3858288302,50c9509d-22c7-4a22-a47d-8c48425ef4a7,http://www.inaturalist.org/observations/405950,,Washington,48.1843,-120.8947,3.0,,,2013-08-19,2013,HUMAN_OBSERVATION,iNaturalist,Observations,405950,Saint George's School Spokane,CONTINENT_DERIVED_FROM_COORDINATES;TAXON_ID_NOT_FOUND
3858227302,50c9509d-22c7-4a22-a47d-8c48425ef4a7,http://www.inaturalist.org/observations/405949,,Washington,48.1842,-120.894583,3.0,,,2013-08-19,2013,HUMAN_OBSERVATION,iNaturalist,Observations,405949,Saint George's School Spokane,CONTINENT_DERIVED_FROM_COORDINATES;TAXON_ID_NOT_FOUND
3858181301,50c9509d-22c7-4a22-a47d-8c48425ef4a7,http://www.inaturalist.org/observations/120965,,Washington,46.845587,-121.473806,50.0,,,2012-09-09T11:29:49,2012,HUMAN_OBSERVATION,iNaturalist,Observations,120965,jace,CONTINENT_DERIVED_FROM_COORDINATES;TAXON_ID_NOT_FOUND
3785063317,50c9509d-22c7-4a22-a47d-8c48425ef4a7,https://www.inaturalist.org/observations/32172212,,Washington,46.791794,-121.781044,16.0,,,2019-08-16,2019,HUMAN_OBSERVATION,iNaturalist,Observations,32172212,Leshell,COORDINATE_ROUNDED;CONTINENT_DERIVED_FROM_COORDINATES;TAXON_ID_NOT_FOUND
3785011310,50c9509d-22c7-4a22-a47d-8c48425ef4a7,https://www.inaturalist.org/observations/32172336,,Washington,46.754347,-121.699825,16.0,,,2019-07-29T12:25Z,2019,HUMAN_OBSERVATION,iNaturalist,Observations,32172336,Leshell,COORDINATE_ROUNDED;CONTINENT_DERIVED_FROM_COORDINATES;TAXON_ID_NOT_FOUND
3784981374,50c9509d-22c7-4a22-a47d-8c48425ef4a7,https://www.inaturalist.org/observations/89874123,,Washington,46.792622,-121.728598,,,,2021-08-03T15:38:15,2021,HUMAN_OBSERVATION,iNaturalist,Observations,89874123,Leshell,COORDINATE_ROUNDED;CONTINENT_DERIVED_FROM_COORDINATES;TAXON_ID_NOT_FOUND
3784907307,50c9509d-22c7-4a22-a47d-8c48425ef4a7,https://www.inaturalist.org/observations/29956562,,Washington,46.754344,-121.699819,16.0,,,2019-07-29T12:25:21,2019,HUMAN_OBSERVATION,iNaturalist,Observations,29956562,Leshell,COORDINATE_ROUNDED;CONTINENT_DERIVED_FROM_COORDINATES;TAXON_ID_NOT_FOUND
3784867366,50c9509d-22c7-4a22-a47d-8c48425ef4a7,https://www.inaturalist.org/observations/90000854,,Washington,46.792635,-121.728626,,,,2021-08-03T15:39,2021,HUMAN_OBSERVATION,iNaturalist,Observations,90000854,Leshell,COORDINATE_ROUNDED;CONTINENT_DERIVED_FROM_COORDINATES;TAXON_ID_NOT_FOUND
3784863366,50c9509d-22c7-4a22-a47d-8c48425ef4a7,https://www.inaturalist.org/observations/90000856,,Washington,46.79265,-121.728631,,,,2021-08-03T15:46,2021,HUMAN_OBSERVATION,iNaturalist,Observations,90000856,Leshell,COORDINATE_ROUNDED;CONTINENT_DERIVED_FROM_COORDINATES;TAXON_ID_NOT_FOUND
3784848317,50c9509d-22c7-4a22-a47d-8c48425ef4a7,https://www.inaturalist.org/observations/32171988,,Washington,46.791794,-121.781044,16.0,,,2019-08-16,2019,HUMAN_OBSERVATION,iNaturalist,Observations,32171988,Leshell,COORDINATE_ROUNDED;CONTINENT_DERIVED_FROM_COORDINATES;TAXON_ID_NOT_FOUND
3784765305,50c9509d-22c7-4a22-a47d-8c48425ef4a7,https://www.inaturalist.org/observations/27412157,,Washington,46.78847,-121.783316,16.0,,,2019-06-21T11:24:57,2019,HUMAN_OBSERVATION,iNaturalist,Observations,27412157,Leshell,COORDINATE_ROUNDED;CONTINENT_DERIVED_FROM_COORDINATES;TAXON_ID_NOT_FOUND
3774192939,50c9509d-22c7-4a22-a47d-8c48425ef4a7,https://www.inaturalist.org/observations/94410240,,Washington,46.936772,-121.869217,4.0,,,2021-09-10T11:26:16,2021,HUMAN_OBSERVATION,iNaturalist,Observations,94410240,Leshell,COORDINATE_ROUNDED;CONTINENT_DERIVED_FROM_COORDINATES;TAXON_ID_NOT_FOUND
3773571688,50c9509d-22c7-4a22-a47d-8c48425ef4a7,https://www.inaturalist.org/observations/114671075,,Washington,46.77793,-121.881793,9.0,,,2022-05-01T13:20:45,2022,HUMAN_OBSERVATION,iNaturalist,Observations,114671075,Zach Hawn,COORDINATE_ROUNDED;CONTINENT_DERIVED_FROM_COORDINATES;TAXON_ID_NOT_FOUND
3773212448,50c9509d-22c7-4a22-a47d-8c48425ef4a7,https://www.inaturalist.org/observations/94543624,,Washington,46.941128,-121.803628,4.0,,,2021-09-08T15:38,2021,HUMAN_OBSERVATION,iNaturalist,Observations,94543624,Leshell,COORDINATE_ROUNDED;CONTINENT_DERIVED_FROM_COORDINATES;TAXON_ID_NOT_FOUND
3773157426,50c9509d-22c7-4a22-a47d-8c48425ef4a7,https://www.inaturalist.org/observations/94511836,,Washington,46.92902,-121.812263,4.0,,,2021-09-09T13:21:32,2021,HUMAN_OBSERVATION,iNaturalist,Observations,94511836,Leshell,COORDINATE_ROUNDED;CONTINENT_DERIVED_FROM_COORDINATES;TAXON_ID_NOT_FOUND
3773085280,50c9509d-22c7-4a22-a47d-8c48425ef4a7,https://www.inaturalist.org/observations/114545737,,Washington,46.752101,-121.886084,8.0,,,2022-05-01T10:54:41,2022,HUMAN_OBSERVATION,iNaturalist,Observations,114545737,Brandon Hawn,COORDINATE_ROUNDED;CONTINENT_DERIVED_FROM_COORDINATES;TAXON_ID_NOT_FOUND
3772884012,50c9509d-22c7-4a22-a47d-8c48425ef4a7,https://www.inaturalist.org/observations/116350888,,Washington,46.919212,-121.661613,4.0,,,2019-08-06T08:34:23,2019,HUMAN_OBSERVATION,iNaturalist,Observations,116350888,renfrid,COORDINATE_ROUNDED;CONTINENT_DERIVED_FROM_COORDINATES;TAXON_ID_NOT_FOUND
3772869831,50c9509d-22c7-4a22-a47d-8c48425ef4a7,https://www.inaturalist.org/observations/115049837,,Washington,46.765029,-121.877012,9.0,,,2022-05-01T12:25:37,2022,HUMAN_OBSERVATION,iNaturalist,Observations,115049837,Zach Hawn,COORDINATE_ROUNDED;CONTINENT_DERIVED_FROM_COORDINATES;TAXON_ID_NOT_FOUND
3764558584,50c9509d-22c7-4a22-a47d-8c48425ef4a7,https://www.inaturalist.org/observations/112473761,,Washington,46.917067,-121.660014,1482.0,,,2018-08-05T12:48,2018,HUMAN_OBSERVATION,iNaturalist,Observations,112473761,Ryan Zucker,COORDINATE_ROUNDED;CONTINENT_DERIVED_FROM_COORDINATES;TAXON_ID_NOT_FOUND
3712730359,50c9509d-22c7-4a22-a47d-8c48425ef4a7,https://www.inaturalist.org/observations/57514048,,Washington,48.706938,-121.927366,9.0,,,2020-08-24T12:44:15,2020,HUMAN_OBSERVATION,iNaturalist,Observations,57514048,T. Abe Lloyd,COORDINATE_ROUNDED;CONTINENT_DERIVED_FROM_COORDINATES;TAXON_ID_NOT_FOUND
3712623301,50c9509d-22c7-4a22-a47d-8c48425ef4a7,http://www.inaturalist.org/observations/520133,,Washington,47.462469,-121.645115,9.0,,,2014-02-02,2014,HUMAN_OBSERVATION,iNaturalist,Observations,520133,John Soltys,CONTINENT_DERIVED_FROM_COORDINATES;TAXON_ID_NOT_FOUND
3705805379,50c9509d-22c7-4a22-a47d-8c48425ef4a7,https://www.inaturalist.org/observations/65159619,,Washington,48.845953,-121.715519,15.0,,,2016-09-10T09:56,2016,HUMAN_OBSERVATION,iNaturalist,Observations,65159619,T. Abe Lloyd,COORDINATE_ROUNDED;CONTINENT_DERIVED_FROM_COORDINATES;TAXON_ID_NOT_FOUND
3705424415,50c9509d-22c7-4a22-a47d-8c48425ef4a7,https://www.inaturalist.org/observations/95721000,,Washington,48.511005,-120.74601,4.0,,,2021-09-21T15:24:20,2021,HUMAN_OBSERVATION,iNaturalist,Observations,95721000,karleepnw,COORDINATE_ROUNDED;CONTINENT_DERIVED_FROM_COORDINATES;TAXON_ID_NOT_FOUND
3698083911,50c9509d-22c7-4a22-a47d-8c48425ef4a7,https://www.inaturalist.org/observations/107231522,,Washington,48.466278,-121.058538,,,,2017-09-24T12:37,2017,HUMAN_OBSERVATION,iNaturalist,Observations,107231522,Tulipifera-ike,COORDINATE_ROUNDED;CONTINENT_DERIVED_FROM_COORDINATES;TAXON_ID_NOT_FOUND
3468748908,50c9509d-22c7-4a22-a47d-8c48425ef4a7,https://www.inaturalist.org/observations/106263082,,Washington,46.924564,-121.661226,1701.0,,,2011-08-25T18:01,2011,HUMAN_OBSERVATION,iNaturalist,Observations,106263082,Cory Gregory,COORDINATE_ROUNDED;CONTINENT_DERIVED_FROM_COORDINATES;TAXON_ID_NOT_FOUND
3457220250,50c9509d-22c7-4a22-a47d-8c48425ef4a7,https://www.inaturalist.org/observations/104921429,,Washington,46.788454,-121.783543,31.0,,,2021-07-16T15:28,2021,HUMAN_OBSERVATION,iNaturalist,Observations,104921429,csledge,COORDINATE_ROUNDED;CONTINENT_DERIVED_FROM_COORDINATES;TAXON_ID_NOT_FOUND
3456268082,50c9509d-22c7-4a22-a47d-8c48425ef4a7,https://www.inaturalist.org/observations/104887478,,Washington,48.493996,-120.69819,5069.0,,,2021-10-03T15:01,2021,HUMAN_OBSERVATION,iNaturalist,Observations,104887478,Patrick Palines,COORDINATE_ROUNDED;CONTINENT_DERIVED_FROM_COORDINATES;TAXON_ID_NOT_FOUND
3456090941,50c9509d-22c7-4a22-a47d-8c48425ef4a7,https://www.inaturalist.org/observations/103354218,,Washington,48.471534,-121.061292,4.0,,,2014-08-05T15:20Z,2014,HUMAN_OBSERVATION,iNaturalist,Observations,103354218,Sean Daniels,COORDINATE_ROUNDED;CONTINENT_DERIVED_FROM_COORDINATES;TAXON_ID_NOT_FOUND
3455759458,50c9509d-22c7-4a22-a47d-8c48425ef4a7,https://www.inaturalist.org/observations/102343614,,Washington,48.856945,-121.711228,,,,2013-08-20T15:23Z,2013,HUMAN_OBSERVATION,iNaturalist,Observations,102343614,Sean Daniels,COORDINATE_ROUNDED;CONTINENT_DERIVED_FROM_COORDINATES;TAXON_ID_NOT_FOUND
3455612511,50c9509d-22c7-4a22-a47d-8c48425ef4a7,https://www.inaturalist.org/observations/102065524,,Washington,47.434136,-121.510518,61.0,,,2021-10-08T17:30,2021,HUMAN_OBSERVATION,iNaturalist,Observations,102065524,Pierce Louderback,COORDINATE_ROUNDED;CONTINENT_DERIVED_FROM_COORDINATES;TAXON_ID_NOT_FOUND
3455598428,50c9509d-22c7-4a22-a47d-8c48425ef4a7,https://www.inaturalist.org/observations/27977050,,Washington,46.746637,-121.70482,6.0,,,2019-06-30T09:14:01,2019,HUMAN_OBSERVATION,iNaturalist,Observations,27977050,Kelsey,COORDINATE_ROUNDED;CONTINENT_DERIVED_FROM_COORDINATES;TAXON_ID_NOT_FOUND
3455484794,50c9509d-22c7-4a22-a47d-8c48425ef4a7,https://www.inaturalist.org/observations/102796523,,Washington,48.467314,-120.887558,,,,2016-08-25T18:07,2016,HUMAN_OBSERVATION,iNaturalist,Observations,102796523,Tulipifera-ike,COORDINATE_ROUNDED;CONTINENT_DERIVED_FROM_COORDINATES;TAXON_ID_NOT_FOUND
3399387256,50c9509d-22c7-4a22-a47d-8c48425ef4a7,https://www.inaturalist.org/observations/99429696,,Washington,46.91913,-121.663865,8.0,,,2021-09-26T15:01,2021,HUMAN_OBSERVATION,iNaturalist,Observations,99429696,Zach Hawn,COORDINATE_ROUNDED;CONTINENT_DERIVED_FROM_COORDINATES;TAXON_ID_NOT_FOUND
3399332214,50c9509d-22c7-4a22-a47d-8c48425ef4a7,https://www.inaturalist.org/observations/99429694,,Washington,46.918942,-121.660934,8.0,,,2021-09-26T14:53,2021,HUMAN_OBSERVATION,iNaturalist,Observations,99429694,Zach Hawn,COORDINATE_ROUNDED;CONTINENT_DERIVED_FROM_COORDINATES;TAXON_ID_NOT_FOUND
3399317334,50c9509d-22c7-4a22-a47d-8c48425ef4a7,https://www.inaturalist.org/observations/98571530,,Washington,48.085103,-120.810867,4.0,,,2021-10-09T09:24:28,2021,HUMAN_OBSERVATION,iNaturalist,Observations,98571530,jackson200,COORDINATE_ROUNDED;CONTINENT_DERIVED_FROM_COORDINATES;TAXON_ID_NOT_FOUND
3399303030,50c9509d-22c7-4a22-a47d-8c48425ef4a7,https://www.inaturalist.org/observations/99242914,,Washington,47.44823,-121.41568,2.0,,,2021-10-23T09:05,2021,HUMAN_OBSERVATION,iNaturalist,Observations,99242914,John Soltys,CONTINENT_DERIVED_FROM_COORDINATES;TAXON_ID_NOT_FOUND
3399289055,50c9509d-22c7-4a22-a47d-8c48425ef4a7,https://www.inaturalist.org/observations/99242913,,Washington,47.4473,-121.41035,2.0,,,2021-10-23T07:31,2021,HUMAN_OBSERVATION,iNaturalist,Observations,99242913,John Soltys,CONTINENT_DERIVED_FROM_COORDINATES;TAXON_ID_NOT_FOUND
3399193071,50c9509d-22c7-4a22-a47d-8c48425ef4a7,https://www.inaturalist.org/observations/98335914,,Washington,48.692142,-120.696024,2438.0,,,2020-07-24T16:36,2020,HUMAN_OBSERVATION,iNaturalist,Observations,98335914,David Robichaud,COORDINATE_ROUNDED;CONTINENT_DERIVED_FROM_COORDINATES;TAXON_ID_NOT_FOUND
3398985323,50c9509d-22c7-4a22-a47d-8c48425ef4a7,https://www.inaturalist.org/observations/98571579,,Washington,47.467513,-121.448306,4.0,,,2021-10-16T11:58:34,2021,HUMAN_OBSERVATION,iNaturalist,Observations,98571579,jackson200,COORDINATE_ROUNDED;CONTINENT_DERIVED_FROM_COORDINATES;TAXON_ID_NOT_FOUND
3398902191,50c9509d-22c7-4a22-a47d-8c48425ef4a7,https://www.inaturalist.org/observations/99429704,,Washington,46.912832,-121.67609,4.0,,,2021-09-26T16:26,2021,HUMAN_OBSERVATION,iNaturalist,Observations,99429704,Zach Hawn,COORDINATE_ROUNDED;CONTINENT_DERIVED_FROM_COORDINATES;TAXON_ID_NOT_FOUND
3398870475,50c9509d-22c7-4a22-a47d-8c48425ef4a7,https://www.inaturalist.org/observations/98763632,,Washington,48.22805,-120.32142,2.0,,,2021-10-17T09:25,2021,HUMAN_OBSERVATION,iNaturalist,Observations,98763632,John Soltys,CONTINENT_DERIVED_FROM_COORDINATES;TAXON_ID_NOT_FOUND
3398863518,50c9509d-22c7-4a22-a47d-8c48425ef4a7,https://www.inaturalist.org/observations/98763634,,Washington,48.22793,-120.32175,2.0,,,2021-10-17T09:27,2021,HUMAN_OBSERVATION,iNaturalist,Observations,98763634,John Soltys,CONTINENT_DERIVED_FROM_COORDINATES;TAXON_ID_NOT_FOUND
3398853231,50c9509d-22c7-4a22-a47d-8c48425ef4a7,https://www.inaturalist.org/observations/99429702,,Washington,46.913771,-121.675008,8.0,,,2021-09-26T16:05,2021,HUMAN_OBSERVATION,iNaturalist,Observations,99429702,Zach Hawn,COORDINATE_ROUNDED;CONTINENT_DERIVED_FROM_COORDINATES;TAXON_ID_NOT_FOUND
3398830208,50c9509d-22c7-4a22-a47d-8c48425ef4a7,https://www.inaturalist.org/observations/99429711,,Washington,46.919096,-121.661985,8.0,,,2021-09-26T17:42,2021,HUMAN_OBSERVATION,iNaturalist,Observations,99429711,Zach Hawn,COORDINATE_ROUNDED;CONTINENT_DERIVED_FROM_COORDINATES;TAXON_ID_NOT_FOUND
3398815207,50c9509d-22c7-4a22-a47d-8c48425ef4a7,https://www.inaturalist.org/observations/99429706,,Washington,46.919428,-121.665012,8.0,,,2021-09-26T17:31,2021,HUMAN_OBSERVATION,iNaturalist,Observations,99429706,Zach Hawn,COORDINATE_ROUNDED;CONTINENT_DERIVED_FROM_COORDINATES;TAXON_ID_NOT_FOUND
3398798187,50c9509d-22c7-4a22-a47d-8c48425ef4a7,https://www.inaturalist.org/observations/99429708,,Washington,46.918972,-121.66264,8.0,,,2021-09-26T17:35,2021,HUMAN_OBSERVATION,iNaturalist,Observations,99429708,Zach Hawn,COORDINATE_ROUNDED;CONTINENT_DERIVED_FROM_COORDINATES;TAXON_ID_NOT_FOUND
3398695893,50c9509d-22c7-4a22-a47d-8c48425ef4a7,https://www.inaturalist.org/observations/96287704,,Washington,47.59415,-121.329437,48.0,,,2021-09-04T13:47:15,2021,HUMAN_OBSERVATION,iNaturalist,Observations,96287704,mobu,COORDINATE_ROUNDED;CONTINENT_DERIVED_FROM_COORDINATES;TAXON_ID_NOT_FOUND
3391696710,50c9509d-22c7-4a22-a47d-8c48425ef4a7,https://www.inaturalist.org/observations/97608014,,Washington,48.572517,-120.841704,4.0,,,2021-10-03T11:08:09,2021,HUMAN_OBSERVATION,iNaturalist,Observations,97608014,jackson200,COORDINATE_ROUNDED;CONTINENT_DERIVED_FROM_COORDINATES;TAXON_ID_NOT_FOUND
3391689838,50c9509d-22c7-4a22-a47d-8c48425ef4a7,https://www.inaturalist.org/observations/97729184,,Washington,46.932197,-121.773637,15.0,,,2021-10-02T15:07:06,2021,HUMAN_OBSERVATION,iNaturalist,Observations,97729184,dmaxwell,COORDINATE_ROUNDED;CONTINENT_DERIVED_FROM_COORDINATES;TAXON_ID_NOT_FOUND
3391638720,50c9509d-22c7-4a22-a47d-8c48425ef4a7,https://www.inaturalist.org/observations/97607990,,Washington,48.572912,-120.826092,4.0,,,2021-10-03T09:07:03,2021,HUMAN_OBSERVATION,iNaturalist,Observations,97607990,jackson200,COORDINATE_ROUNDED;CONTINENT_DERIVED_FROM_COORDINATES;TAXON_ID_NOT_FOUND
3391579712,50c9509d-22c7-4a22-a47d-8c48425ef4a7,https://www.inaturalist.org/observations/97608007,,Washington,48.57351,-120.83816,4.0,,,2021-10-03T09:52:04,2021,HUMAN_OBSERVATION,iNaturalist,Observations,97608007,jackson200,COORDINATE_ROUNDED;CONTINENT_DERIVED_FROM_COORDINATES;TAXON_ID_NOT_FOUND
3391577720,50c9509d-22c7-4a22-a47d-8c48425ef4a7,https://www.inaturalist.org/observations/97608006,,Washington,48.573284,-120.83679,6.0,,,2021-10-03T09:43:30,2021,HUMAN_OBSERVATION,iNaturalist,Observations,97608006,jackson200,COORDINATE_ROUNDED;CONTINENT_DERIVED_FROM_COORDINATES;TAXON_ID_NOT_FOUND
3391573690,50c9509d-22c7-4a22-a47d-8c48425ef4a7,https://www.inaturalist.org/observations/97608002,,Washington,48.57297,-120.82634,4.0,,,2021-10-03T09:08:25,2021,HUMAN_OBSERVATION,iNaturalist,Observations,97608002,jackson200,COORDINATE_ROUNDED;CONTINENT_DERIVED_FROM_COORDINATES;TAXON_ID_NOT_FOUND
3391430510,50c9509d-22c7-4a22-a47d-8c48425ef4a7,https://www.inaturalist.org/observations/95109839,,Washington,47.733704,-121.089086,193.0,,,2021-09-15T14:10:09,2021,HUMAN_OBSERVATION,iNaturalist,Observations,95109839,Kate Turner,COORDINATE_ROUNDED;CONTINENT_DERIVED_FROM_COORDINATES;TAXON_ID_NOT_FOUND
3391298059,50c9509d-22c7-4a22-a47d-8c48425ef4a7,https://www.inaturalist.org/observations/97941617,,Washington,48.06582,-121.781487,4.0,,,2021-10-11T11:29:03,2021,HUMAN_OBSERVATION,iNaturalist,Observations,97941617,Remington Tengs Jackson,COORDINATE_ROUNDED;CONTINENT_DERIVED_FROM_COORDINATES;TAXON_ID_NOT_FOUND
3385163724,50c9509d-22c7-4a22-a47d-8c48425ef4a7,https://www.inaturalist.org/observations/96545210,,Washington,47.771177,-121.090948,,,,2021-09-24T10:39,2021,HUMAN_OBSERVATION,iNaturalist,Observations,96545210,Todd Folsom,CONTINENT_DERIVED_FROM_COORDINATES;TAXON_ID_NOT_FOUND
3385049803,50c9509d-22c7-4a22-a47d-8c48425ef4a7,https://www.inaturalist.org/observations/96629344,,Washington,47.52415,-120.852966,4.0,,,2021-09-29T10:07:29,2021,HUMAN_OBSERVATION,iNaturalist,Observations,96629344,Tiffa Theden,COORDINATE_ROUNDED;CONTINENT_DERIVED_FROM_COORDINATES;TAXON_ID_NOT_FOUND
3385015684,50c9509d-22c7-4a22-a47d-8c48425ef4a7,https://www.inaturalist.org/observations/94595737,,Washington,47.639752,-120.898366,5.0,,,2021-09-11T11:09:20,2021,HUMAN_OBSERVATION,iNaturalist,Observations,94595737,Tiffa Theden,COORDINATE_ROUNDED;CONTINENT_DERIVED_FROM_COORDINATES;TAXON_ID_NOT_FOUND
3384979555,50c9509d-22c7-4a22-a47d-8c48425ef4a7,https://www.inaturalist.org/observations/95433983,,Washington,46.93388,-121.865958,4.0,,,2021-09-16T15:02:27,2021,HUMAN_OBSERVATION,iNaturalist,Observations,95433983,janeecorboy,COORDINATE_ROUNDED;CONTINENT_DERIVED_FROM_COORDINATES;TAXON_ID_NOT_FOUND
3384915302,50c9509d-22c7-4a22-a47d-8c48425ef4a7,https://www.inaturalist.org/observations/96189563,,Washington,48.50652,-120.673286,9.0,,,2021-09-25T13:48,2021,HUMAN_OBSERVATION,iNaturalist,Observations,96189563,David Robichaud,COORDINATE_ROUNDED;CONTINENT_DERIVED_FROM_COORDINATES;TAXON_ID_NOT_FOUND
3384887368,50c9509d-22c7-4a22-a47d-8c48425ef4a7,https://www.inaturalist.org/observations/96302632,,Washington,47.680346,-121.120452,4.0,,,2021-09-21T14:48:57,2021,HUMAN_OBSERVATION,iNaturalist,Observations,96302632,jackson200,COORDINATE_ROUNDED;CONTINENT_DERIVED_FROM_COORDINATES;TAXON_ID_NOT_FOUND
3384816261,50c9509d-22c7-4a22-a47d-8c48425ef4a7,https://www.inaturalist.org/observations/97104430,,Washington,47.433467,-121.402992,8.0,,,2021-08-03T08:11:06,2021,HUMAN_OBSERVATION,iNaturalist,Observations,97104430,oscarnigam,COORDINATE_ROUNDED;CONTINENT_DERIVED_FROM_COORDINATES;TAXON_ID_NOT_FOUND
3384769632,50c9509d-22c7-4a22-a47d-8c48425ef4a7,https://www.inaturalist.org/observations/95496131,,Washington,46.793352,-121.725474,131.0,,,2021-09-12T13:51Z,2021,HUMAN_OBSERVATION,iNaturalist,Observations,95496131,jmarcinik,COORDINATE_ROUNDED;CONTINENT_DERIVED_FROM_COORDINATES;TAXON_ID_NOT_FOUND
3384727047,50c9509d-22c7-4a22-a47d-8c48425ef4a7,https://www.inaturalist.org/observations/96916166,,Washington,48.858144,-121.699294,,,,2017-10-05T13:50,2017,HUMAN_OBSERVATION,iNaturalist,Observations,96916166,Old Goat,COORDINATE_ROUNDED;CONTINENT_DERIVED_FROM_COORDINATES;TAXON_ID_NOT_FOUND
3384687152,50c9509d-22c7-4a22-a47d-8c48425ef4a7,https://www.inaturalist.org/observations/96072333,,Washington,46.919412,-121.654762,1927.0,,,2019-08-26T12:08,2019,HUMAN_OBSERVATION,iNaturalist,Observations,96072333,Jen Sanford,COORDINATE_ROUNDED;CONTINENT_DERIVED_FROM_COORDINATES;TAXON_ID_NOT_FOUND
3384684929,50c9509d-22c7-4a22-a47d-8c48425ef4a7,https://www.inaturalist.org/observations/94848255,,Washington,47.419563,-121.526901,1148.0,,,2021-09-05T13:26:06,2021,HUMAN_OBSERVATION,iNaturalist,Observations,94848255,spaceman98,COORDINATE_ROUNDED;CONTINENT_DERIVED_FROM_COORDINATES;TAXON_ID_NOT_FOUND
3384684677,50c9509d-22c7-4a22-a47d-8c48425ef4a7,https://www.inaturalist.org/observations/94618872,,Washington,47.48453,-120.82362,2.0,,,2021-09-11T14:49,2021,HUMAN_OBSERVATION,iNaturalist,Observations,94618872,John Soltys,CONTINENT_DERIVED_FROM_COORDINATES;TAXON_ID_NOT_FOUND
3384556436,50c9509d-22c7-4a22-a47d-8c48425ef4a7,https://www.inaturalist.org/observations/96406146,,Washington,47.424647,-121.696167,20.0,,,2021-09-25T10:05:48,2021,HUMAN_OBSERVATION,iNaturalist,Observations,96406146,teejclark,COORDINATE_ROUNDED;CONTINENT_DERIVED_FROM_COORDINATES;TAXON_ID_NOT_FOUND
3384543618,50c9509d-22c7-4a22-a47d-8c48425ef4a7,https://www.inaturalist.org/observations/96538467,,Washington,47.44202,-121.46168,5.0,,,2021-09-26T07:49,2021,HUMAN_OBSERVATION,iNaturalist,Observations,96538467,John Soltys,CONTINENT_DERIVED_FROM_COORDINATES;TAXON_ID_NOT_FOUND
3384509643,50c9509d-22c7-4a22-a47d-8c48425ef4a7,https://www.inaturalist.org/observations/96538468,,Washington,47.44375,-121.46437,5.0,,,2021-09-26T07:58,2021,HUMAN_OBSERVATION,iNaturalist,Observations,96538468,John Soltys,CONTINENT_DERIVED_FROM_COORDINATES;TAXON_ID_NOT_FOUND
3384464682,50c9509d-22c7-4a22-a47d-8c48425ef4a7,https://www.inaturalist.org/observations/96538470,,Washington,47.44588,-121.46772,5.0,,,2021-09-26T08:20,2021,HUMAN_OBSERVATION,iNaturalist,Observations,96538470,John Soltys,CONTINENT_DERIVED_FROM_COORDINATES;TAXON_ID_NOT_FOUND
3384355026,50c9509d-22c7-4a22-a47d-8c48425ef4a7,https://www.inaturalist.org/observations/94893695,,Washington,47.419325,-121.52826,1066.0,,,2021-09-05T16:42:06,2021,HUMAN_OBSERVATION,iNaturalist,Observations,94893695,spaceman98,COORDINATE_ROUNDED;CONTINENT_DERIVED_FROM_COORDINATES;TAXON_ID_NOT_FOUND
3384351752,50c9509d-22c7-4a22-a47d-8c48425ef4a7,https://www.inaturalist.org/observations/94654711,,Washington,46.767363,-121.783135,16.0,,,2021-09-04T11:51:59,2021,HUMAN_OBSERVATION,iNaturalist,Observations,94654711,jackson200,COORDINATE_ROUNDED;CONTINENT_DERIVED_FROM_COORDINATES;TAXON_ID_NOT_FOUND
3384257166,50c9509d-22c7-4a22-a47d-8c48425ef4a7,https://www.inaturalist.org/observations/95050627,,Washington,47.731093,-121.090362,15.0,,,2021-09-15T14:58,2021,HUMAN_OBSERVATION,iNaturalist,Observations,95050627,Kate Turner,COORDINATE_ROUNDED;CONTINENT_DERIVED_FROM_COORDINATES;TAXON_ID_NOT_FOUND
3384237177,50c9509d-22c7-4a22-a47d-8c48425ef4a7,https://www.inaturalist.org/observations/95044328,,Washington,46.906004,-121.690511,650.0,,,2021-09-12,2021,HUMAN_OBSERVATION,iNaturalist,Observations,95044328,Chris Law,COORDINATE_ROUNDED;CONTINENT_DERIVED_FROM_COORDINATES;TAXON_ID_NOT_FOUND
3384202700,50c9509d-22c7-4a22-a47d-8c48425ef4a7,https://www.inaturalist.org/observations/94640376,,Washington,46.93135,-121.67478,4.0,,,2021-09-12T08:20:08,2021,HUMAN_OBSERVATION,iNaturalist,Observations,94640376,patrick van thull,CONTINENT_DERIVED_FROM_COORDINATES;TAXON_ID_NOT_FOUND
3384172419,50c9509d-22c7-4a22-a47d-8c48425ef4a7,https://www.inaturalist.org/observations/96302604,,Washington,47.692014,-121.094061,4.0,,,2021-09-21T09:52:17,2021,HUMAN_OBSERVATION,iNaturalist,Observations,96302604,jackson200,COORDINATE_ROUNDED;CONTINENT_DERIVED_FROM_COORDINATES;TAXON_ID_NOT_FOUND
3384138336,50c9509d-22c7-4a22-a47d-8c48425ef4a7,https://www.inaturalist.org/observations/96248216,,Washington,46.794279,-121.731268,15.0,,,2021-09-24T16:18Z,2021,HUMAN_OBSERVATION,iNaturalist,Observations,96248216,cgoodfel,COORDINATE_ROUNDED;CONTINENT_DERIVED_FROM_COORDINATES;TAXON_ID_NOT_FOUND
3384133240,50c9509d-22c7-4a22-a47d-8c48425ef4a7,https://www.inaturalist.org/observations/96072327,,Washington,46.919412,-121.654762,1927.0,,,2019-08-26T09:50,2019,HUMAN_OBSERVATION,iNaturalist,Observations,96072327,Jen Sanford,COORDINATE_ROUNDED;CONTINENT_DERIVED_FROM_COORDINATES;TAXON_ID_NOT_FOUND
3384085423,50c9509d-22c7-4a22-a47d-8c48425ef4a7,https://www.inaturalist.org/observations/96399648,,Washington,48.749125,-121.751579,14705.0,,,2019-09-07T20:02:34,2019,HUMAN_OBSERVATION,iNaturalist,Observations,96399648,Lana Schofield,COORDINATE_ROUNDED;CONTINENT_DERIVED_FROM_COORDINATES;TAXON_ID_NOT_FOUND
3384049419,50c9509d-22c7-4a22-a47d-8c48425ef4a7,https://www.inaturalist.org/observations/96302535,,Washington,47.692846,-121.093958,4.0,,,2021-09-21T09:46:42,2021,HUMAN_OBSERVATION,iNaturalist,Observations,96302535,jackson200,COORDINATE_ROUNDED;CONTINENT_DERIVED_FROM_COORDINATES;TAXON_ID_NOT_FOUND
3384043002,50c9509d-22c7-4a22-a47d-8c48425ef4a7,https://www.inaturalist.org/observations/94905887,,Washington,46.778724,-121.783898,,,,2021-08-19T08:35,2021,HUMAN_OBSERVATION,iNaturalist,Observations,94905887,Adam Schneider,COORDINATE_ROUNDED;CONTINENT_DERIVED_FROM_COORDINATES;TAXON_ID_NOT_FOUND
3383978662,50c9509d-22c7-4a22-a47d-8c48425ef4a7,https://www.inaturalist.org/observations/94618867,,Washington,47.486752,-120.828562,12.0,,,2021-09-11T08:02,2021,HUMAN_OBSERVATION,iNaturalist,Observations,94618867,John Soltys,COORDINATE_ROUNDED;CONTINENT_DERIVED_FROM_COORDINATES;TAXON_ID_NOT_FOUND
3356343960,1da75725-1eb5-4e17-b586-ffad7b783987,https://arctos.database.museum/guid/BYU:Mamm:31693,Tye,Washington,47.749277,-121.120656,3000.0,,,1937-06-22,1937,PRESERVED_SPECIMEN,BYU,Mammalogy,BYU:Mamm:31693,Collector(s): unknown; Preparator(s): unknown,CONTINENT_DERIVED_FROM_COORDINATES;INSTITUTION_MATCH_FUZZY
3356334691,1da75725-1eb5-4e17-b586-ffad7b783987,https://arctos.database.museum/guid/BYU:Mamm:31694,Chinook Pass,Washington,46.872056,-121.515645,300.0,,,1968-06-30,1968,PRESERVED_SPECIMEN,BYU,Mammalogy,BYU:Mamm:31694,Collector(s): J. R. Christensen; Preparator(s): J. R. Christensen,CONTINENT_DERIVED_FROM_COORDINATES;INSTITUTION_MATCH_FUZZY
3355809522,50c9509d-22c7-4a22-a47d-8c48425ef4a7,https://www.inaturalist.org/observations/93258886,,Washington,47.445225,-120.930364,,,,2021-08-31T09:53,2021,HUMAN_OBSERVATION,iNaturalist,Observations,93258886,Jefferson Ashby,COORDINATE_ROUNDED;CONTINENT_DERIVED_FROM_COORDINATES;TAXON_ID_NOT_FOUND
3355777051,50c9509d-22c7-4a22-a47d-8c48425ef4a7,https://www.inaturalist.org/observations/93734120,,Washington,46.939402,-121.485472,8.0,,,2021-09-04T17:00,2021,HUMAN_OBSERVATION,iNaturalist,Observations,93734120,Kate Turner,COORDINATE_ROUNDED;CONTINENT_DERIVED_FROM_COORDINATES;TAXON_ID_NOT_FOUND
3355695909,50c9509d-22c7-4a22-a47d-8c48425ef4a7,https://www.inaturalist.org/observations/93643695,,Washington,46.94827,-121.872122,141.0,,,2021-09-04T08:19:37,2021,HUMAN_OBSERVATION,iNaturalist,Observations,93643695,kingdm,COORDINATE_ROUNDED;CONTINENT_DERIVED_FROM_COORDINATES;TAXON_ID_NOT_FOUND
3355652188,50c9509d-22c7-4a22-a47d-8c48425ef4a7,https://www.inaturalist.org/observations/93951439,,Washington,46.919549,-121.586061,5.0,,,2021-09-06T13:24,2021,HUMAN_OBSERVATION,iNaturalist,Observations,93951439,Pierce Louderback,COORDINATE_ROUNDED;CONTINENT_DERIVED_FROM_COORDINATES;TAXON_ID_NOT_FOUND
3355646404,50c9509d-22c7-4a22-a47d-8c48425ef4a7,https://www.inaturalist.org/observations/93227671,,Washington,47.640022,-121.336894,3.0,,,2021-08-08T18:52,2021,HUMAN_OBSERVATION,iNaturalist,Observations,93227671,John Soltys,COORDINATE_ROUNDED;CONTINENT_DERIVED_FROM_COORDINATES;TAXON_ID_NOT_FOUND
3355628487,50c9509d-22c7-4a22-a47d-8c48425ef4a7,https://www.inaturalist.org/observations/93227670,,Washington,47.639916,-121.336962,3.0,,,2021-08-08T18:33,2021,HUMAN_OBSERVATION,iNaturalist,Observations,93227670,John Soltys,COORDINATE_ROUNDED;CONTINENT_DERIVED_FROM_COORDINATES;TAXON_ID_NOT_FOUND
3355571185,50c9509d-22c7-4a22-a47d-8c48425ef4a7,https://www.inaturalist.org/observations/93951429,,Washington,46.919447,-121.586152,5.0,,,2021-09-06T08:49,2021,HUMAN_OBSERVATION,iNaturalist,Observations,93951429,Pierce Louderback,COORDINATE_ROUNDED;CONTINENT_DERIVED_FROM_COORDINATES;TAXON_ID_NOT_FOUND
3355552890,50c9509d-22c7-4a22-a47d-8c48425ef4a7,https://www.inaturalist.org/observations/93648881,,Washington,46.466736,-121.527763,40.0,,,2021-09-01T16:01,2021,HUMAN_OBSERVATION,iNaturalist,Observations,93648881,Debara,COORDINATE_ROUNDED;CONTINENT_DERIVED_FROM_COORDINATES;TAXON_ID_NOT_FOUND
3355523649,50c9509d-22c7-4a22-a47d-8c48425ef4a7,https://www.inaturalist.org/observations/88597399,,Washington,47.449479,-121.612243,211.0,,,2021-07-24T13:00,2021,HUMAN_OBSERVATION,iNaturalist,Observations,88597399,jackeatsdirt,COORDINATE_ROUNDED;CONTINENT_DERIVED_FROM_COORDINATES;TAXON_ID_NOT_FOUND
3355442413,50c9509d-22c7-4a22-a47d-8c48425ef4a7,https://www.inaturalist.org/observations/94163471,,Washington,47.405692,-121.339968,4.0,,,2021-09-06T07:33,2021,HUMAN_OBSERVATION,iNaturalist,Observations,94163471,John Soltys,COORDINATE_ROUNDED;CONTINENT_DERIVED_FROM_COORDINATES;TAXON_ID_NOT_FOUND
3355422503,50c9509d-22c7-4a22-a47d-8c48425ef4a7,https://www.inaturalist.org/observations/94163472,,Washington,47.4113,-121.344602,5.0,,,2021-09-06T08:36,2021,HUMAN_OBSERVATION,iNaturalist,Observations,94163472,John Soltys,COORDINATE_ROUNDED;CONTINENT_DERIVED_FROM_COORDINATES;TAXON_ID_NOT_FOUND
3355416061,50c9509d-22c7-4a22-a47d-8c48425ef4a7,https://www.inaturalist.org/observations/93811640,,Washington,46.919813,-121.58563,114.0,,,2021-09-05T10:00:05,2021,HUMAN_OBSERVATION,iNaturalist,Observations,93811640,jaleja,COORDINATE_ROUNDED;CONTINENT_DERIVED_FROM_COORDINATES;TAXON_ID_NOT_FOUND
3355304414,50c9509d-22c7-4a22-a47d-8c48425ef4a7,https://www.inaturalist.org/observations/94163473,,Washington,47.41019,-121.344013,4.0,,,2021-09-06T08:11,2021,HUMAN_OBSERVATION,iNaturalist,Observations,94163473,John Soltys,COORDINATE_ROUNDED;CONTINENT_DERIVED_FROM_COORDINATES;TAXON_ID_NOT_FOUND
3355296385,50c9509d-22c7-4a22-a47d-8c48425ef4a7,https://www.inaturalist.org/observations/93128813,,Washington,48.860491,-121.809693,,,,2021-08-28T16:08,2021,HUMAN_OBSERVATION,iNaturalist,Observations,93128813,Eric Jain,COORDINATE_ROUNDED;CONTINENT_DERIVED_FROM_COORDINATES;TAXON_ID_NOT_FOUND
3355272915,50c9509d-22c7-4a22-a47d-8c48425ef4a7,https://www.inaturalist.org/observations/93652164,,Washington,47.456964,-121.456039,4.0,,,2021-09-04T09:22,2021,HUMAN_OBSERVATION,iNaturalist,Observations,93652164,John Soltys,COORDINATE_ROUNDED;CONTINENT_DERIVED_FROM_COORDINATES;TAXON_ID_NOT_FOUND
3355240947,50c9509d-22c7-4a22-a47d-8c48425ef4a7,https://www.inaturalist.org/observations/93652163,,Washington,47.459632,-121.454468,3.0,,,2021-09-04T09:01,2021,HUMAN_OBSERVATION,iNaturalist,Observations,93652163,John Soltys,COORDINATE_ROUNDED;CONTINENT_DERIVED_FROM_COORDINATES;TAXON_ID_NOT_FOUND
3355210284,50c9509d-22c7-4a22-a47d-8c48425ef4a7,https://www.inaturalist.org/observations/93013852,,Washington,46.91924,-121.661235,,,,2021-08-29T12:05,2021,HUMAN_OBSERVATION,iNaturalist,Observations,93013852,Laurel Meredyk,CONTINENT_DERIVED_FROM_COORDINATES;TAXON_ID_NOT_FOUND
3355189881,50c9509d-22c7-4a22-a47d-8c48425ef4a7,https://www.inaturalist.org/observations/93652162,,Washington,47.458801,-121.455163,4.0,,,2021-09-04T06:47,2021,HUMAN_OBSERVATION,iNaturalist,Observations,93652162,John Soltys,COORDINATE_ROUNDED;CONTINENT_DERIVED_FROM_COORDINATES;TAXON_ID_NOT_FOUND
3355169511,50c9509d-22c7-4a22-a47d-8c48425ef4a7,https://www.inaturalist.org/observations/94163477,,Washington,47.410581,-121.344186,4.0,,,2021-09-06T08:40,2021,HUMAN_OBSERVATION,iNaturalist,Observations,94163477,John Soltys,COORDINATE_ROUNDED;CONTINENT_DERIVED_FROM_COORDINATES;TAXON_ID_NOT_FOUND
3355163399,50c9509d-22c7-4a22-a47d-8c48425ef4a7,https://www.inaturalist.org/observations/93128812,,Washington,48.860534,-121.809231,,,,2021-08-28T16:05,2021,HUMAN_OBSERVATION,iNaturalist,Observations,93128812,Eric Jain,COORDINATE_ROUNDED;CONTINENT_DERIVED_FROM_COORDINATES;TAXON_ID_NOT_FOUND
3344043941,50c9509d-22c7-4a22-a47d-8c48425ef4a7,https://www.inaturalist.org/observations/91930848,,Washington,47.598848,-121.178084,9.0,,,2021-08-19T07:50:18,2021,HUMAN_OBSERVATION,iNaturalist,Observations,91930848,jackson200,COORDINATE_ROUNDED;CONTINENT_DERIVED_FROM_COORDINATES;TAXON_ID_NOT_FOUND
3343948011,50c9509d-22c7-4a22-a47d-8c48425ef4a7,https://www.inaturalist.org/observations/91924833,,Washington,47.613494,-121.176471,4.0,,,2021-08-18T13:55:41,2021,HUMAN_OBSERVATION,iNaturalist,Observations,91924833,jackson200,COORDINATE_ROUNDED;CONTINENT_DERIVED_FROM_COORDINATES;TAXON_ID_NOT_FOUND
3343932930,50c9509d-22c7-4a22-a47d-8c48425ef4a7,https://www.inaturalist.org/observations/91930822,,Washington,47.598112,-121.177621,22.0,,,2021-08-18T18:55:52,2021,HUMAN_OBSERVATION,iNaturalist,Observations,91930822,jackson200,COORDINATE_ROUNDED;CONTINENT_DERIVED_FROM_COORDINATES;TAXON_ID_NOT_FOUND
3343839039,50c9509d-22c7-4a22-a47d-8c48425ef4a7,https://www.inaturalist.org/observations/91930808,,Washington,47.605687,-121.185009,4.0,,,2021-08-18T16:13:30,2021,HUMAN_OBSERVATION,iNaturalist,Observations,91930808,jackson200,COORDINATE_ROUNDED;CONTINENT_DERIVED_FROM_COORDINATES;TAXON_ID_NOT_FOUND
3343811994,50c9509d-22c7-4a22-a47d-8c48425ef4a7,https://www.inaturalist.org/observations/91930880,,Washington,47.599065,-121.178334,18.0,,,2021-08-19T17:20:37,2021,HUMAN_OBSERVATION,iNaturalist,Observations,91930880,jackson200,COORDINATE_ROUNDED;CONTINENT_DERIVED_FROM_COORDINATES;TAXON_ID_NOT_FOUND
3343748028,50c9509d-22c7-4a22-a47d-8c48425ef4a7,https://www.inaturalist.org/observations/91930870,,Washington,47.599196,-121.178519,8.0,,,2021-08-19T17:17:15,2021,HUMAN_OBSERVATION,iNaturalist,Observations,91930870,jackson200,COORDINATE_ROUNDED;CONTINENT_DERIVED_FROM_COORDINATES;TAXON_ID_NOT_FOUND
3343741910,50c9509d-22c7-4a22-a47d-8c48425ef4a7,https://www.inaturalist.org/observations/91930867,,Washington,47.59924,-121.178426,4.0,,,2021-08-19T08:03:08,2021,HUMAN_OBSERVATION,iNaturalist,Observations,91930867,jackson200,COORDINATE_ROUNDED;CONTINENT_DERIVED_FROM_COORDINATES;TAXON_ID_NOT_FOUND
3338157907,50c9509d-22c7-4a22-a47d-8c48425ef4a7,https://www.inaturalist.org/observations/90626258,,Washington,46.254572,-121.611444,20.0,,,2021-08-09T19:37:37,2021,HUMAN_OBSERVATION,iNaturalist,Observations,90626258,dontsaythatdad,COORDINATE_ROUNDED;CONTINENT_DERIVED_FROM_COORDINATES;TAXON_ID_NOT_FOUND
3338140689,50c9509d-22c7-4a22-a47d-8c48425ef4a7,https://www.inaturalist.org/observations/90455046,,Washington,47.444243,-121.425748,201.0,,,2020-09-02T10:15,2020,HUMAN_OBSERVATION,iNaturalist,Observations,90455046,Jefferson Ashby,COORDINATE_ROUNDED;CONTINENT_DERIVED_FROM_COORDINATES;TAXON_ID_NOT_FOUND
3338103706,50c9509d-22c7-4a22-a47d-8c48425ef4a7,https://www.inaturalist.org/observations/91523320,,Washington,47.450128,-120.933461,4.0,,,2021-08-16T09:57:42,2021,HUMAN_OBSERVATION,iNaturalist,Observations,91523320,jackson200,COORDINATE_ROUNDED;CONTINENT_DERIVED_FROM_COORDINATES;TAXON_ID_NOT_FOUND
3338039614,50c9509d-22c7-4a22-a47d-8c48425ef4a7,https://www.inaturalist.org/observations/90423558,,Washington,48.505121,-121.207747,5.0,,,2021-08-07T13:06:02,2021,HUMAN_OBSERVATION,iNaturalist,Observations,90423558,mylodon,COORDINATE_ROUNDED;CONTINENT_DERIVED_FROM_COORDINATES;TAXON_ID_NOT_FOUND
3338002449,50c9509d-22c7-4a22-a47d-8c48425ef4a7,https://www.inaturalist.org/observations/91605713,,Washington,47.665343,-121.142353,115.0,,,2021-08-14T18:12:28,2021,HUMAN_OBSERVATION,iNaturalist,Observations,91605713,Kieran Hanrahan,COORDINATE_ROUNDED;CONTINENT_DERIVED_FROM_COORDINATES;TAXON_ID_NOT_FOUND
3337837733,50c9509d-22c7-4a22-a47d-8c48425ef4a7,https://www.inaturalist.org/observations/91076615,,Washington,46.475252,-121.432138,4.0,,,2021-07-23T15:23:40,2021,HUMAN_OBSERVATION,iNaturalist,Observations,91076615,jackson200,COORDINATE_ROUNDED;CONTINENT_DERIVED_FROM_COORDINATES;TAXON_ID_NOT_FOUND
3335365245,50c9509d-22c7-4a22-a47d-8c48425ef4a7,https://www.inaturalist.org/observations/89743705,,Washington,47.467074,-121.455102,769.0,,,2021-08-02T09:28:09Z,2021,HUMAN_OBSERVATION,iNaturalist,Observations,89743705,aac17,COORDINATE_ROUNDED;CONTINENT_DERIVED_FROM_COORDINATES;TAXON_ID_NOT_FOUND
3335158069,50c9509d-22c7-4a22-a47d-8c48425ef4a7,https://www.inaturalist.org/observations/89556776,,Washington,46.269536,-121.586821,10.0,,,2021-08-01T11:25:46,2021,HUMAN_OBSERVATION,iNaturalist,Observations,89556776,Joan,COORDINATE_ROUNDED;CONTINENT_DERIVED_FROM_COORDINATES;TAXON_ID_NOT_FOUND
3335129608,50c9509d-22c7-4a22-a47d-8c48425ef4a7,https://www.inaturalist.org/observations/89035541,,Washington,47.785746,-121.570781,396.0,,,2021-07-25T16:10,2021,HUMAN_OBSERVATION,iNaturalist,Observations,89035541,spaceman98,COORDINATE_ROUNDED;CONTINENT_DERIVED_FROM_COORDINATES;TAXON_ID_NOT_FOUND
3333311451,50c9509d-22c7-4a22-a47d-8c48425ef4a7,https://www.inaturalist.org/observations/88958366,,Washington,46.919398,-121.585469,10.0,,,2021-07-27T10:06:28,2021,HUMAN_OBSERVATION,iNaturalist,Observations,88958366,Joan,COORDINATE_ROUNDED;CONTINENT_DERIVED_FROM_COORDINATES;TAXON_ID_NOT_FOUND
3333142160,50c9509d-22c7-4a22-a47d-8c48425ef4a7,https://www.inaturalist.org/observations/88751087,,Washington,46.924855,-121.674674,5.0,,,2021-07-26T08:37:56,2021,HUMAN_OBSERVATION,iNaturalist,Observations,88751087,Joan,COORDINATE_ROUNDED;CONTINENT_DERIVED_FROM_COORDINATES;TAXON_ID_NOT_FOUND
3330639983,50c9509d-22c7-4a22-a47d-8c48425ef4a7,https://www.inaturalist.org/observations/87571339,,Washington,48.524216,-121.599398,120.0,,,2021-07-17T19:38:20,2021,HUMAN_OBSERVATION,iNaturalist,Observations,87571339,seattledebs,COORDINATE_ROUNDED;CONTINENT_DERIVED_FROM_COORDINATES;TAXON_ID_NOT_FOUND
3330527599,50c9509d-22c7-4a22-a47d-8c48425ef4a7,https://www.inaturalist.org/observations/87234129,,Washington,46.795153,-121.78072,505.0,,,2021-06-24T19:11,2021,HUMAN_OBSERVATION,iNaturalist,Observations,87234129,Ivan Nevirkovets,COORDINATE_ROUNDED;CONTINENT_DERIVED_FROM_COORDINATES;TAXON_ID_NOT_FOUND
3330496025,50c9509d-22c7-4a22-a47d-8c48425ef4a7,https://www.inaturalist.org/observations/87595964,,Washington,46.177643,-122.189781,20.0,,,2021-07-17T07:25:13,2021,HUMAN_OBSERVATION,iNaturalist,Observations,87595964,sammokablamo,COORDINATE_ROUNDED;CONTINENT_DERIVED_FROM_COORDINATES;TAXON_ID_NOT_FOUND
3330473075,50c9509d-22c7-4a22-a47d-8c48425ef4a7,https://www.inaturalist.org/observations/87660344,,Washington,46.863347,-121.609798,120091.0,,,2021-07-17T10:59:15,2021,HUMAN_OBSERVATION,iNaturalist,Observations,87660344,Filip Tkaczyk,COORDINATE_ROUNDED;CONTINENT_DERIVED_FROM_COORDINATES;TAXON_ID_NOT_FOUND
3330469061,50c9509d-22c7-4a22-a47d-8c48425ef4a7,https://www.inaturalist.org/observations/87666970,,Washington,47.457609,-121.451197,3.0,,,2021-07-14T17:05,2021,HUMAN_OBSERVATION,iNaturalist,Observations,87666970,John Soltys,COORDINATE_ROUNDED;CONTINENT_DERIVED_FROM_COORDINATES;TAXON_ID_NOT_FOUND
3330432074,50c9509d-22c7-4a22-a47d-8c48425ef4a7,https://www.inaturalist.org/observations/87666977,,Washington,47.43017,-121.454147,2.0,,,2021-07-18T06:11,2021,HUMAN_OBSERVATION,iNaturalist,Observations,87666977,John Soltys,COORDINATE_ROUNDED;CONTINENT_DERIVED_FROM_COORDINATES;TAXON_ID_NOT_FOUND
3330418376,50c9509d-22c7-4a22-a47d-8c48425ef4a7,https://www.inaturalist.org/observations/59499294,,Washington,47.441089,-121.439707,10.0,,,2020-09-07T08:57,2020,HUMAN_OBSERVATION,iNaturalist,Observations,59499294,John Soltys,COORDINATE_ROUNDED;CONTINENT_DERIVED_FROM_COORDINATES;TAXON_ID_NOT_FOUND
3330410897,50c9509d-22c7-4a22-a47d-8c48425ef4a7,https://www.inaturalist.org/observations/87494696,,Washington,47.51427,-120.71928,157.0,,,2021-07-11,2021,HUMAN_OBSERVATION,iNaturalist,Observations,87494696,Zachary Chapman,CONTINENT_DERIVED_FROM_COORDINATES;TAXON_ID_NOT_FOUND
3327967290,50c9509d-22c7-4a22-a47d-8c48425ef4a7,https://www.inaturalist.org/observations/86781043,,Washington,45.753726,-122.040466,5.0,,,2021-07-12T06:46:52,2021,HUMAN_OBSERVATION,iNaturalist,Observations,86781043,Joan,COORDINATE_ROUNDED;CONTINENT_DERIVED_FROM_COORDINATES;TAXON_ID_NOT_FOUND
3325764015,50c9509d-22c7-4a22-a47d-8c48425ef4a7,https://www.inaturalist.org/observations/85717811,,Washington,47.468631,-120.940015,371.0,,,2009-10-09T13:59,2009,HUMAN_OBSERVATION,iNaturalist,Observations,85717811,James J. Bond,COORDINATE_ROUNDED;CONTINENT_DERIVED_FROM_COORDINATES;TAXON_ID_NOT_FOUND
3325550411,50c9509d-22c7-4a22-a47d-8c48425ef4a7,https://www.inaturalist.org/observations/79895340,,Washington,47.2832,-121.2327,,,,2018-07-27T08:00,2018,HUMAN_OBSERVATION,iNaturalist,Observations,79895340,Steve Hampton,CONTINENT_DERIVED_FROM_COORDINATES;TAXON_ID_NOT_FOUND
3321204283,50c9509d-22c7-4a22-a47d-8c48425ef4a7,https://www.inaturalist.org/observations/84964490,,Washington,48.513763,-120.642451,609.0,,,2021-06-29T05:37:58,2021,HUMAN_OBSERVATION,iNaturalist,Observations,84964490,Filip Tkaczyk,COORDINATE_ROUNDED;CONTINENT_DERIVED_FROM_COORDINATES;TAXON_ID_NOT_FOUND
3314411836,50c9509d-22c7-4a22-a47d-8c48425ef4a7,https://www.inaturalist.org/observations/83685978,,Washington,48.001616,-121.421291,71975.0,,,2010-10-14T14:00,2010,HUMAN_OBSERVATION,iNaturalist,Observations,83685978,Erica Fleniken,COORDINATE_ROUNDED;CONTINENT_DERIVED_FROM_COORDINATES;TAXON_ID_NOT_FOUND
3124916415,50c9509d-22c7-4a22-a47d-8c48425ef4a7,https://www.inaturalist.org/observations/80538423,,Washington,48.698772,-120.673509,696.0,,,2017-07-30T01:03:20,2017,HUMAN_OBSERVATION,iNaturalist,Observations,80538423,Nick Glover,COORDINATE_ROUNDED;CONTINENT_DERIVED_FROM_COORDINATES;TAXON_ID_NOT_FOUND
3124848291,50c9509d-22c7-4a22-a47d-8c48425ef4a7,https://www.inaturalist.org/observations/80508582,,Washington,47.026739,-121.632494,,,,2021-05-26T11:05:55,2021,HUMAN_OBSERVATION,iNaturalist,Observations,80508582,Mike,COORDINATE_ROUNDED;CONTINENT_DERIVED_FROM_COORDINATES;TAXON_ID_NOT_FOUND
3124841682,50c9509d-22c7-4a22-a47d-8c48425ef4a7,https://www.inaturalist.org/observations/80444857,,Washington,47.025827,-121.634039,4.0,,,2021-05-19T10:51,2021,HUMAN_OBSERVATION,iNaturalist,Observations,80444857,Mike,COORDINATE_ROUNDED;CONTINENT_DERIVED_FROM_COORDINATES;TAXON_ID_NOT_FOUND
3124545072,50c9509d-22c7-4a22-a47d-8c48425ef4a7,https://www.inaturalist.org/observations/80112905,,Washington,46.79267,-121.729037,30.0,,,2018-08-28T15:52,2018,HUMAN_OBSERVATION,iNaturalist,Observations,80112905,bobstafford805,COORDINATE_ROUNDED;CONTINENT_DERIVED_FROM_COORDINATES;TAXON_ID_NOT_FOUND
3113538450,50c9509d-22c7-4a22-a47d-8c48425ef4a7,https://www.inaturalist.org/observations/78320964,,Washington,46.734266,-121.967053,26967.0,,,2021-05-10T15:37:41,2021,HUMAN_OBSERVATION,iNaturalist,Observations,78320964,Zach Hawn,COORDINATE_ROUNDED;CONTINENT_DERIVED_FROM_COORDINATES;TAXON_ID_NOT_FOUND
3113388443,50c9509d-22c7-4a22-a47d-8c48425ef4a7,https://www.inaturalist.org/observations/78320978,,Washington,46.776833,-121.977621,26967.0,,,2021-05-10T16:23:05,2021,HUMAN_OBSERVATION,iNaturalist,Observations,78320978,Zach Hawn,COORDINATE_ROUNDED;CONTINENT_DERIVED_FROM_COORDINATES;TAXON_ID_NOT_FOUND
3112869805,50c9509d-22c7-4a22-a47d-8c48425ef4a7,https://www.inaturalist.org/observations/76866197,,Washington,46.726728,-121.844153,26967.0,,,2021-05-02T14:20:02,2021,HUMAN_OBSERVATION,iNaturalist,Observations,76866197,Zach Hawn,COORDINATE_ROUNDED;CONTINENT_DERIVED_FROM_COORDINATES;TAXON_ID_NOT_FOUND
3112416769,50c9509d-22c7-4a22-a47d-8c48425ef4a7,https://www.inaturalist.org/observations/76855641,,Washington,46.779403,-121.885916,299.0,,,2021-05-02T13:15,2021,HUMAN_OBSERVATION,iNaturalist,Observations,76855641,Brandon Hawn,COORDINATE_ROUNDED;CONTINENT_DERIVED_FROM_COORDINATES;TAXON_ID_NOT_FOUND
3090858781,50c9509d-22c7-4a22-a47d-8c48425ef4a7,https://www.inaturalist.org/observations/56242668,,Washington,47.080963,-121.539457,,,,2020-08-05T20:14:30,2020,HUMAN_OBSERVATION,iNaturalist,Observations,56242668,Sydney Gerig,COORDINATE_ROUNDED;CONTINENT_DERIVED_FROM_COORDINATES;TAXON_ID_NOT_FOUND
3090855641,50c9509d-22c7-4a22-a47d-8c48425ef4a7,https://www.inaturalist.org/observations/39221724,,Washington,46.920645,-121.586275,367.0,,,2019-07-03T08:04,2019,HUMAN_OBSERVATION,iNaturalist,Observations,39221724,Sydney Gerig,COORDINATE_ROUNDED;CONTINENT_DERIVED_FROM_COORDINATES;TAXON_ID_NOT_FOUND
3090622796,50c9509d-22c7-4a22-a47d-8c48425ef4a7,https://www.inaturalist.org/observations/60022168,,Washington,47.051667,-121.524495,349.0,,,2020-08-05T20:13,2020,HUMAN_OBSERVATION,iNaturalist,Observations,60022168,Sydney Gerig,COORDINATE_ROUNDED;CONTINENT_DERIVED_FROM_COORDINATES;TAXON_ID_NOT_FOUND
3090597824,50c9509d-22c7-4a22-a47d-8c48425ef4a7,https://www.inaturalist.org/observations/60022166,,Washington,47.051667,-121.524495,349.0,,,2020-08-05T20:13,2020,HUMAN_OBSERVATION,iNaturalist,Observations,60022166,Sydney Gerig,COORDINATE_ROUNDED;CONTINENT_DERIVED_FROM_COORDINATES;TAXON_ID_NOT_FOUND
3079862135,50c9509d-22c7-4a22-a47d-8c48425ef4a7,https://www.inaturalist.org/observations/73292329,,Washington,45.720857,-122.338893,4677.0,,,2018-05-07T09:19,2018,HUMAN_OBSERVATION,iNaturalist,Observations,73292329,Jen Sanford,COORDINATE_ROUNDED;CONTINENT_DERIVED_FROM_COORDINATES;TAXON_ID_NOT_FOUND
3079722658,50c9509d-22c7-4a22-a47d-8c48425ef4a7,https://www.inaturalist.org/observations/30407447,,Washington,46.640097,-121.392151,25.0,,,2019-08-07T18:14:18,2019,HUMAN_OBSERVATION,iNaturalist,Observations,30407447,Drew Beamer,COORDINATE_ROUNDED;CONTINENT_DERIVED_FROM_COORDINATES;TAXON_ID_NOT_FOUND
3079626643,50c9509d-22c7-4a22-a47d-8c48425ef4a7,https://www.inaturalist.org/observations/72942164,,Washington,46.919658,-121.585845,150.0,,,2018-08-31T12:00,2018,HUMAN_OBSERVATION,iNaturalist,Observations,72942164,Tuoichen,COORDINATE_ROUNDED;CONTINENT_DERIVED_FROM_COORDINATES;TAXON_ID_NOT_FOUND
3070618715,50c9509d-22c7-4a22-a47d-8c48425ef4a7,https://www.inaturalist.org/observations/30207939,,Washington,46.932694,-121.675064,30.0,,,2019-08-04T07:21,2019,HUMAN_OBSERVATION,iNaturalist,Observations,30207939,patrick van thull,COORDINATE_ROUNDED;CONTINENT_DERIVED_FROM_COORDINATES;TAXON_ID_NOT_FOUND
3070501060,50c9509d-22c7-4a22-a47d-8c48425ef4a7,https://www.inaturalist.org/observations/44449489,,Washington,48.839588,-121.673815,486.0,,,2019-07-27T16:41,2019,HUMAN_OBSERVATION,iNaturalist,Observations,44449489,Kathleen Dobson,COORDINATE_ROUNDED;CONTINENT_DERIVED_FROM_COORDINATES;TAXON_ID_NOT_FOUND
3070327240,50c9509d-22c7-4a22-a47d-8c48425ef4a7,https://www.inaturalist.org/observations/60278308,,Washington,47.485804,-120.825591,5.0,,,2020-09-20T11:31:06,2020,HUMAN_OBSERVATION,iNaturalist,Observations,60278308,patrick van thull,COORDINATE_ROUNDED;CONTINENT_DERIVED_FROM_COORDINATES;TAXON_ID_NOT_FOUND
3068012907,50c9509d-22c7-4a22-a47d-8c48425ef4a7,https://www.inaturalist.org/observations/71650733,,Washington,46.803173,-121.729717,531.0,,,2017-07-13T15:36,2017,HUMAN_OBSERVATION,iNaturalist,Observations,71650733,Jen Sanford,COORDINATE_ROUNDED;CONTINENT_DERIVED_FROM_COORDINATES;TAXON_ID_NOT_FOUND
3067728851,50c9509d-22c7-4a22-a47d-8c48425ef4a7,https://www.inaturalist.org/observations/71648816,,Washington,45.700729,-122.274512,71.0,,,2017-07-08T21:19,2017,HUMAN_OBSERVATION,iNaturalist,Observations,71648816,Jen Sanford,COORDINATE_ROUNDED;CONTINENT_DERIVED_FROM_COORDINATES;TAXON_ID_NOT_FOUND
3067604135,50c9509d-22c7-4a22-a47d-8c48425ef4a7,https://www.inaturalist.org/observations/63003240,,Washington,46.796069,-121.732227,714.0,,,2017-08-04T19:34,2017,HUMAN_OBSERVATION,iNaturalist,Observations,63003240,Richard Hasegawa,COORDINATE_ROUNDED;CONTINENT_DERIVED_FROM_COORDINATES;TAXON_ID_NOT_FOUND
3061782305,50c9509d-22c7-4a22-a47d-8c48425ef4a7,https://www.inaturalist.org/observations/71408873,,Washington,46.791167,-121.782455,61.0,,,2018-08-23T08:35Z,2018,HUMAN_OBSERVATION,iNaturalist,Observations,71408873,Moe Morrissette,COORDINATE_ROUNDED;CONTINENT_DERIVED_FROM_COORDINATES;TAXON_ID_NOT_FOUND
3061660954,50c9509d-22c7-4a22-a47d-8c48425ef4a7,https://www.inaturalist.org/observations/71243432,,Washington,46.917435,-121.661774,1414.0,,,2015-10-14T17:35,2015,HUMAN_OBSERVATION,iNaturalist,Observations,71243432,Jen Sanford,COORDINATE_ROUNDED;CONTINENT_DERIVED_FROM_COORDINATES;TAXON_ID_NOT_FOUND
3058690222,50c9509d-22c7-4a22-a47d-8c48425ef4a7,https://www.inaturalist.org/observations/70456300,,Washington,48.713852,-121.131636,193.0,,,2018-09-10T02:02,2018,HUMAN_OBSERVATION,iNaturalist,Observations,70456300,Ed Brown,COORDINATE_ROUNDED;CONTINENT_DERIVED_FROM_COORDINATES;TAXON_ID_NOT_FOUND
3028088170,26098c25-8f7f-4c71-97ac-1d3db181c65e,http://n2t.net/ark:/65665/37197c13d-2667-421d-82bb-16ad85f4ca87,"Ellensburg, 0.5 Mi N, 18 Mi W Manastash Canyon",Washington,47.0208,-120.932,,,,2001-08-21,2001,MATERIAL_SAMPLE,USNM,MAMM,,C. Gebhard,GEODETIC_DATUM_ASSUMED_WGS84
3028087611,26098c25-8f7f-4c71-97ac-1d3db181c65e,http://n2t.net/ark:/65665/361211122-b09c-4e5b-afbb-b49c6122f3f4,"Ellensburg, 0.5 mi N, 18 mi W, Manastash Canyon",Washington,47.0208,-120.932,,,,2001-08-21,2001,MATERIAL_SAMPLE,USNM,MAMM,,C. Gebhard,GEODETIC_DATUM_ASSUMED_WGS84
3028077216,26098c25-8f7f-4c71-97ac-1d3db181c65e,http://n2t.net/ark:/65665/351634379-f194-40fb-82f7-f2463a846d92,"Ellensburg, 0.5 Mi N, 18 Mi W Manastash Canyon",Washington,47.0208,-120.932,,,,2001-08-21,2001,MATERIAL_SAMPLE,USNM,MAMM,,C. Gebhard,GEODETIC_DATUM_ASSUMED_WGS84
3028064442,26098c25-8f7f-4c71-97ac-1d3db181c65e,http://n2t.net/ark:/65665/3210fb96c-467c-44a9-a4e0-6da59c12c9fd,"Ellensburg, 2 Mi N, 18,5 Mi W Buck Meadows",Washington,47.0294,-120.936,,1280.0,,2001-08-21,2001,MATERIAL_SAMPLE,USNM,MAMM,,C. Gebhard,GEODETIC_DATUM_ASSUMED_WGS84
3028043026,26098c25-8f7f-4c71-97ac-1d3db181c65e,http://n2t.net/ark:/65665/3f9414ca8-ff87-4c92-8207-656fd932f1a8,"Ellensburg, 2 Mi N, 18,5 Mi W Buck Meadows",Washington,47.0294,-120.936,,1280.0,,2001-08-21,2001,MATERIAL_SAMPLE,USNM,MAMM,,C. Gebhard,GEODETIC_DATUM_ASSUMED_WGS84
3028019845,26098c25-8f7f-4c71-97ac-1d3db181c65e,http://n2t.net/ark:/65665/3bb304180-46ae-4a1a-9e9d-1a256bb8ad90,"Ellensburg, 0.5 mi N, 18 mi W, Manastash Canyon",Washington,47.0208,-120.932,,,,2001-08-21,2001,MATERIAL_SAMPLE,USNM,MAMM,,C. Gebhard,GEODETIC_DATUM_ASSUMED_WGS84
3028008675,26098c25-8f7f-4c71-97ac-1d3db181c65e,http://n2t.net/ark:/65665/39852ab48-ced8-4d5a-8fcd-729738038eb9,"Ellensburg, 0.5 mi N, 18 mi W, Manastash Canyon",Washington,47.0208,-120.932,,,,2001-08-21,2001,MATERIAL_SAMPLE,USNM,MAMM,,C. Gebhard,GEODETIC_DATUM_ASSUMED_WGS84
3027990566,26098c25-8f7f-4c71-97ac-1d3db181c65e,http://n2t.net/ark:/65665/35e5997b7-0b37-4430-b0a9-d9919e54dfd7,"Ellensburg, 2 Mi N, 18,5 Mi W Buck Meadows",Washington,47.0294,-120.936,,1280.0,,2001-08-21,2001,MATERIAL_SAMPLE,USNM,MAMM,,C. Gebhard,GEODETIC_DATUM_ASSUMED_WGS84
3027981012,26098c25-8f7f-4c71-97ac-1d3db181c65e,http://n2t.net/ark:/65665/34d3ffc30-9754-424b-b8b0-1eac3b3acbe8,"Ellensburg, 0.5 Mi N, 18 Mi W Manastash Canyon",Washington,47.0208,-120.932,,,,2001-08-21,2001,MATERIAL_SAMPLE,USNM,MAMM,,C. Gebhard,GEODETIC_DATUM_ASSUMED_WGS84
3027980700,26098c25-8f7f-4c71-97ac-1d3db181c65e,http://n2t.net/ark:/65665/343f9b1eb-7571-4594-b86c-d965cae84e26,"Ellensburg, 2 Mi N, 18,5 Mi W Buck Meadows",Washington,47.0294,-120.936,,1280.0,,2001-08-21,2001,MATERIAL_SAMPLE,USNM,MAMM,,C. Gebhard,GEODETIC_DATUM_ASSUMED_WGS84
3018112966,50c9509d-22c7-4a22-a47d-8c48425ef4a7,https://www.inaturalist.org/observations/67553494,,Washington,46.788939,-121.783373,8.0,,,2020-07-07T12:08,2020,HUMAN_OBSERVATION,iNaturalist,Observations,67553494,Zach Hawn,COORDINATE_ROUNDED;CONTINENT_DERIVED_FROM_COORDINATES;TAXON_ID_NOT_FOUND
3018107971,50c9509d-22c7-4a22-a47d-8c48425ef4a7,https://www.inaturalist.org/observations/67553498,,Washington,46.791764,-121.78123,8.0,,,2020-07-07T14:06,2020,HUMAN_OBSERVATION,iNaturalist,Observations,67553498,Zach Hawn,COORDINATE_ROUNDED;CONTINENT_DERIVED_FROM_COORDINATES;TAXON_ID_NOT_FOUND
3018104922,50c9509d-22c7-4a22-a47d-8c48425ef4a7,https://www.inaturalist.org/observations/67553496,,Washington,46.791979,-121.780719,8.0,,,2020-07-07T13:42,2020,HUMAN_OBSERVATION,iNaturalist,Observations,67553496,Zach Hawn,COORDINATE_ROUNDED;CONTINENT_DERIVED_FROM_COORDINATES;TAXON_ID_NOT_FOUND
3018092969,50c9509d-22c7-4a22-a47d-8c48425ef4a7,https://www.inaturalist.org/observations/67553490,,Washington,46.788466,-121.783414,8.0,,,2020-07-07T11:45,2020,HUMAN_OBSERVATION,iNaturalist,Observations,67553490,Zach Hawn,COORDINATE_ROUNDED;CONTINENT_DERIVED_FROM_COORDINATES;TAXON_ID_NOT_FOUND
3018061934,50c9509d-22c7-4a22-a47d-8c48425ef4a7,https://www.inaturalist.org/observations/67553499,,Washington,46.791703,-121.781521,8.0,,,2020-07-07T14:04,2020,HUMAN_OBSERVATION,iNaturalist,Observations,67553499,Zach Hawn,COORDINATE_ROUNDED;CONTINENT_DERIVED_FROM_COORDINATES;TAXON_ID_NOT_FOUND
3018021961,50c9509d-22c7-4a22-a47d-8c48425ef4a7,https://www.inaturalist.org/observations/67552758,,Washington,46.917077,-121.67962,8.0,,,2020-08-03T15:23,2020,HUMAN_OBSERVATION,iNaturalist,Observations,67552758,Zach Hawn,COORDINATE_ROUNDED;CONTINENT_DERIVED_FROM_COORDINATES;TAXON_ID_NOT_FOUND
3018005936,50c9509d-22c7-4a22-a47d-8c48425ef4a7,https://www.inaturalist.org/observations/67552756,,Washington,46.917166,-121.683829,8.0,,,2020-08-03T15:21,2020,HUMAN_OBSERVATION,iNaturalist,Observations,67552756,Zach Hawn,COORDINATE_ROUNDED;CONTINENT_DERIVED_FROM_COORDINATES;TAXON_ID_NOT_FOUND
3017983946,50c9509d-22c7-4a22-a47d-8c48425ef4a7,https://www.inaturalist.org/observations/67552747,,Washington,46.919245,-121.66447,8.0,,,2020-08-03T11:59,2020,HUMAN_OBSERVATION,iNaturalist,Observations,67552747,Zach Hawn,COORDINATE_ROUNDED;CONTINENT_DERIVED_FROM_COORDINATES;TAXON_ID_NOT_FOUND
3017982933,50c9509d-22c7-4a22-a47d-8c48425ef4a7,https://www.inaturalist.org/observations/67552740,,Washington,46.919116,-121.663717,8.0,,,2020-08-03T11:55,2020,HUMAN_OBSERVATION,iNaturalist,Observations,67552740,Zach Hawn,COORDINATE_ROUNDED;CONTINENT_DERIVED_FROM_COORDINATES;TAXON_ID_NOT_FOUND
3008459710,50c9509d-22c7-4a22-a47d-8c48425ef4a7,https://www.inaturalist.org/observations/66791683,,Washington,46.762001,-121.734184,,,,2020-10-03T12:12,2020,HUMAN_OBSERVATION,iNaturalist,Observations,66791683,ungerlord,CONTINENT_DERIVED_FROM_COORDINATES;TAXON_ID_NOT_FOUND
3008433688,50c9509d-22c7-4a22-a47d-8c48425ef4a7,https://www.inaturalist.org/observations/66791684,,Washington,46.762001,-121.734184,,,,2020-10-03T12:11,2020,HUMAN_OBSERVATION,iNaturalist,Observations,66791684,ungerlord,CONTINENT_DERIVED_FROM_COORDINATES;TAXON_ID_NOT_FOUND
3008431710,50c9509d-22c7-4a22-a47d-8c48425ef4a7,https://www.inaturalist.org/observations/66791682,,Washington,46.762001,-121.734184,,,,2020-10-03T12:06,2020,HUMAN_OBSERVATION,iNaturalist,Observations,66791682,ungerlord,CONTINENT_DERIVED_FROM_COORDINATES;TAXON_ID_NOT_FOUND
2988705015,50c9509d-22c7-4a22-a47d-8c48425ef4a7,https://www.inaturalist.org/observations/65608951,,Washington,46.936258,-121.849296,501.0,,,2017-09-16T12:52,2017,HUMAN_OBSERVATION,iNaturalist,Observations,65608951,Hayley Lester,COORDINATE_ROUNDED;CONTINENT_DERIVED_FROM_COORDINATES;TAXON_ID_NOT_FOUND
2988317055,50c9509d-22c7-4a22-a47d-8c48425ef4a7,https://www.inaturalist.org/observations/64898303,,Washington,46.919178,-121.663205,,,,2020-08-03T16:26Z,2020,HUMAN_OBSERVATION,iNaturalist,Observations,64898303,zathras,COORDINATE_ROUNDED;CONTINENT_DERIVED_FROM_COORDINATES;TAXON_ID_NOT_FOUND
2984508734,50c9509d-22c7-4a22-a47d-8c48425ef4a7,https://www.inaturalist.org/observations/64536417,,Washington,46.927481,-121.687385,8.0,,,2020-08-03T14:03:48,2020,HUMAN_OBSERVATION,iNaturalist,Observations,64536417,Zach Hawn,COORDINATE_ROUNDED;CONTINENT_DERIVED_FROM_COORDINATES;TAXON_ID_NOT_FOUND
2984501802,50c9509d-22c7-4a22-a47d-8c48425ef4a7,https://www.inaturalist.org/observations/64536481,,Washington,47.023409,-121.635349,9.0,,,2020-08-31T11:38:29,2020,HUMAN_OBSERVATION,iNaturalist,Observations,64536481,Zach Hawn,COORDINATE_ROUNDED;CONTINENT_DERIVED_FROM_COORDINATES;TAXON_ID_NOT_FOUND
2984500800,50c9509d-22c7-4a22-a47d-8c48425ef4a7,https://www.inaturalist.org/observations/64536491,,Washington,47.026099,-121.632584,6.0,,,2020-08-31T11:49:39,2020,HUMAN_OBSERVATION,iNaturalist,Observations,64536491,Zach Hawn,COORDINATE_ROUNDED;CONTINENT_DERIVED_FROM_COORDINATES;TAXON_ID_NOT_FOUND
2984402439,50c9509d-22c7-4a22-a47d-8c48425ef4a7,https://www.inaturalist.org/observations/58093353,,Washington,45.969286,-121.790844,12244.0,,,2020-08-27T17:58:34,2020,HUMAN_OBSERVATION,iNaturalist,Observations,58093353,maxmer,COORDINATE_ROUNDED;CONTINENT_DERIVED_FROM_COORDINATES;TAXON_ID_NOT_FOUND
2984356795,50c9509d-22c7-4a22-a47d-8c48425ef4a7,https://www.inaturalist.org/observations/64536678,,Washington,47.015355,-121.635715,6.0,,,2020-08-31T17:49:15,2020,HUMAN_OBSERVATION,iNaturalist,Observations,64536678,Zach Hawn,COORDINATE_ROUNDED;CONTINENT_DERIVED_FROM_COORDINATES;TAXON_ID_NOT_FOUND
2980801951,50c9509d-22c7-4a22-a47d-8c48425ef4a7,https://www.inaturalist.org/observations/64011637,,Washington,47.443645,-121.463939,3.0,,,2020-11-01T09:46,2020,HUMAN_OBSERVATION,iNaturalist,Observations,64011637,John Soltys,COORDINATE_ROUNDED;CONTINENT_DERIVED_FROM_COORDINATES;TAXON_ID_NOT_FOUND
2963854679,50c9509d-22c7-4a22-a47d-8c48425ef4a7,https://www.inaturalist.org/observations/63411494,,Washington,47.370105,-121.208409,5.0,,,2020-08-08T10:57,2020,HUMAN_OBSERVATION,iNaturalist,Observations,63411494,Neil Gilham,COORDINATE_ROUNDED;CONTINENT_DERIVED_FROM_COORDINATES;TAXON_ID_NOT_FOUND
2963845021,50c9509d-22c7-4a22-a47d-8c48425ef4a7,https://www.inaturalist.org/observations/63644654,,Washington,47.453894,-121.436946,10.0,,,2020-10-27T09:12:53,2020,HUMAN_OBSERVATION,iNaturalist,Observations,63644654,Remington Tengs Jackson,COORDINATE_ROUNDED;CONTINENT_DERIVED_FROM_COORDINATES;TAXON_ID_NOT_FOUND
2883243319,50c9509d-22c7-4a22-a47d-8c48425ef4a7,https://www.inaturalist.org/observations/61727417,,Washington,47.428733,-121.330803,,,,2020-10-03T12:29:06,2020,HUMAN_OBSERVATION,iNaturalist,Observations,61727417,aileen70,COORDINATE_ROUNDED;CONTINENT_DERIVED_FROM_COORDINATES;TAXON_ID_NOT_FOUND
2883176582,50c9509d-22c7-4a22-a47d-8c48425ef4a7,https://www.inaturalist.org/observations/60915284,,Washington,47.45358,-121.43637,5.0,,,2020-09-26T08:32,2020,HUMAN_OBSERVATION,iNaturalist,Observations,60915284,John Soltys,CONTINENT_DERIVED_FROM_COORDINATES;TAXON_ID_NOT_FOUND
2883171254,50c9509d-22c7-4a22-a47d-8c48425ef4a7,https://www.inaturalist.org/observations/61738382,,Washington,46.761314,-121.73494,,,,2020-10-03T14:22,2020,HUMAN_OBSERVATION,iNaturalist,Observations,61738382,ungerlord,CONTINENT_DERIVED_FROM_COORDINATES;TAXON_ID_NOT_FOUND
2883058564,50c9509d-22c7-4a22-a47d-8c48425ef4a7,https://www.inaturalist.org/observations/60916451,,Washington,47.457117,-121.456602,10.0,,,2020-09-26T09:43,2020,HUMAN_OBSERVATION,iNaturalist,Observations,60916451,John Soltys,COORDINATE_ROUNDED;CONTINENT_DERIVED_FROM_COORDINATES;TAXON_ID_NOT_FOUND
2882966554,50c9509d-22c7-4a22-a47d-8c48425ef4a7,https://www.inaturalist.org/observations/60917393,,Washington,47.457043,-121.45487,5.0,,,2020-09-26T10:30,2020,HUMAN_OBSERVATION,iNaturalist,Observations,60917393,John Soltys,COORDINATE_ROUNDED;CONTINENT_DERIVED_FROM_COORDINATES;TAXON_ID_NOT_FOUND
2882940563,50c9509d-22c7-4a22-a47d-8c48425ef4a7,https://www.inaturalist.org/observations/61208703,,Washington,48.515732,-120.739272,136.0,,,2020-09-05T07:38:22,2020,HUMAN_OBSERVATION,iNaturalist,Observations,61208703,oncorhynchus7c,COORDINATE_ROUNDED;CONTINENT_DERIVED_FROM_COORDINATES;TAXON_ID_NOT_FOUND
2873969255,50c9509d-22c7-4a22-a47d-8c48425ef4a7,https://www.inaturalist.org/observations/61181262,,Washington,47.499959,-121.245354,8.0,,,2020-08-16T14:42,2020,HUMAN_OBSERVATION,iNaturalist,Observations,61181262,John Soltys,COORDINATE_ROUNDED;CONTINENT_DERIVED_FROM_COORDINATES;TAXON_ID_NOT_FOUND
2873960145,50c9509d-22c7-4a22-a47d-8c48425ef4a7,https://www.inaturalist.org/observations/60915840,,Washington,47.457535,-121.450888,18.0,,,2020-09-26T09:02,2020,HUMAN_OBSERVATION,iNaturalist,Observations,60915840,John Soltys,COORDINATE_ROUNDED;CONTINENT_DERIVED_FROM_COORDINATES;TAXON_ID_NOT_FOUND
2873870735,50c9509d-22c7-4a22-a47d-8c48425ef4a7,https://www.inaturalist.org/observations/60916788,,Washington,47.457117,-121.456602,10.0,,,2020-09-26T09:44,2020,HUMAN_OBSERVATION,iNaturalist,Observations,60916788,John Soltys,COORDINATE_ROUNDED;CONTINENT_DERIVED_FROM_COORDINATES;TAXON_ID_NOT_FOUND
2873861136,50c9509d-22c7-4a22-a47d-8c48425ef4a7,https://www.inaturalist.org/observations/60916087,,Washington,47.45732,-121.456357,10.0,,,2020-09-26T09:21,2020,HUMAN_OBSERVATION,iNaturalist,Observations,60916087,John Soltys,COORDINATE_ROUNDED;CONTINENT_DERIVED_FROM_COORDINATES;TAXON_ID_NOT_FOUND
2873839207,50c9509d-22c7-4a22-a47d-8c48425ef4a7,https://www.inaturalist.org/observations/60961628,,Washington,48.695862,-120.67435,,,,2020-09-04T16:32:52,2020,HUMAN_OBSERVATION,iNaturalist,Observations,60961628,John Brew,COORDINATE_ROUNDED;CONTINENT_DERIVED_FROM_COORDINATES;TAXON_ID_NOT_FOUND
2873793144,50c9509d-22c7-4a22-a47d-8c48425ef4a7,https://www.inaturalist.org/observations/60917066,,Washington,47.457786,-121.449626,18.0,,,2020-09-26T10:03,2020,HUMAN_OBSERVATION,iNaturalist,Observations,60917066,John Soltys,COORDINATE_ROUNDED;CONTINENT_DERIVED_FROM_COORDINATES;TAXON_ID_NOT_FOUND
2873773182,50c9509d-22c7-4a22-a47d-8c48425ef4a7,https://www.inaturalist.org/observations/60916571,,Washington,47.457117,-121.456602,10.0,,,2020-09-26T09:44,2020,HUMAN_OBSERVATION,iNaturalist,Observations,60916571,John Soltys,COORDINATE_ROUNDED;CONTINENT_DERIVED_FROM_COORDINATES;TAXON_ID_NOT_FOUND
2873724005,50c9509d-22c7-4a22-a47d-8c48425ef4a7,https://www.inaturalist.org/observations/60917395,,Washington,47.457946,-121.449368,6.0,,,2020-09-26T10:06,2020,HUMAN_OBSERVATION,iNaturalist,Observations,60917395,John Soltys,COORDINATE_ROUNDED;CONTINENT_DERIVED_FROM_COORDINATES;TAXON_ID_NOT_FOUND
2868399449,50c9509d-22c7-4a22-a47d-8c48425ef4a7,https://www.inaturalist.org/observations/60493186,,Washington,48.172867,-120.366694,4.0,,,2020-09-21T12:39:12,2020,HUMAN_OBSERVATION,iNaturalist,Observations,60493186,jackson200,COORDINATE_ROUNDED;CONTINENT_DERIVED_FROM_COORDINATES;TAXON_ID_NOT_FOUND
2868324617,50c9509d-22c7-4a22-a47d-8c48425ef4a7,https://www.inaturalist.org/observations/60413836,,Washington,47.4629,-121.345522,271.0,,,2020-08-24T08:52:23,2020,HUMAN_OBSERVATION,iNaturalist,Observations,60413836,John Brew,COORDINATE_ROUNDED;CONTINENT_DERIVED_FROM_COORDINATES;TAXON_ID_NOT_FOUND
2868306745,50c9509d-22c7-4a22-a47d-8c48425ef4a7,https://www.inaturalist.org/observations/60493150,,Washington,48.207085,-120.355232,4.0,,,2020-09-21T10:34:22,2020,HUMAN_OBSERVATION,iNaturalist,Observations,60493150,jackson200,COORDINATE_ROUNDED;CONTINENT_DERIVED_FROM_COORDINATES;TAXON_ID_NOT_FOUND
2868275662,50c9509d-22c7-4a22-a47d-8c48425ef4a7,https://www.inaturalist.org/observations/60493085,,Washington,48.211948,-120.345375,10.0,,,2020-09-20T16:06:33,2020,HUMAN_OBSERVATION,iNaturalist,Observations,60493085,jackson200,COORDINATE_ROUNDED;CONTINENT_DERIVED_FROM_COORDINATES;TAXON_ID_NOT_FOUND
2868250689,50c9509d-22c7-4a22-a47d-8c48425ef4a7,https://www.inaturalist.org/observations/60493132,,Washington,48.207825,-120.345652,4.0,,,2020-09-21T09:49:26,2020,HUMAN_OBSERVATION,iNaturalist,Observations,60493132,jackson200,COORDINATE_ROUNDED;CONTINENT_DERIVED_FROM_COORDINATES;TAXON_ID_NOT_FOUND
2868153292,50c9509d-22c7-4a22-a47d-8c48425ef4a7,https://www.inaturalist.org/observations/60493200,,Washington,48.171911,-120.365385,4.0,,,2020-09-21T12:53:07,2020,HUMAN_OBSERVATION,iNaturalist,Observations,60493200,jackson200,COORDINATE_ROUNDED;CONTINENT_DERIVED_FROM_COORDINATES;TAXON_ID_NOT_FOUND
2868095877,50c9509d-22c7-4a22-a47d-8c48425ef4a7,https://www.inaturalist.org/observations/60035179,,Washington,45.724997,-122.303405,56.0,,,2020-09-18T11:34:34,2020,HUMAN_OBSERVATION,iNaturalist,Observations,60035179,xadie,COORDINATE_ROUNDED;CONTINENT_DERIVED_FROM_COORDINATES;TAXON_ID_NOT_FOUND
2868083943,50c9509d-22c7-4a22-a47d-8c48425ef4a7,https://www.inaturalist.org/observations/60312244,,Washington,46.665387,-121.411322,,,,2020-07-11T09:24,2020,HUMAN_OBSERVATION,iNaturalist,Observations,60312244,Christopher J. Earle,COORDINATE_ROUNDED;CONTINENT_DERIVED_FROM_COORDINATES;TAXON_ID_NOT_FOUND
2868081831,50c9509d-22c7-4a22-a47d-8c48425ef4a7,https://www.inaturalist.org/observations/60412223,,Washington,47.478663,-121.324938,,,,2020-08-24T07:41:29,2020,HUMAN_OBSERVATION,iNaturalist,Observations,60412223,John Brew,COORDINATE_ROUNDED;CONTINENT_DERIVED_FROM_COORDINATES;TAXON_ID_NOT_FOUND
2864844442,50c9509d-22c7-4a22-a47d-8c48425ef4a7,https://www.inaturalist.org/observations/59593454,,Washington,46.879966,-121.726909,21325.0,,,2020-09-11T13:32,2020,HUMAN_OBSERVATION,iNaturalist,Observations,59593454,kalikuma,COORDINATE_ROUNDED;CONTINENT_DERIVED_FROM_COORDINATES;TAXON_ID_NOT_FOUND
2864657035,50c9509d-22c7-4a22-a47d-8c48425ef4a7,https://www.inaturalist.org/observations/59497922,,Washington,47.370106,-121.323877,10.0,,,2020-09-06T16:22,2020,HUMAN_OBSERVATION,iNaturalist,Observations,59497922,John Soltys,COORDINATE_ROUNDED;CONTINENT_DERIVED_FROM_COORDINATES;TAXON_ID_NOT_FOUND
2864649643,50c9509d-22c7-4a22-a47d-8c48425ef4a7,https://www.inaturalist.org/observations/59499875,,Washington,47.457547,-121.451168,9.0,,,2020-09-12T05:55,2020,HUMAN_OBSERVATION,iNaturalist,Observations,59499875,John Soltys,COORDINATE_ROUNDED;CONTINENT_DERIVED_FROM_COORDINATES;TAXON_ID_NOT_FOUND
2862580484,50c9509d-22c7-4a22-a47d-8c48425ef4a7,https://www.inaturalist.org/observations/56146596,,Washington,47.48378,-120.823098,39.0,,,2020-08-06T09:53:22,2020,HUMAN_OBSERVATION,iNaturalist,Observations,56146596,jackson200,COORDINATE_ROUNDED;CONTINENT_DERIVED_FROM_COORDINATES;TAXON_ID_NOT_FOUND
2862521475,50c9509d-22c7-4a22-a47d-8c48425ef4a7,https://www.inaturalist.org/observations/56146577,,Washington,47.48554,-120.825028,16.0,,,2020-08-06T09:02:08,2020,HUMAN_OBSERVATION,iNaturalist,Observations,56146577,jackson200,COORDINATE_ROUNDED;CONTINENT_DERIVED_FROM_COORDINATES;TAXON_ID_NOT_FOUND
2862503067,50c9509d-22c7-4a22-a47d-8c48425ef4a7,https://www.inaturalist.org/observations/58885986,,Washington,47.668452,-120.943804,,,,2020-09-06T08:47,2020,HUMAN_OBSERVATION,iNaturalist,Observations,58885986,Eric Jain,COORDINATE_ROUNDED;CONTINENT_DERIVED_FROM_COORDINATES;TAXON_ID_NOT_FOUND
2862347831,50c9509d-22c7-4a22-a47d-8c48425ef4a7,https://www.inaturalist.org/observations/58668168,,Washington,47.288033,-120.546884,7.0,,,2020-09-05T13:52,2020,HUMAN_OBSERVATION,iNaturalist,Observations,58668168,szeligaw,COORDINATE_ROUNDED;CONTINENT_DERIVED_FROM_COORDINATES;TAXON_ID_NOT_FOUND
2862344194,50c9509d-22c7-4a22-a47d-8c48425ef4a7,https://www.inaturalist.org/observations/58954139,,Washington,45.883085,-121.782758,,,,2020-07-05T13:58,2020,HUMAN_OBSERVATION,iNaturalist,Observations,58954139,Christopher J. Earle,COORDINATE_ROUNDED;CONTINENT_DERIVED_FROM_COORDINATES;TAXON_ID_NOT_FOUND
2862339478,50c9509d-22c7-4a22-a47d-8c48425ef4a7,https://www.inaturalist.org/observations/56146545,,Washington,47.48584,-120.825531,9.0,,,2020-08-06T08:43:51,2020,HUMAN_OBSERVATION,iNaturalist,Observations,56146545,jackson200,COORDINATE_ROUNDED;CONTINENT_DERIVED_FROM_COORDINATES;TAXON_ID_NOT_FOUND
2862331128,50c9509d-22c7-4a22-a47d-8c48425ef4a7,https://www.inaturalist.org/observations/58923899,,Washington,46.501049,-121.501996,119.0,,,2020-09-07T17:16:02,2020,HUMAN_OBSERVATION,iNaturalist,Observations,58923899,Bryce Silver-Bates,COORDINATE_ROUNDED;CONTINENT_DERIVED_FROM_COORDINATES;TAXON_ID_NOT_FOUND
2862296130,50c9509d-22c7-4a22-a47d-8c48425ef4a7,https://www.inaturalist.org/observations/58881566,,Washington,46.486403,-121.455348,57.0,,,2020-09-06T10:56:47,2020,HUMAN_OBSERVATION,iNaturalist,Observations,58881566,Ivan Phillipsen,COORDINATE_ROUNDED;CONTINENT_DERIVED_FROM_COORDINATES;TAXON_ID_NOT_FOUND
2860175500,50c9509d-22c7-4a22-a47d-8c48425ef4a7,https://www.inaturalist.org/observations/56146525,,Washington,47.483051,-120.826338,75.0,,,2020-08-06T08:11:13,2020,HUMAN_OBSERVATION,iNaturalist,Observations,56146525,jackson200,COORDINATE_ROUNDED;CONTINENT_DERIVED_FROM_COORDINATES;TAXON_ID_NOT_FOUND
2860152495,50c9509d-22c7-4a22-a47d-8c48425ef4a7,https://www.inaturalist.org/observations/55963448,,Washington,48.484572,-120.677734,,,,2020-08-08T14:24,2020,HUMAN_OBSERVATION,iNaturalist,Observations,55963448,Eric Jain,COORDINATE_ROUNDED;CONTINENT_DERIVED_FROM_COORDINATES;TAXON_ID_NOT_FOUND
2860137860,50c9509d-22c7-4a22-a47d-8c48425ef4a7,https://www.inaturalist.org/observations/57999785,,Washington,47.557163,-120.993161,18.0,,,2020-08-28T19:24:07,2020,HUMAN_OBSERVATION,iNaturalist,Observations,57999785,jackson200,COORDINATE_ROUNDED;CONTINENT_DERIVED_FROM_COORDINATES;TAXON_ID_NOT_FOUND
2860095857,50c9509d-22c7-4a22-a47d-8c48425ef4a7,https://www.inaturalist.org/observations/57999770,,Washington,47.557081,-120.992793,22.0,,,2020-08-28T19:06:57,2020,HUMAN_OBSERVATION,iNaturalist,Observations,57999770,jackson200,COORDINATE_ROUNDED;CONTINENT_DERIVED_FROM_COORDINATES;TAXON_ID_NOT_FOUND
2860061503,50c9509d-22c7-4a22-a47d-8c48425ef4a7,https://www.inaturalist.org/observations/56146458,,Washington,47.493788,-120.837138,15.0,,,2020-08-05T18:14:50,2020,HUMAN_OBSERVATION,iNaturalist,Observations,56146458,jackson200,COORDINATE_ROUNDED;CONTINENT_DERIVED_FROM_COORDINATES;TAXON_ID_NOT_FOUND
2859988844,50c9509d-22c7-4a22-a47d-8c48425ef4a7,https://www.inaturalist.org/observations/57987340,,Washington,47.437361,-121.390612,780.0,,,2020-08-29T11:15:05,2020,HUMAN_OBSERVATION,iNaturalist,Observations,57987340,gryphyx,COORDINATE_ROUNDED;CONTINENT_DERIVED_FROM_COORDINATES;TAXON_ID_NOT_FOUND
2859964879,50c9509d-22c7-4a22-a47d-8c48425ef4a7,https://www.inaturalist.org/observations/57999756,,Washington,47.557346,-120.994228,9.0,,,2020-08-28T18:51:46,2020,HUMAN_OBSERVATION,iNaturalist,Observations,57999756,jackson200,COORDINATE_ROUNDED;CONTINENT_DERIVED_FROM_COORDINATES;TAXON_ID_NOT_FOUND
2859945638,50c9509d-22c7-4a22-a47d-8c48425ef4a7,https://www.inaturalist.org/observations/57847680,,Washington,48.832456,-121.705583,562.0,,,2020-08-27T11:55:10,2020,HUMAN_OBSERVATION,iNaturalist,Observations,57847680,augurapart,COORDINATE_ROUNDED;CONTINENT_DERIVED_FROM_COORDINATES;TAXON_ID_NOT_FOUND
2859944897,50c9509d-22c7-4a22-a47d-8c48425ef4a7,https://www.inaturalist.org/observations/57999802,,Washington,47.554127,-120.987868,4.0,,,2020-08-29T07:21:58,2020,HUMAN_OBSERVATION,iNaturalist,Observations,57999802,jackson200,COORDINATE_ROUNDED;CONTINENT_DERIVED_FROM_COORDINATES;TAXON_ID_NOT_FOUND
2859940026,50c9509d-22c7-4a22-a47d-8c48425ef4a7,https://www.inaturalist.org/observations/58120174,,Washington,46.933796,-121.863519,15.0,,,2020-08-30T13:04,2020,HUMAN_OBSERVATION,iNaturalist,Observations,58120174,Mike,COORDINATE_ROUNDED;CONTINENT_DERIVED_FROM_COORDINATES;TAXON_ID_NOT_FOUND
2859924483,50c9509d-22c7-4a22-a47d-8c48425ef4a7,https://www.inaturalist.org/observations/56146494,,Washington,47.487311,-120.830827,27.0,,,2020-08-06T07:51:59,2020,HUMAN_OBSERVATION,iNaturalist,Observations,56146494,jackson200,COORDINATE_ROUNDED;CONTINENT_DERIVED_FROM_COORDINATES;TAXON_ID_NOT_FOUND
2859890030,50c9509d-22c7-4a22-a47d-8c48425ef4a7,https://www.inaturalist.org/observations/58120172,,Washington,46.920133,-121.858424,8.0,,,2020-08-30T13:03,2020,HUMAN_OBSERVATION,iNaturalist,Observations,58120172,Mike,COORDINATE_ROUNDED;CONTINENT_DERIVED_FROM_COORDINATES;TAXON_ID_NOT_FOUND
2856743146,50c9509d-22c7-4a22-a47d-8c48425ef4a7,https://www.inaturalist.org/observations/57519395,,Washington,46.917565,-121.668641,31.0,,,2020-08-20T13:34,2020,HUMAN_OBSERVATION,iNaturalist,Observations,57519395,Mike,COORDINATE_ROUNDED;CONTINENT_DERIVED_FROM_COORDINATES;TAXON_ID_NOT_FOUND
2856736209,50c9509d-22c7-4a22-a47d-8c48425ef4a7,https://www.inaturalist.org/observations/57549613,,Washington,46.486455,-121.45535,,,,2020-08-23T09:49,2020,HUMAN_OBSERVATION,iNaturalist,Observations,57549613,Eric Jain,COORDINATE_ROUNDED;CONTINENT_DERIVED_FROM_COORDINATES;TAXON_ID_NOT_FOUND
2856731503,50c9509d-22c7-4a22-a47d-8c48425ef4a7,https://www.inaturalist.org/observations/56481470,,Washington,48.469765,-121.055433,4.0,,,2020-08-14T10:07:30,2020,HUMAN_OBSERVATION,iNaturalist,Observations,56481470,jackson200,COORDINATE_ROUNDED;CONTINENT_DERIVED_FROM_COORDINATES;TAXON_ID_NOT_FOUND
2856731188,50c9509d-22c7-4a22-a47d-8c48425ef4a7,https://www.inaturalist.org/observations/57519393,,Washington,46.919326,-121.661824,61.0,,,2020-08-20T13:31,2020,HUMAN_OBSERVATION,iNaturalist,Observations,57519393,Mike,COORDINATE_ROUNDED;CONTINENT_DERIVED_FROM_COORDINATES;TAXON_ID_NOT_FOUND
2856693190,50c9509d-22c7-4a22-a47d-8c48425ef4a7,https://www.inaturalist.org/observations/57549603,,Washington,46.491343,-121.463703,,,,2020-08-23T09:28,2020,HUMAN_OBSERVATION,iNaturalist,Observations,57549603,Eric Jain,COORDINATE_ROUNDED;CONTINENT_DERIVED_FROM_COORDINATES;TAXON_ID_NOT_FOUND
2856631531,50c9509d-22c7-4a22-a47d-8c48425ef4a7,https://www.inaturalist.org/observations/56481460,,Washington,48.468032,-121.056842,4.0,,,2020-08-14T09:47:34,2020,HUMAN_OBSERVATION,iNaturalist,Observations,56481460,jackson200,COORDINATE_ROUNDED;CONTINENT_DERIVED_FROM_COORDINATES;TAXON_ID_NOT_FOUND
2856619503,50c9509d-22c7-4a22-a47d-8c48425ef4a7,https://www.inaturalist.org/observations/56146569,,Washington,47.485746,-120.825925,43.0,,,2020-08-06T08:48:31,2020,HUMAN_OBSERVATION,iNaturalist,Observations,56146569,jackson200,COORDINATE_ROUNDED;CONTINENT_DERIVED_FROM_COORDINATES;TAXON_ID_NOT_FOUND
2856607475,50c9509d-22c7-4a22-a47d-8c48425ef4a7,https://www.inaturalist.org/observations/55571891,,Washington,48.701144,-120.674593,31.0,,,2020-07-23,2020,HUMAN_OBSERVATION,iNaturalist,Observations,55571891,trpaprocki,COORDINATE_ROUNDED;CONTINENT_DERIVED_FROM_COORDINATES;TAXON_ID_NOT_FOUND
2856528505,50c9509d-22c7-4a22-a47d-8c48425ef4a7,https://www.inaturalist.org/observations/55963453,,Washington,48.483567,-120.680199,,,,2020-08-08T14:45,2020,HUMAN_OBSERVATION,iNaturalist,Observations,55963453,Eric Jain,COORDINATE_ROUNDED;CONTINENT_DERIVED_FROM_COORDINATES;TAXON_ID_NOT_FOUND
2856528122,50c9509d-22c7-4a22-a47d-8c48425ef4a7,https://www.inaturalist.org/observations/57518341,,Washington,48.850092,-121.706342,1783.0,,,2020-08-24,2020,HUMAN_OBSERVATION,iNaturalist,Observations,57518341,Serena Tierra,COORDINATE_ROUNDED;CONTINENT_DERIVED_FROM_COORDINATES;TAXON_ID_NOT_FOUND
2856498129,50c9509d-22c7-4a22-a47d-8c48425ef4a7,https://www.inaturalist.org/observations/57532214,,Washington,46.486347,-121.477845,5.0,,,2020-08-21T16:10:01,2020,HUMAN_OBSERVATION,iNaturalist,Observations,57532214,wiersmak,COORDINATE_ROUNDED;CONTINENT_DERIVED_FROM_COORDINATES;TAXON_ID_NOT_FOUND
2851166126,50c9509d-22c7-4a22-a47d-8c48425ef4a7,https://www.inaturalist.org/observations/56689082,,Washington,48.84713,-121.700578,,,,2020-08-15T09:07,2020,HUMAN_OBSERVATION,iNaturalist,Observations,56689082,Eric Jain,COORDINATE_ROUNDED;CONTINENT_DERIVED_FROM_COORDINATES;TAXON_ID_NOT_FOUND
2851163050,50c9509d-22c7-4a22-a47d-8c48425ef4a7,https://www.inaturalist.org/observations/56689083,,Washington,48.846591,-121.717194,,,,2020-08-15T10:04,2020,HUMAN_OBSERVATION,iNaturalist,Observations,56689083,Eric Jain,COORDINATE_ROUNDED;CONTINENT_DERIVED_FROM_COORDINATES;TAXON_ID_NOT_FOUND
2851002922,50c9509d-22c7-4a22-a47d-8c48425ef4a7,https://www.inaturalist.org/observations/55210185,,Washington,47.440611,-121.386704,5.0,,,2020-08-02T06:31,2020,HUMAN_OBSERVATION,iNaturalist,Observations,55210185,John Soltys,COORDINATE_ROUNDED;CONTINENT_DERIVED_FROM_COORDINATES;TAXON_ID_NOT_FOUND
2850998951,50c9509d-22c7-4a22-a47d-8c48425ef4a7,https://www.inaturalist.org/observations/55210183,,Washington,47.440405,-121.386333,13.0,,,2020-08-02T06:29,2020,HUMAN_OBSERVATION,iNaturalist,Observations,55210183,John Soltys,COORDINATE_ROUNDED;CONTINENT_DERIVED_FROM_COORDINATES;TAXON_ID_NOT_FOUND
2850984917,50c9509d-22c7-4a22-a47d-8c48425ef4a7,https://www.inaturalist.org/observations/55210184,,Washington,47.440464,-121.386516,3.0,,,2020-08-02T06:30,2020,HUMAN_OBSERVATION,iNaturalist,Observations,55210184,John Soltys,COORDINATE_ROUNDED;CONTINENT_DERIVED_FROM_COORDINATES;TAXON_ID_NOT_FOUND
2850960975,50c9509d-22c7-4a22-a47d-8c48425ef4a7,https://www.inaturalist.org/observations/55244517,,Washington,48.1407,-121.072,,,,2020-07-26T11:00,2020,HUMAN_OBSERVATION,iNaturalist,Observations,55244517,larsonek,CONTINENT_DERIVED_FROM_COORDINATES;TAXON_ID_NOT_FOUND
2850732149,50c9509d-22c7-4a22-a47d-8c48425ef4a7,https://www.inaturalist.org/observations/56712709,,Washington,48.065919,-121.781531,,,,2020-08-16T09:32:49,2020,HUMAN_OBSERVATION,iNaturalist,Observations,56712709,capt-dan,COORDINATE_ROUNDED;CONTINENT_DERIVED_FROM_COORDINATES;TAXON_ID_NOT_FOUND
2850635968,50c9509d-22c7-4a22-a47d-8c48425ef4a7,https://www.inaturalist.org/observations/56588869,,Washington,46.914479,-121.642959,2104.0,,,2018-08-29T08:49:01Z,2018,HUMAN_OBSERVATION,iNaturalist,Observations,56588869,Christopher,COORDINATE_ROUNDED;CONTINENT_DERIVED_FROM_COORDINATES;TAXON_ID_NOT_FOUND
2850548979,50c9509d-22c7-4a22-a47d-8c48425ef4a7,https://www.inaturalist.org/observations/55210191,,Washington,47.439271,-121.386037,5.0,,,2020-08-02T09:00,2020,HUMAN_OBSERVATION,iNaturalist,Observations,55210191,John Soltys,COORDINATE_ROUNDED;CONTINENT_DERIVED_FROM_COORDINATES;TAXON_ID_NOT_FOUND
2826496148,50c9509d-22c7-4a22-a47d-8c48425ef4a7,https://www.inaturalist.org/observations/55106960,,Washington,46.793654,-121.730796,8.0,,,2020-08-01T13:18,2020,HUMAN_OBSERVATION,iNaturalist,Observations,55106960,billtweit,COORDINATE_ROUNDED;CONTINENT_DERIVED_FROM_COORDINATES;TAXON_ID_NOT_FOUND
2826459717,50c9509d-22c7-4a22-a47d-8c48425ef4a7,https://www.inaturalist.org/observations/54796013,,Washington,46.769334,-121.72419,468.0,,,2020-07-20T19:57,2020,HUMAN_OBSERVATION,iNaturalist,Observations,54796013,Isaac Lord,COORDINATE_ROUNDED;CONTINENT_DERIVED_FROM_COORDINATES;TAXON_ID_NOT_FOUND
2826300737,50c9509d-22c7-4a22-a47d-8c48425ef4a7,https://www.inaturalist.org/observations/54124681,,Washington,47.354842,-121.454624,2.0,,,2020-06-27T08:28,2020,HUMAN_OBSERVATION,iNaturalist,Observations,54124681,John Soltys,COORDINATE_ROUNDED;CONTINENT_DERIVED_FROM_COORDINATES;TAXON_ID_NOT_FOUND
2826283434,50c9509d-22c7-4a22-a47d-8c48425ef4a7,https://www.inaturalist.org/observations/54607044,,Washington,46.759056,-121.661639,227.0,,,2020-07-27T23:11:23,2020,HUMAN_OBSERVATION,iNaturalist,Observations,54607044,Bryce Silver-Bates,COORDINATE_ROUNDED;CONTINENT_DERIVED_FROM_COORDINATES;TAXON_ID_NOT_FOUND
2826200859,50c9509d-22c7-4a22-a47d-8c48425ef4a7,https://www.inaturalist.org/observations/54194581,,Washington,47.770961,-121.796127,26807.0,,,2020-07-24T12:34:20,2020,HUMAN_OBSERVATION,iNaturalist,Observations,54194581,Tom Erler,COORDINATE_ROUNDED;CONTINENT_DERIVED_FROM_COORDINATES;TAXON_ID_NOT_FOUND
2826171234,50c9509d-22c7-4a22-a47d-8c48425ef4a7,https://www.inaturalist.org/observations/54466654,,Washington,47.414688,-121.360315,6.0,,,2020-07-25T07:40,2020,HUMAN_OBSERVATION,iNaturalist,Observations,54466654,John Soltys,COORDINATE_ROUNDED;CONTINENT_DERIVED_FROM_COORDINATES;TAXON_ID_NOT_FOUND
2823296761,50c9509d-22c7-4a22-a47d-8c48425ef4a7,https://www.inaturalist.org/observations/53448079,,Washington,47.39277,-121.474003,181.0,,,2020-07-17T00:36,2020,HUMAN_OBSERVATION,iNaturalist,Observations,53448079,emilie_p,COORDINATE_ROUNDED;CONTINENT_DERIVED_FROM_COORDINATES;TAXON_ID_NOT_FOUND
2823099078,50c9509d-22c7-4a22-a47d-8c48425ef4a7,https://www.inaturalist.org/observations/53662534,,Washington,47.195639,-120.389306,259.0,,,2020-07-18T08:38,2020,HUMAN_OBSERVATION,iNaturalist,Observations,53662534,Deborah Essman,CONTINENT_DERIVED_FROM_COORDINATES;TAXON_ID_NOT_FOUND
2818499842,50c9509d-22c7-4a22-a47d-8c48425ef4a7,https://www.inaturalist.org/observations/52760567,,Washington,48.030108,-121.696106,26743.0,,,2020-07-08T15:27:16,2020,HUMAN_OBSERVATION,iNaturalist,Observations,52760567,annalise123,COORDINATE_ROUNDED;CONTINENT_DERIVED_FROM_COORDINATES;TAXON_ID_NOT_FOUND
2814343497,50c9509d-22c7-4a22-a47d-8c48425ef4a7,https://www.inaturalist.org/observations/51268560,,Washington,46.778062,-121.881833,8.0,,,2020-06-19T18:51,2020,HUMAN_OBSERVATION,iNaturalist,Observations,51268560,Zach Hawn,COORDINATE_ROUNDED;CONTINENT_DERIVED_FROM_COORDINATES;TAXON_ID_NOT_FOUND
2814283387,50c9509d-22c7-4a22-a47d-8c48425ef4a7,https://www.inaturalist.org/observations/51268551,,Washington,46.779821,-121.885263,4.0,,,2020-06-19T18:17,2020,HUMAN_OBSERVATION,iNaturalist,Observations,51268551,Zach Hawn,COORDINATE_ROUNDED;CONTINENT_DERIVED_FROM_COORDINATES;TAXON_ID_NOT_FOUND
2814062495,50c9509d-22c7-4a22-a47d-8c48425ef4a7,https://www.inaturalist.org/observations/52150258,,Washington,46.792854,-121.728749,,,,2019-09-25T16:00:21Z,2019,HUMAN_OBSERVATION,iNaturalist,Observations,52150258,zieoze,COORDINATE_ROUNDED;CONTINENT_DERIVED_FROM_COORDINATES;TAXON_ID_NOT_FOUND
2804498431,2aa02cf8-c402-412c-9ad1-585e1e185bef,https://arctos.database.museum/guid/ASNHC:Mamm:8225,"11.7 mi W Mazama (by road), 0.5 mi W Lone Fir Campground",Washington,48.579999,-120.647705,3479.0,,,1993-06-19,1993,PRESERVED_SPECIMEN,ASNHC,Mammalogy,ASNHC:Mamm:8225,Collector(s): Robert C. Dowler; Preparator(s): Robert C. Dowler,CONTINENT_DERIVED_FROM_COORDINATES;INSTITUTION_MATCH_NONE
2804491656,2aa02cf8-c402-412c-9ad1-585e1e185bef,https://arctos.database.museum/guid/ASNHC:Mamm:8226,"11.7 mi W Mazama (by road), 0.5 mi W Lone Fir Campground",Washington,48.579999,-120.647705,3479.0,,,1993-06-19,1993,PRESERVED_SPECIMEN,ASNHC,Mammalogy,ASNHC:Mamm:8226,Collector(s): Robert C. Dowler; Preparator(s): Robert C. Dowler,CONTINENT_DERIVED_FROM_COORDINATES;INSTITUTION_MATCH_NONE
2804488733,2aa02cf8-c402-412c-9ad1-585e1e185bef,https://arctos.database.museum/guid/ASNHC:Mamm:8224,0.5 mi W Lone Fir Campground,Washington,48.579999,-120.636768,3479.0,,,1993-06-17,1993,PRESERVED_SPECIMEN,ASNHC,Mammalogy,ASNHC:Mamm:8224,Collector(s): Robert C. Dowler; Preparator(s): Robert C. Dowler,CONTINENT_DERIVED_FROM_COORDINATES;INSTITUTION_MATCH_NONE
2802602460,50c9509d-22c7-4a22-a47d-8c48425ef4a7,https://www.inaturalist.org/observations/33414211,,Washington,48.2149,-120.3483,5673.0,,,2019-09-20T13:05,2019,HUMAN_OBSERVATION,iNaturalist,Observations,33414211,Christine,CONTINENT_DERIVED_FROM_COORDINATES;TAXON_ID_NOT_FOUND
2641402364,50c9509d-22c7-4a22-a47d-8c48425ef4a7,https://www.inaturalist.org/observations/31316967,,Washington,48.201227,-120.933225,,,,2019-08-21T07:55,2019,HUMAN_OBSERVATION,iNaturalist,Observations,31316967,Eric Jain,COORDINATE_ROUNDED;CONTINENT_DERIVED_FROM_COORDINATES;TAXON_ID_NOT_FOUND
2641351002,50c9509d-22c7-4a22-a47d-8c48425ef4a7,https://www.inaturalist.org/observations/48746466,,Washington,46.769632,-121.736982,8.0,,,2020-06-06T18:39,2020,HUMAN_OBSERVATION,iNaturalist,Observations,48746466,Zach Hawn,COORDINATE_ROUNDED;CONTINENT_DERIVED_FROM_COORDINATES;TAXON_ID_NOT_FOUND
2641326281,50c9509d-22c7-4a22-a47d-8c48425ef4a7,https://www.inaturalist.org/observations/48933966,,Washington,46.785919,-121.732608,4.0,,,2014-07-09,2014,HUMAN_OBSERVATION,iNaturalist,Observations,48933966,Rodamu,COORDINATE_ROUNDED;CONTINENT_DERIVED_FROM_COORDINATES;TAXON_ID_NOT_FOUND
2634409572,50c9509d-22c7-4a22-a47d-8c48425ef4a7,https://www.inaturalist.org/observations/47302191,,Washington,46.640094,-121.392183,8.0,,,2020-05-20T07:46,2020,HUMAN_OBSERVATION,iNaturalist,Observations,47302191,Zach Hawn,COORDINATE_ROUNDED;CONTINENT_DERIVED_FROM_COORDINATES;TAXON_ID_NOT_FOUND
2626549205,50c9509d-22c7-4a22-a47d-8c48425ef4a7,https://www.inaturalist.org/observations/46774380,,Washington,46.713228,-121.12396,4.0,,,2020-05-20T17:58:50,2020,HUMAN_OBSERVATION,iNaturalist,Observations,46774380,Zach Hawn,COORDINATE_ROUNDED;CONTINENT_DERIVED_FROM_COORDINATES;TAXON_ID_NOT_FOUND
2626446722,50c9509d-22c7-4a22-a47d-8c48425ef4a7,https://www.inaturalist.org/observations/46774354,,Washington,46.711237,-121.116747,5.0,,,2020-05-20T17:22:25,2020,HUMAN_OBSERVATION,iNaturalist,Observations,46774354,Zach Hawn,COORDINATE_ROUNDED;CONTINENT_DERIVED_FROM_COORDINATES;TAXON_ID_NOT_FOUND
2626348108,50c9509d-22c7-4a22-a47d-8c48425ef4a7,https://www.inaturalist.org/observations/46774307,,Washington,46.708913,-121.109258,5.0,,,2020-05-20T17:00:26,2020,HUMAN_OBSERVATION,iNaturalist,Observations,46774307,Zach Hawn,COORDINATE_ROUNDED;CONTINENT_DERIVED_FROM_COORDINATES;TAXON_ID_NOT_FOUND
2611345053,50c9509d-22c7-4a22-a47d-8c48425ef4a7,https://www.inaturalist.org/observations/44198122,,Washington,46.639917,-121.391997,,,,2019-08-07T21:01:48,2019,HUMAN_OBSERVATION,iNaturalist,Observations,44198122,Will Schenck,COORDINATE_ROUNDED;CONTINENT_DERIVED_FROM_COORDINATES;TAXON_ID_NOT_FOUND
2611168071,50c9509d-22c7-4a22-a47d-8c48425ef4a7,https://www.inaturalist.org/observations/43180081,,Washington,47.942288,-121.354569,944.0,,,2020-04-24T15:27,2020,HUMAN_OBSERVATION,iNaturalist,Observations,43180081,Coleman Evans,COORDINATE_ROUNDED;CONTINENT_DERIVED_FROM_COORDINATES;TAXON_ID_NOT_FOUND
2609289663,50c9509d-22c7-4a22-a47d-8c48425ef4a7,https://www.inaturalist.org/observations/42987921,,Washington,46.771199,-121.743603,5.0,,,2019-11-11T12:45,2019,HUMAN_OBSERVATION,iNaturalist,Observations,42987921,Zach Hawn,COORDINATE_ROUNDED;CONTINENT_DERIVED_FROM_COORDINATES;TAXON_ID_NOT_FOUND
2609276073,50c9509d-22c7-4a22-a47d-8c48425ef4a7,https://www.inaturalist.org/observations/42988011,,Washington,46.769526,-121.736385,5.0,,,2019-11-11T13:39:12,2019,HUMAN_OBSERVATION,iNaturalist,Observations,42988011,Zach Hawn,COORDINATE_ROUNDED;CONTINENT_DERIVED_FROM_COORDINATES;TAXON_ID_NOT_FOUND
2609239779,50c9509d-22c7-4a22-a47d-8c48425ef4a7,https://www.inaturalist.org/observations/42987983,,Washington,46.769706,-121.737981,6.0,,,2019-11-11T13:23:46,2019,HUMAN_OBSERVATION,iNaturalist,Observations,42987983,Zach Hawn,COORDINATE_ROUNDED;CONTINENT_DERIVED_FROM_COORDINATES;TAXON_ID_NOT_FOUND
2609156174,50c9509d-22c7-4a22-a47d-8c48425ef4a7,https://www.inaturalist.org/observations/42987789,,Washington,46.908454,-121.65977,7.0,,,2019-09-23T12:56:02,2019,HUMAN_OBSERVATION,iNaturalist,Observations,42987789,Zach Hawn,COORDINATE_ROUNDED;CONTINENT_DERIVED_FROM_COORDINATES;TAXON_ID_NOT_FOUND
2609139865,50c9509d-22c7-4a22-a47d-8c48425ef4a7,https://www.inaturalist.org/observations/42987968,,Washington,46.769673,-121.737512,4.0,,,2019-11-11T13:09:43,2019,HUMAN_OBSERVATION,iNaturalist,Observations,42987968,Zach Hawn,COORDINATE_ROUNDED;CONTINENT_DERIVED_FROM_COORDINATES;TAXON_ID_NOT_FOUND
2609130690,50c9509d-22c7-4a22-a47d-8c48425ef4a7,https://www.inaturalist.org/observations/42987945,,Washington,46.770667,-121.743509,5.0,,,2019-11-11T12:47:57,2019,HUMAN_OBSERVATION,iNaturalist,Observations,42987945,Zach Hawn,COORDINATE_ROUNDED;CONTINENT_DERIVED_FROM_COORDINATES;TAXON_ID_NOT_FOUND
2597691803,50c9509d-22c7-4a22-a47d-8c48425ef4a7,https://www.inaturalist.org/observations/36041624,,Washington,48.956485,-117.079375,598.0,,,2005-08-18T19:51,2005,HUMAN_OBSERVATION,iNaturalist,Observations,36041624,Michael Woodruff,COORDINATE_ROUNDED;CONTINENT_DERIVED_FROM_COORDINATES;TAXON_ID_NOT_FOUND
2579261864,50c9509d-22c7-4a22-a47d-8c48425ef4a7,https://www.inaturalist.org/observations/39601718,,Washington,47.473637,-121.456724,473.0,,,2019-06-20T10:45:03,2019,HUMAN_OBSERVATION,iNaturalist,Observations,39601718,pronghornranch67,COORDINATE_ROUNDED;CONTINENT_DERIVED_FROM_COORDINATES;TAXON_ID_NOT_FOUND
2557751496,50c9509d-22c7-4a22-a47d-8c48425ef4a7,https://www.inaturalist.org/observations/37469025,,Washington,46.919228,-121.661377,,,,2019-09-25T11:25:42,2019,HUMAN_OBSERVATION,iNaturalist,Observations,37469025,RJ Baltierra,COORDINATE_ROUNDED;CONTINENT_DERIVED_FROM_COORDINATES;TAXON_ID_NOT_FOUND
2541249193,830eb5d0-f762-11e1-a439-00145eb45e9a,https://arctos.database.museum/guid/UWBM:Mamm:82991,"WA, Okanogan Co., Old Baldy Pass",Washington,48.61556,-119.96206,,1764.0,0.0,2016-06-21,2016,PRESERVED_SPECIMEN,UWBM,Mammalogy,UWBM:Mamm:82991,Preparator(s): Alissa M. Hartman,CONTINENT_DERIVED_FROM_COORDINATES;INSTITUTION_MATCH_FUZZY;INSTITUTION_COLLECTION_MISMATCH
2529379541,50c9509d-22c7-4a22-a47d-8c48425ef4a7,https://www.inaturalist.org/observations/36678135,,Washington,47.571587,-121.249763,,,,2018-08-11T17:41:48Z,2018,HUMAN_OBSERVATION,iNaturalist,Observations,36678135,agate456,COORDINATE_ROUNDED;CONTINENT_DERIVED_FROM_COORDINATES;TAXON_ID_NOT_FOUND
2460128314,50c9509d-22c7-4a22-a47d-8c48425ef4a7,https://www.inaturalist.org/observations/35812975,,Washington,46.787278,-121.77377,,,,2019-11-16T11:00:53,2019,HUMAN_OBSERVATION,iNaturalist,Observations,35812975,John Brew,COORDINATE_ROUNDED;CONTINENT_DERIVED_FROM_COORDINATES;TAXON_ID_NOT_FOUND
2456575546,50c9509d-22c7-4a22-a47d-8c48425ef4a7,https://www.inaturalist.org/observations/35627513,,Washington,46.791753,-121.780997,,,,2019-11-07T13:57:24,2019,HUMAN_OBSERVATION,iNaturalist,Observations,35627513,Hannah Edstrom,COORDINATE_ROUNDED;CONTINENT_DERIVED_FROM_COORDINATES;TAXON_ID_NOT_FOUND
2456545004,50c9509d-22c7-4a22-a47d-8c48425ef4a7,https://www.inaturalist.org/observations/35549834,,Washington,47.366167,-121.474259,4.0,,,2019-11-10T09:30:24,2019,HUMAN_OBSERVATION,iNaturalist,Observations,35549834,jackson200,COORDINATE_ROUNDED;CONTINENT_DERIVED_FROM_COORDINATES;TAXON_ID_NOT_FOUND
2451715443,50c9509d-22c7-4a22-a47d-8c48425ef4a7,https://www.inaturalist.org/observations/35275786,,Washington,46.79273,-121.728865,13.0,,,2019-11-03T15:07,2019,HUMAN_OBSERVATION,iNaturalist,Observations,35275786,John Soltys,COORDINATE_ROUNDED;CONTINENT_DERIVED_FROM_COORDINATES;TAXON_ID_NOT_FOUND
2451714716,50c9509d-22c7-4a22-a47d-8c48425ef4a7,https://www.inaturalist.org/observations/35275785,,Washington,46.79273,-121.728865,13.0,,,2019-11-03T15:06,2019,HUMAN_OBSERVATION,iNaturalist,Observations,35275785,John Soltys,COORDINATE_ROUNDED;CONTINENT_DERIVED_FROM_COORDINATES;TAXON_ID_NOT_FOUND
2451700890,50c9509d-22c7-4a22-a47d-8c48425ef4a7,https://www.inaturalist.org/observations/35227250,,Washington,48.753469,-121.312411,1953.0,,,2019-09-19T12:08,2019,HUMAN_OBSERVATION,iNaturalist,Observations,35227250,Sharyn,COORDINATE_ROUNDED;CONTINENT_DERIVED_FROM_COORDINATES;TAXON_ID_NOT_FOUND
2445137573,50c9509d-22c7-4a22-a47d-8c48425ef4a7,https://www.inaturalist.org/observations/34810929,,Washington,47.613924,-121.363793,3906.0,,,2017-08-02T10:17,2017,HUMAN_OBSERVATION,iNaturalist,Observations,34810929,Jonathan Tales,COORDINATE_ROUNDED;CONTINENT_DERIVED_FROM_COORDINATES;TAXON_ID_NOT_FOUND
2445100682,50c9509d-22c7-4a22-a47d-8c48425ef4a7,https://www.inaturalist.org/observations/34676468,,Washington,46.784474,-121.78028,4.0,,,2019-10-15T11:02,2019,HUMAN_OBSERVATION,iNaturalist,Observations,34676468,Zach Hawn,COORDINATE_ROUNDED;CONTINENT_DERIVED_FROM_COORDINATES;TAXON_ID_NOT_FOUND
2445096678,50c9509d-22c7-4a22-a47d-8c48425ef4a7,https://www.inaturalist.org/observations/34676469,,Washington,46.788313,-121.783266,8.0,,,2019-10-15T11:36,2019,HUMAN_OBSERVATION,iNaturalist,Observations,34676469,Zach Hawn,COORDINATE_ROUNDED;CONTINENT_DERIVED_FROM_COORDINATES;TAXON_ID_NOT_FOUND
2445042100,50c9509d-22c7-4a22-a47d-8c48425ef4a7,https://www.inaturalist.org/observations/34676471,,Washington,46.788705,-121.78325,15.0,,,2019-10-15T11:40,2019,HUMAN_OBSERVATION,iNaturalist,Observations,34676471,Zach Hawn,COORDINATE_ROUNDED;CONTINENT_DERIVED_FROM_COORDINATES;TAXON_ID_NOT_FOUND
2445010830,50c9509d-22c7-4a22-a47d-8c48425ef4a7,https://www.inaturalist.org/observations/34676475,,Washington,46.788056,-121.783417,8.0,,,2019-10-15T11:54,2019,HUMAN_OBSERVATION,iNaturalist,Observations,34676475,Zach Hawn,COORDINATE_ROUNDED;CONTINENT_DERIVED_FROM_COORDINATES;TAXON_ID_NOT_FOUND
2444992592,50c9509d-22c7-4a22-a47d-8c48425ef4a7,https://www.inaturalist.org/observations/34759967,,Washington,47.978602,-121.459053,,,,2017-08-12T15:59:13,2017,HUMAN_OBSERVATION,iNaturalist,Observations,34759967,Christopher Lindsey,CONTINENT_DERIVED_FROM_COORDINATES;TAXON_ID_NOT_FOUND
2444991712,50c9509d-22c7-4a22-a47d-8c48425ef4a7,https://www.inaturalist.org/observations/34676477,,Washington,46.791673,-121.781399,8.0,,,2019-10-15T12:14,2019,HUMAN_OBSERVATION,iNaturalist,Observations,34676477,Zach Hawn,COORDINATE_ROUNDED;CONTINENT_DERIVED_FROM_COORDINATES;TAXON_ID_NOT_FOUND
2444978602,50c9509d-22c7-4a22-a47d-8c48425ef4a7,https://www.inaturalist.org/observations/34676479,,Washington,46.791835,-121.7816,4.0,,,2019-10-15T14:17,2019,HUMAN_OBSERVATION,iNaturalist,Observations,34676479,Zach Hawn,COORDINATE_ROUNDED;CONTINENT_DERIVED_FROM_COORDINATES;TAXON_ID_NOT_FOUND
2444956739,50c9509d-22c7-4a22-a47d-8c48425ef4a7,https://www.inaturalist.org/observations/34676476,,Washington,46.791891,-121.780863,8.0,,,2019-10-15T12:23,2019,HUMAN_OBSERVATION,iNaturalist,Observations,34676476,Zach Hawn,COORDINATE_ROUNDED;CONTINENT_DERIVED_FROM_COORDINATES;TAXON_ID_NOT_FOUND
2429582746,50c9509d-22c7-4a22-a47d-8c48425ef4a7,https://www.inaturalist.org/observations/34345941,,Washington,47.44533,-120.93044,19.0,,,2019-10-13T11:01,2019,HUMAN_OBSERVATION,iNaturalist,Observations,34345941,John Soltys,CONTINENT_DERIVED_FROM_COORDINATES;TAXON_ID_NOT_FOUND
2429582550,50c9509d-22c7-4a22-a47d-8c48425ef4a7,https://www.inaturalist.org/observations/34345939,,Washington,47.44533,-120.93044,19.0,,,2019-10-13T10:59,2019,HUMAN_OBSERVATION,iNaturalist,Observations,34345939,John Soltys,CONTINENT_DERIVED_FROM_COORDINATES;TAXON_ID_NOT_FOUND
2429582409,50c9509d-22c7-4a22-a47d-8c48425ef4a7,https://www.inaturalist.org/observations/34345940,,Washington,47.44533,-120.93044,19.0,,,2019-10-13T11:00,2019,HUMAN_OBSERVATION,iNaturalist,Observations,34345940,John Soltys,CONTINENT_DERIVED_FROM_COORDINATES;TAXON_ID_NOT_FOUND
2429554582,50c9509d-22c7-4a22-a47d-8c48425ef4a7,https://www.inaturalist.org/observations/34234930,,Washington,48.572834,-120.825841,,,,2019-10-11T12:36,2019,HUMAN_OBSERVATION,iNaturalist,Observations,34234930,Eric Jain,COORDINATE_ROUNDED;CONTINENT_DERIVED_FROM_COORDINATES;TAXON_ID_NOT_FOUND
2429536317,50c9509d-22c7-4a22-a47d-8c48425ef4a7,https://www.inaturalist.org/observations/34172027,,Washington,48.082893,-121.72491,977.0,,,2018-01-04T09:47,2018,HUMAN_OBSERVATION,iNaturalist,Observations,34172027,petef,COORDINATE_ROUNDED;CONTINENT_DERIVED_FROM_COORDINATES;TAXON_ID_NOT_FOUND
2429418207,50c9509d-22c7-4a22-a47d-8c48425ef4a7,https://www.inaturalist.org/observations/33997570,,Washington,47.022229,-120.933448,31.0,,,2019-10-04T14:32,2019,HUMAN_OBSERVATION,iNaturalist,Observations,33997570,Mike,COORDINATE_ROUNDED;CONTINENT_DERIVED_FROM_COORDINATES;TAXON_ID_NOT_FOUND
2429415918,50c9509d-22c7-4a22-a47d-8c48425ef4a7,https://www.inaturalist.org/observations/33997580,,Washington,47.015504,-120.953259,61.0,,,2019-10-04T15:52,2019,HUMAN_OBSERVATION,iNaturalist,Observations,33997580,Mike,COORDINATE_ROUNDED;CONTINENT_DERIVED_FROM_COORDINATES;TAXON_ID_NOT_FOUND
2429294926,50c9509d-22c7-4a22-a47d-8c48425ef4a7,https://www.inaturalist.org/observations/33571072,,Washington,47.35763,-121.455183,,,,2019-09-24T10:39:36,2019,HUMAN_OBSERVATION,iNaturalist,Observations,33571072,John Brew,COORDINATE_ROUNDED;CONTINENT_DERIVED_FROM_COORDINATES;TAXON_ID_NOT_FOUND
2429283669,50c9509d-22c7-4a22-a47d-8c48425ef4a7,https://www.inaturalist.org/observations/33525460,,Washington,47.369022,-121.446738,,,,2019-09-24T12:39:28,2019,HUMAN_OBSERVATION,iNaturalist,Observations,33525460,John Brew,COORDINATE_ROUNDED;CONTINENT_DERIVED_FROM_COORDINATES;TAXON_ID_NOT_FOUND
2429282150,50c9509d-22c7-4a22-a47d-8c48425ef4a7,https://www.inaturalist.org/observations/33516900,,Washington,46.917075,-121.679714,8.0,,,2019-09-21T12:52,2019,HUMAN_OBSERVATION,iNaturalist,Observations,33516900,Zach Hawn,COORDINATE_ROUNDED;CONTINENT_DERIVED_FROM_COORDINATES;TAXON_ID_NOT_FOUND
2429280209,50c9509d-22c7-4a22-a47d-8c48425ef4a7,https://www.inaturalist.org/observations/33516630,,Washington,46.91916,-121.664334,8.0,,,2019-07-20T19:03,2019,HUMAN_OBSERVATION,iNaturalist,Observations,33516630,Zach Hawn,COORDINATE_ROUNDED;CONTINENT_DERIVED_FROM_COORDINATES;TAXON_ID_NOT_FOUND
2429279926,50c9509d-22c7-4a22-a47d-8c48425ef4a7,https://www.inaturalist.org/observations/33516892,,Washington,46.919128,-121.663336,8.0,,,2019-09-21T11:39,2019,HUMAN_OBSERVATION,iNaturalist,Observations,33516892,Zach Hawn,COORDINATE_ROUNDED;CONTINENT_DERIVED_FROM_COORDINATES;TAXON_ID_NOT_FOUND
2429277476,50c9509d-22c7-4a22-a47d-8c48425ef4a7,https://www.inaturalist.org/observations/33516893,,Washington,46.915849,-121.677575,8.0,,,2019-09-21T12:15,2019,HUMAN_OBSERVATION,iNaturalist,Observations,33516893,Zach Hawn,COORDINATE_ROUNDED;CONTINENT_DERIVED_FROM_COORDINATES;TAXON_ID_NOT_FOUND
2429267511,50c9509d-22c7-4a22-a47d-8c48425ef4a7,https://www.inaturalist.org/observations/33485531,,Washington,47.368522,-121.447808,,,,2019-09-24T13:52:03,2019,HUMAN_OBSERVATION,iNaturalist,Observations,33485531,John Brew,COORDINATE_ROUNDED;CONTINENT_DERIVED_FROM_COORDINATES;TAXON_ID_NOT_FOUND
2429247545,50c9509d-22c7-4a22-a47d-8c48425ef4a7,https://www.inaturalist.org/observations/32740630,,Washington,47.285285,-120.441055,488.0,,,2019-09-14T19:01,2019,HUMAN_OBSERVATION,iNaturalist,Observations,32740630,rparsons157,COORDINATE_ROUNDED;CONTINENT_DERIVED_FROM_COORDINATES;TAXON_ID_NOT_FOUND
2423242365,50c9509d-22c7-4a22-a47d-8c48425ef4a7,https://www.inaturalist.org/observations/33414004,,Washington,48.207775,-120.344697,93057.0,,,2019-09-20T14:45,2019,HUMAN_OBSERVATION,iNaturalist,Observations,33414004,Christine,COORDINATE_ROUNDED;CONTINENT_DERIVED_FROM_COORDINATES;TAXON_ID_NOT_FOUND
2423242255,50c9509d-22c7-4a22-a47d-8c48425ef4a7,https://www.inaturalist.org/observations/33414449,,Washington,48.7671,-120.857419,97894.0,,,2019-08-29T10:23,2019,HUMAN_OBSERVATION,iNaturalist,Observations,33414449,Christine,CONTINENT_DERIVED_FROM_COORDINATES;TAXON_ID_NOT_FOUND
2423241247,50c9509d-22c7-4a22-a47d-8c48425ef4a7,https://www.inaturalist.org/observations/33414639,,Washington,48.0435,-121.2182,97894.0,,,2019-07-19T12:34,2019,HUMAN_OBSERVATION,iNaturalist,Observations,33414639,Christine,CONTINENT_DERIVED_FROM_COORDINATES;TAXON_ID_NOT_FOUND
2423241062,50c9509d-22c7-4a22-a47d-8c48425ef4a7,https://www.inaturalist.org/observations/33414682,,Washington,48.034425,-121.260292,,,,2019-07-21T15:59:59,2019,HUMAN_OBSERVATION,iNaturalist,Observations,33414682,Christine,COORDINATE_ROUNDED;CONTINENT_DERIVED_FROM_COORDINATES;TAXON_ID_NOT_FOUND
2423240394,50c9509d-22c7-4a22-a47d-8c48425ef4a7,https://www.inaturalist.org/observations/33402135,,Washington,46.91923,-121.665217,,,,2019-09-25,2019,HUMAN_OBSERVATION,iNaturalist,Observations,33402135,jroderick,COORDINATE_ROUNDED;CONTINENT_DERIVED_FROM_COORDINATES;TAXON_ID_NOT_FOUND
2423205315,50c9509d-22c7-4a22-a47d-8c48425ef4a7,https://www.inaturalist.org/observations/33263050,,Washington,48.846733,-121.717362,9.0,,,2019-09-21T15:50:26,2019,HUMAN_OBSERVATION,iNaturalist,Observations,33263050,Andrew Schnabel,COORDINATE_ROUNDED;CONTINENT_DERIVED_FROM_COORDINATES;TAXON_ID_NOT_FOUND
2423155387,50c9509d-22c7-4a22-a47d-8c48425ef4a7,https://www.inaturalist.org/observations/33048148,,Washington,48.512845,-120.780214,9.0,,,2019-09-19T13:45:14,2019,HUMAN_OBSERVATION,iNaturalist,Observations,33048148,jackson200,COORDINATE_ROUNDED;CONTINENT_DERIVED_FROM_COORDINATES;TAXON_ID_NOT_FOUND
2423154378,50c9509d-22c7-4a22-a47d-8c48425ef4a7,https://www.inaturalist.org/observations/33048135,,Washington,48.510477,-120.768157,5.0,,,2019-09-19T12:15:35,2019,HUMAN_OBSERVATION,iNaturalist,Observations,33048135,jackson200,COORDINATE_ROUNDED;CONTINENT_DERIVED_FROM_COORDINATES;TAXON_ID_NOT_FOUND
2423154179,50c9509d-22c7-4a22-a47d-8c48425ef4a7,https://www.inaturalist.org/observations/33048142,,Washington,48.514109,-120.781743,9.0,,,2019-09-19T13:13:41,2019,HUMAN_OBSERVATION,iNaturalist,Observations,33048142,jackson200,COORDINATE_ROUNDED;CONTINENT_DERIVED_FROM_COORDINATES;TAXON_ID_NOT_FOUND
2423153942,50c9509d-22c7-4a22-a47d-8c48425ef4a7,https://www.inaturalist.org/observations/33048147,,Washington,48.514225,-120.782417,9.0,,,2019-09-19T13:37:44,2019,HUMAN_OBSERVATION,iNaturalist,Observations,33048147,jackson200,COORDINATE_ROUNDED;CONTINENT_DERIVED_FROM_COORDINATES;TAXON_ID_NOT_FOUND
2423153728,50c9509d-22c7-4a22-a47d-8c48425ef4a7,https://www.inaturalist.org/observations/33048141,,Washington,48.513721,-120.781122,7.0,,,2019-09-19T13:07:47,2019,HUMAN_OBSERVATION,iNaturalist,Observations,33048141,jackson200,COORDINATE_ROUNDED;CONTINENT_DERIVED_FROM_COORDINATES;TAXON_ID_NOT_FOUND
2423153395,50c9509d-22c7-4a22-a47d-8c48425ef4a7,https://www.inaturalist.org/observations/33048151,,Washington,48.511374,-120.77642,8.0,,,2019-09-19T13:55:07,2019,HUMAN_OBSERVATION,iNaturalist,Observations,33048151,jackson200,COORDINATE_ROUNDED;CONTINENT_DERIVED_FROM_COORDINATES;TAXON_ID_NOT_FOUND
2423153059,50c9509d-22c7-4a22-a47d-8c48425ef4a7,https://www.inaturalist.org/observations/33048139,,Washington,48.511118,-120.775167,6.0,,,2019-09-19T12:48:51,2019,HUMAN_OBSERVATION,iNaturalist,Observations,33048139,jackson200,COORDINATE_ROUNDED;CONTINENT_DERIVED_FROM_COORDINATES;TAXON_ID_NOT_FOUND
2423152996,50c9509d-22c7-4a22-a47d-8c48425ef4a7,https://www.inaturalist.org/observations/33048137,,Washington,48.511064,-120.772811,5.0,,,2019-09-19T12:35:20,2019,HUMAN_OBSERVATION,iNaturalist,Observations,33048137,jackson200,COORDINATE_ROUNDED;CONTINENT_DERIVED_FROM_COORDINATES;TAXON_ID_NOT_FOUND
2423152540,50c9509d-22c7-4a22-a47d-8c48425ef4a7,https://www.inaturalist.org/observations/33048145,,Washington,48.514268,-120.782625,9.0,,,2019-09-19T13:23:31,2019,HUMAN_OBSERVATION,iNaturalist,Observations,33048145,jackson200,COORDINATE_ROUNDED;CONTINENT_DERIVED_FROM_COORDINATES;TAXON_ID_NOT_FOUND
2423071502,50c9509d-22c7-4a22-a47d-8c48425ef4a7,https://www.inaturalist.org/observations/32727142,,Washington,46.587418,-121.510261,,,,2019-09-12T14:41,2019,HUMAN_OBSERVATION,iNaturalist,Observations,32727142,Eric Jain,COORDINATE_ROUNDED;CONTINENT_DERIVED_FROM_COORDINATES;TAXON_ID_NOT_FOUND
2423069946,50c9509d-22c7-4a22-a47d-8c48425ef4a7,https://www.inaturalist.org/observations/32727141,,Washington,46.590042,-121.512722,,,,2019-09-12T14:33,2019,HUMAN_OBSERVATION,iNaturalist,Observations,32727141,Eric Jain,COORDINATE_ROUNDED;CONTINENT_DERIVED_FROM_COORDINATES;TAXON_ID_NOT_FOUND
2423067183,50c9509d-22c7-4a22-a47d-8c48425ef4a7,https://www.inaturalist.org/observations/32707977,,Washington,47.466511,-121.447993,6.0,,,2019-09-12T09:45,2019,HUMAN_OBSERVATION,iNaturalist,Observations,32707977,jackson200,CONTINENT_DERIVED_FROM_COORDINATES;TAXON_ID_NOT_FOUND
2423058844,50c9509d-22c7-4a22-a47d-8c48425ef4a7,https://www.inaturalist.org/observations/32674972,,Washington,47.68897,-121.012714,7.0,,,2019-08-17T12:37,2019,HUMAN_OBSERVATION,iNaturalist,Observations,32674972,jackson200,CONTINENT_DERIVED_FROM_COORDINATES;TAXON_ID_NOT_FOUND
2423058142,50c9509d-22c7-4a22-a47d-8c48425ef4a7,https://www.inaturalist.org/observations/32670183,,Washington,46.505317,-121.46303,6.0,,,2019-07-14T09:45,2019,HUMAN_OBSERVATION,iNaturalist,Observations,32670183,jackson200,CONTINENT_DERIVED_FROM_COORDINATES;TAXON_ID_NOT_FOUND
2423057506,50c9509d-22c7-4a22-a47d-8c48425ef4a7,https://www.inaturalist.org/observations/32674768,,Washington,47.689447,-121.035378,10.0,,,2019-08-17T09:38,2019,HUMAN_OBSERVATION,iNaturalist,Observations,32674768,jackson200,CONTINENT_DERIVED_FROM_COORDINATES;TAXON_ID_NOT_FOUND
2423056748,50c9509d-22c7-4a22-a47d-8c48425ef4a7,https://www.inaturalist.org/observations/32675113,,Washington,47.688506,-121.011948,9.0,,,2019-08-17T15:56,2019,HUMAN_OBSERVATION,iNaturalist,Observations,32675113,jackson200,CONTINENT_DERIVED_FROM_COORDINATES;TAXON_ID_NOT_FOUND
2423056536,50c9509d-22c7-4a22-a47d-8c48425ef4a7,https://www.inaturalist.org/observations/32670823,,Washington,47.503281,-120.84081,7.0,,,2019-07-26T07:21,2019,HUMAN_OBSERVATION,iNaturalist,Observations,32670823,jackson200,CONTINENT_DERIVED_FROM_COORDINATES;TAXON_ID_NOT_FOUND
2423056475,50c9509d-22c7-4a22-a47d-8c48425ef4a7,https://www.inaturalist.org/observations/32674916,,Washington,47.68898,-121.014121,7.0,,,2019-08-17T12:31,2019,HUMAN_OBSERVATION,iNaturalist,Observations,32674916,jackson200,CONTINENT_DERIVED_FROM_COORDINATES;TAXON_ID_NOT_FOUND
2423056066,50c9509d-22c7-4a22-a47d-8c48425ef4a7,https://www.inaturalist.org/observations/32675228,,Washington,47.688948,-121.014189,6.0,,,2019-08-17T18:55,2019,HUMAN_OBSERVATION,iNaturalist,Observations,32675228,jackson200,CONTINENT_DERIVED_FROM_COORDINATES;TAXON_ID_NOT_FOUND
2423055720,50c9509d-22c7-4a22-a47d-8c48425ef4a7,https://www.inaturalist.org/observations/32674652,,Washington,47.71669,-121.053708,7.0,,,2019-08-17T07:40,2019,HUMAN_OBSERVATION,iNaturalist,Observations,32674652,jackson200,CONTINENT_DERIVED_FROM_COORDINATES;TAXON_ID_NOT_FOUND
2423055200,50c9509d-22c7-4a22-a47d-8c48425ef4a7,https://www.inaturalist.org/observations/32669678,,Washington,47.445098,-120.930464,6.0,,,2019-07-09T12:32,2019,HUMAN_OBSERVATION,iNaturalist,Observations,32669678,jackson200,CONTINENT_DERIVED_FROM_COORDINATES;TAXON_ID_NOT_FOUND
2423054984,50c9509d-22c7-4a22-a47d-8c48425ef4a7,https://www.inaturalist.org/observations/32670222,,Washington,46.511023,-121.465141,6.0,,,2019-07-14T10:03,2019,HUMAN_OBSERVATION,iNaturalist,Observations,32670222,jackson200,CONTINENT_DERIVED_FROM_COORDINATES;TAXON_ID_NOT_FOUND
2423054702,50c9509d-22c7-4a22-a47d-8c48425ef4a7,https://www.inaturalist.org/observations/32669961,,Washington,46.486425,-121.455243,7.0,,,2019-07-13T12:47,2019,HUMAN_OBSERVATION,iNaturalist,Observations,32669961,jackson200,CONTINENT_DERIVED_FROM_COORDINATES;TAXON_ID_NOT_FOUND
2423051601,50c9509d-22c7-4a22-a47d-8c48425ef4a7,https://www.inaturalist.org/observations/32653403,,Washington,46.789573,-121.729065,376.0,,,2011-07-27T09:46,2011,HUMAN_OBSERVATION,iNaturalist,Observations,32653403,Jerry James,COORDINATE_ROUNDED;CONTINENT_DERIVED_FROM_COORDINATES;TAXON_ID_NOT_FOUND
2423008178,50c9509d-22c7-4a22-a47d-8c48425ef4a7,https://www.inaturalist.org/observations/32497545,,Washington,48.065973,-121.782799,122.0,,,2019-09-05T12:39,2019,HUMAN_OBSERVATION,iNaturalist,Observations,32497545,Jami Gramore,COORDINATE_ROUNDED;CONTINENT_DERIVED_FROM_COORDINATES;TAXON_ID_NOT_FOUND
2422998364,50c9509d-22c7-4a22-a47d-8c48425ef4a7,https://www.inaturalist.org/observations/32450099,,Washington,46.713615,-121.106835,,,,2019-06-29T14:25,2019,HUMAN_OBSERVATION,iNaturalist,Observations,32450099,Dalton Spencer,COORDINATE_ROUNDED;CONTINENT_DERIVED_FROM_COORDINATES;TAXON_ID_NOT_FOUND
2422996969,50c9509d-22c7-4a22-a47d-8c48425ef4a7,https://www.inaturalist.org/observations/32450020,,Washington,48.857803,-121.699347,10.0,,,2019-08-02T14:21:40,2019,HUMAN_OBSERVATION,iNaturalist,Observations,32450020,andrewstokes,COORDINATE_ROUNDED;CONTINENT_DERIVED_FROM_COORDINATES;TAXON_ID_NOT_FOUND
2422996354,50c9509d-22c7-4a22-a47d-8c48425ef4a7,https://www.inaturalist.org/observations/32449995,,Washington,47.044689,-121.097983,8.0,,,2019-08-05T18:50:19,2019,HUMAN_OBSERVATION,iNaturalist,Observations,32449995,andrewstokes,COORDINATE_ROUNDED;CONTINENT_DERIVED_FROM_COORDINATES;TAXON_ID_NOT_FOUND
2422979858,50c9509d-22c7-4a22-a47d-8c48425ef4a7,https://www.inaturalist.org/observations/32392082,,Washington,46.792592,-121.728567,,,,2019-08-30T09:18:42,2019,HUMAN_OBSERVATION,iNaturalist,Observations,32392082,John Brew,COORDINATE_ROUNDED;CONTINENT_DERIVED_FROM_COORDINATES;TAXON_ID_NOT_FOUND
2422975907,50c9509d-22c7-4a22-a47d-8c48425ef4a7,https://www.inaturalist.org/observations/32374117,,Washington,47.456903,-121.394021,98.0,,,2019-09-08T08:14:15,2019,HUMAN_OBSERVATION,iNaturalist,Observations,32374117,John Soltys,COORDINATE_ROUNDED;CONTINENT_DERIVED_FROM_COORDINATES;TAXON_ID_NOT_FOUND
2397690656,50c9509d-22c7-4a22-a47d-8c48425ef4a7,https://www.inaturalist.org/observations/32022977,,Washington,47.425045,-121.333258,11.0,,,2019-09-02T08:33,2019,HUMAN_OBSERVATION,iNaturalist,Observations,32022977,John Soltys,COORDINATE_ROUNDED;CONTINENT_DERIVED_FROM_COORDINATES;TAXON_ID_NOT_FOUND
2397690387,50c9509d-22c7-4a22-a47d-8c48425ef4a7,https://www.inaturalist.org/observations/32022976,,Washington,47.391629,-121.34703,4.0,,,2019-09-02T06:54,2019,HUMAN_OBSERVATION,iNaturalist,Observations,32022976,John Soltys,COORDINATE_ROUNDED;CONTINENT_DERIVED_FROM_COORDINATES;TAXON_ID_NOT_FOUND
2397677490,50c9509d-22c7-4a22-a47d-8c48425ef4a7,https://www.inaturalist.org/observations/31993604,,Washington,47.485628,-120.826528,442.0,,,2019-09-02T09:53:44,2019,HUMAN_OBSERVATION,iNaturalist,Observations,31993604,theian,COORDINATE_ROUNDED;CONTINENT_DERIVED_FROM_COORDINATES;TAXON_ID_NOT_FOUND
2397659818,50c9509d-22c7-4a22-a47d-8c48425ef4a7,https://www.inaturalist.org/observations/31927510,,Washington,46.4864,-121.455483,10.0,,,2019-08-15T06:26:26,2019,HUMAN_OBSERVATION,iNaturalist,Observations,31927510,Matt Berger,COORDINATE_ROUNDED;CONTINENT_DERIVED_FROM_COORDINATES;TAXON_ID_NOT_FOUND
2397643715,50c9509d-22c7-4a22-a47d-8c48425ef4a7,https://www.inaturalist.org/observations/31833846,,Washington,47.435592,-121.399628,10.0,,,2019-08-19T09:11:17,2019,HUMAN_OBSERVATION,iNaturalist,Observations,31833846,Matt Berger,COORDINATE_ROUNDED;CONTINENT_DERIVED_FROM_COORDINATES;TAXON_ID_NOT_FOUND
2397602909,50c9509d-22c7-4a22-a47d-8c48425ef4a7,https://www.inaturalist.org/observations/31655109,,Washington,47.473393,-121.300176,9.0,,,2019-08-23T14:07,2019,HUMAN_OBSERVATION,iNaturalist,Observations,31655109,John Soltys,COORDINATE_ROUNDED;CONTINENT_DERIVED_FROM_COORDINATES;TAXON_ID_NOT_FOUND
2397602658,50c9509d-22c7-4a22-a47d-8c48425ef4a7,https://www.inaturalist.org/observations/31655108,,Washington,47.467297,-121.292398,10.0,,,2019-08-23T11:10,2019,HUMAN_OBSERVATION,iNaturalist,Observations,31655108,John Soltys,COORDINATE_ROUNDED;CONTINENT_DERIVED_FROM_COORDINATES;TAXON_ID_NOT_FOUND
2397565212,50c9509d-22c7-4a22-a47d-8c48425ef4a7,https://www.inaturalist.org/observations/31521477,,Washington,46.8034,-121.72281,256.0,,,2019-08-22T10:38,2019,HUMAN_OBSERVATION,iNaturalist,Observations,31521477,Liam Singh,COORDINATE_ROUNDED;CONTINENT_DERIVED_FROM_COORDINATES;TAXON_ID_NOT_FOUND
2397502119,50c9509d-22c7-4a22-a47d-8c48425ef4a7,https://www.inaturalist.org/observations/30901966,,Washington,46.4864,-121.455483,10.0,,,2019-08-15T06:26:26,2019,HUMAN_OBSERVATION,iNaturalist,Observations,30901966,Matt Berger,COORDINATE_ROUNDED;CONTINENT_DERIVED_FROM_COORDINATES;TAXON_ID_NOT_FOUND
2397500716,50c9509d-22c7-4a22-a47d-8c48425ef4a7,https://www.inaturalist.org/observations/30796739,,Washington,47.396101,-121.342481,4.0,,,2019-08-12T22:29,2019,HUMAN_OBSERVATION,iNaturalist,Observations,30796739,John Soltys,COORDINATE_ROUNDED;CONTINENT_DERIVED_FROM_COORDINATES;TAXON_ID_NOT_FOUND
2397491657,50c9509d-22c7-4a22-a47d-8c48425ef4a7,https://www.inaturalist.org/observations/29831050,,Washington,46.754614,-121.699392,258.0,,,2019-07-29T11:54:18,2019,HUMAN_OBSERVATION,iNaturalist,Observations,29831050,jackeatsdirt,COORDINATE_ROUNDED;CONTINENT_DERIVED_FROM_COORDINATES;TAXON_ID_NOT_FOUND
2381403094,a9ae9ece-e753-4fb9-8595-a37d0f5aa59c,urn:catalog:SDNHM:Mammals:16884,"Mt. Rainier, Indian Henry Ranger Station",Washington,46.794167,-121.838889,,,,1919-07-09,1919,PRESERVED_SPECIMEN,SDNHM,Mammals,16884,S. G. Jewett,GEODETIC_DATUM_INVALID;GEODETIC_DATUM_ASSUMED_WGS84;INSTITUTION_COLLECTION_MISMATCH;TAXON_MATCH_HIGHERRANK
2381402956,a9ae9ece-e753-4fb9-8595-a37d0f5aa59c,urn:catalog:SDNHM:Mammals:16882,"Mt. Rainier, Indian Henry Ranger Station",Washington,46.794167,-121.838889,,,,1919-07-08,1919,PRESERVED_SPECIMEN,SDNHM,Mammals,16882,S. G. Jewett,GEODETIC_DATUM_INVALID;GEODETIC_DATUM_ASSUMED_WGS84;INSTITUTION_COLLECTION_MISMATCH;TAXON_MATCH_HIGHERRANK
2381402644,a9ae9ece-e753-4fb9-8595-a37d0f5aa59c,urn:catalog:SDNHM:Mammals:16883,"Mt. Rainier, Indian Henry Ranger Station",Washington,46.794167,-121.838889,,,,1919-07-09,1919,PRESERVED_SPECIMEN,SDNHM,Mammals,16883,S. G. Jewett,GEODETIC_DATUM_INVALID;GEODETIC_DATUM_ASSUMED_WGS84;INSTITUTION_COLLECTION_MISMATCH;TAXON_MATCH_HIGHERRANK
2381402641,a9ae9ece-e753-4fb9-8595-a37d0f5aa59c,urn:catalog:SDNHM:Mammals:16888,"Mt. Rainier, Reflection Lake",Washington,46.7687,-121.7302,,,,1919-07-19,1919,PRESERVED_SPECIMEN,SDNHM,Mammals,16888,S. G. Jewett,GEODETIC_DATUM_INVALID;GEODETIC_DATUM_ASSUMED_WGS84;INSTITUTION_COLLECTION_MISMATCH;TAXON_MATCH_HIGHERRANK
2381402441,a9ae9ece-e753-4fb9-8595-a37d0f5aa59c,urn:catalog:SDNHM:Mammals:16887,"Mt. Rainier, Indian Henry Ranger Station",Washington,46.794167,-121.838889,,,,1919-07-09,1919,PRESERVED_SPECIMEN,SDNHM,Mammals,16887,S. G. Jewett,GEODETIC_DATUM_INVALID;GEODETIC_DATUM_ASSUMED_WGS84;INSTITUTION_COLLECTION_MISMATCH;TAXON_MATCH_HIGHERRANK
2381402183,a9ae9ece-e753-4fb9-8595-a37d0f5aa59c,urn:catalog:SDNHM:Mammals:16893,"Horseshoe Basin, 25 mi. W Loomis",Washington,48.478,-121.0234,,,,1918-07-22,1918,PRESERVED_SPECIMEN,SDNHM,Mammals,16893,S. G. Jewett,GEODETIC_DATUM_INVALID;GEODETIC_DATUM_ASSUMED_WGS84;INSTITUTION_COLLECTION_MISMATCH
2381401563,a9ae9ece-e753-4fb9-8595-a37d0f5aa59c,urn:catalog:SDNHM:Mammals:16886,"Mt. Rainier, Indian Henry Ranger Station",Washington,46.794167,-121.838889,,,,1919-07-09,1919,PRESERVED_SPECIMEN,SDNHM,Mammals,16886,S. G. Jewett,GEODETIC_DATUM_INVALID;GEODETIC_DATUM_ASSUMED_WGS84;INSTITUTION_COLLECTION_MISMATCH;TAXON_MATCH_HIGHERRANK
2381401452,a9ae9ece-e753-4fb9-8595-a37d0f5aa59c,urn:catalog:SDNHM:Mammals:16881,"Mt. Rainier, Indian Henry Ranger Station",Washington,46.794167,-121.838889,,,,1919-07-08,1919,PRESERVED_SPECIMEN,SDNHM,Mammals,16881,S. G. Jewett,GEODETIC_DATUM_INVALID;GEODETIC_DATUM_ASSUMED_WGS84;INSTITUTION_COLLECTION_MISMATCH;TAXON_MATCH_HIGHERRANK
2381401040,a9ae9ece-e753-4fb9-8595-a37d0f5aa59c,urn:catalog:SDNHM:Mammals:16889,Lake Keechelus,Washington,47.3677,-121.3935,,,,1917-08-22,1917,PRESERVED_SPECIMEN,SDNHM,Mammals,16889,G. G. Cantwell,GEODETIC_DATUM_INVALID;GEODETIC_DATUM_ASSUMED_WGS84;INSTITUTION_COLLECTION_MISMATCH;TAXON_MATCH_HIGHERRANK
2381400097,a9ae9ece-e753-4fb9-8595-a37d0f5aa59c,urn:catalog:SDNHM:Mammals:16885,"Mt. Rainier, Indian Henry Ranger Station",Washington,46.794167,-121.838889,,,,1919-07-09,1919,PRESERVED_SPECIMEN,SDNHM,Mammals,16885,S. G. Jewett,GEODETIC_DATUM_INVALID;GEODETIC_DATUM_ASSUMED_WGS84;INSTITUTION_COLLECTION_MISMATCH;TAXON_MATCH_HIGHERRANK
2366156404,50c9509d-22c7-4a22-a47d-8c48425ef4a7,https://www.inaturalist.org/observations/31316960,,Washington,48.195285,-120.906153,,,,2019-08-20T18:08,2019,HUMAN_OBSERVATION,iNaturalist,Observations,31316960,Eric Jain,COORDINATE_ROUNDED;CONTINENT_DERIVED_FROM_COORDINATES;TAXON_ID_NOT_FOUND
2366126691,50c9509d-22c7-4a22-a47d-8c48425ef4a7,https://www.inaturalist.org/observations/31207041,,Washington,48.497902,-121.203891,33.0,,,2019-08-03,2019,HUMAN_OBSERVATION,iNaturalist,Observations,31207041,mediancat,CONTINENT_DERIVED_FROM_COORDINATES;TAXON_ID_NOT_FOUND
2366126485,50c9509d-22c7-4a22-a47d-8c48425ef4a7,https://www.inaturalist.org/observations/31207382,,Washington,48.495892,-121.204403,33.0,,,2019-08-03,2019,HUMAN_OBSERVATION,iNaturalist,Observations,31207382,mediancat,CONTINENT_DERIVED_FROM_COORDINATES;TAXON_ID_NOT_FOUND
2366125239,50c9509d-22c7-4a22-a47d-8c48425ef4a7,https://www.inaturalist.org/observations/31207551,,Washington,48.51009,-121.20078,,,,2019-08-04,2019,HUMAN_OBSERVATION,iNaturalist,Observations,31207551,mediancat,CONTINENT_DERIVED_FROM_COORDINATES;TAXON_ID_NOT_FOUND
2366076553,50c9509d-22c7-4a22-a47d-8c48425ef4a7,https://www.inaturalist.org/observations/31031328,,Washington,46.918963,-121.662178,,,,2019-08-13T15:45:12,2019,HUMAN_OBSERVATION,iNaturalist,Observations,31031328,John Brew,COORDINATE_ROUNDED;CONTINENT_DERIVED_FROM_COORDINATES;TAXON_ID_NOT_FOUND
2366062056,50c9509d-22c7-4a22-a47d-8c48425ef4a7,https://www.inaturalist.org/observations/30972343,,Washington,47.562182,-121.262707,21.0,,,2019-08-15T14:05,2019,HUMAN_OBSERVATION,iNaturalist,Observations,30972343,John Soltys,COORDINATE_ROUNDED;CONTINENT_DERIVED_FROM_COORDINATES;TAXON_ID_NOT_FOUND
2366060205,50c9509d-22c7-4a22-a47d-8c48425ef4a7,https://www.inaturalist.org/observations/30970437,,Washington,46.933678,-121.865752,,,,2019-08-06T09:19,2019,HUMAN_OBSERVATION,iNaturalist,Observations,30970437,Adam Schneider,COORDINATE_ROUNDED;CONTINENT_DERIVED_FROM_COORDINATES;TAXON_ID_NOT_FOUND
2366058605,50c9509d-22c7-4a22-a47d-8c48425ef4a7,https://www.inaturalist.org/observations/30972342,,Washington,47.585689,-121.257774,2.0,,,2019-08-15T19:04,2019,HUMAN_OBSERVATION,iNaturalist,Observations,30972342,John Soltys,COORDINATE_ROUNDED;CONTINENT_DERIVED_FROM_COORDINATES;TAXON_ID_NOT_FOUND
2350423565,50c9509d-22c7-4a22-a47d-8c48425ef4a7,https://www.inaturalist.org/observations/30796740,,Washington,47.396101,-121.342481,4.0,,,2019-08-12T22:29,2019,HUMAN_OBSERVATION,iNaturalist,Observations,30796740,John Soltys,COORDINATE_ROUNDED;CONTINENT_DERIVED_FROM_COORDINATES;TAXON_ID_NOT_FOUND
2350420681,50c9509d-22c7-4a22-a47d-8c48425ef4a7,https://www.inaturalist.org/observations/30796738,,Washington,47.396101,-121.342481,4.0,,,2019-08-12T22:29,2019,HUMAN_OBSERVATION,iNaturalist,Observations,30796738,John Soltys,COORDINATE_ROUNDED;CONTINENT_DERIVED_FROM_COORDINATES;TAXON_ID_NOT_FOUND
2350400255,50c9509d-22c7-4a22-a47d-8c48425ef4a7,https://www.inaturalist.org/observations/30721366,,Washington,48.963964,-121.796914,,,,2019-08-12T12:12,2019,HUMAN_OBSERVATION,iNaturalist,Observations,30721366,Old Goat,COORDINATE_ROUNDED;CONTINENT_DERIVED_FROM_COORDINATES;TAXON_ID_NOT_FOUND
2350386460,50c9509d-22c7-4a22-a47d-8c48425ef4a7,https://www.inaturalist.org/observations/30667100,,Washington,46.919463,-121.586358,5.0,,,2019-08-11T17:01:08,2019,HUMAN_OBSERVATION,iNaturalist,Observations,30667100,ljbrown,COORDINATE_ROUNDED;CONTINENT_DERIVED_FROM_COORDINATES;TAXON_ID_NOT_FOUND
2331955101,50c9509d-22c7-4a22-a47d-8c48425ef4a7,https://www.inaturalist.org/observations/30395497,,Washington,46.788658,-121.783281,,,,2019-07-20T11:41,2019,HUMAN_OBSERVATION,iNaturalist,Observations,30395497,Dakota Duff,COORDINATE_ROUNDED;CONTINENT_DERIVED_FROM_COORDINATES;TAXON_ID_NOT_FOUND
2331923245,50c9509d-22c7-4a22-a47d-8c48425ef4a7,https://www.inaturalist.org/observations/30272758,,Washington,46.916108,-121.677475,3.0,,,2019-07-14T16:32:07,2019,HUMAN_OBSERVATION,iNaturalist,Observations,30272758,Zach Hawn,COORDINATE_ROUNDED;CONTINENT_DERIVED_FROM_COORDINATES;TAXON_ID_NOT_FOUND
2331922966,50c9509d-22c7-4a22-a47d-8c48425ef4a7,https://www.inaturalist.org/observations/30272656,,Washington,46.917221,-121.679822,9.0,,,2019-07-14T11:39:02,2019,HUMAN_OBSERVATION,iNaturalist,Observations,30272656,Zach Hawn,COORDINATE_ROUNDED;CONTINENT_DERIVED_FROM_COORDINATES;TAXON_ID_NOT_FOUND
2331922759,50c9509d-22c7-4a22-a47d-8c48425ef4a7,https://www.inaturalist.org/observations/30272643,,Washington,46.919174,-121.664499,5.0,,,2019-07-14T10:56:20,2019,HUMAN_OBSERVATION,iNaturalist,Observations,30272643,Zach Hawn,COORDINATE_ROUNDED;CONTINENT_DERIVED_FROM_COORDINATES;TAXON_ID_NOT_FOUND
2331922639,50c9509d-22c7-4a22-a47d-8c48425ef4a7,https://www.inaturalist.org/observations/30272749,,Washington,46.917153,-121.679586,7.0,,,2019-07-14T16:26:24,2019,HUMAN_OBSERVATION,iNaturalist,Observations,30272749,Zach Hawn,COORDINATE_ROUNDED;CONTINENT_DERIVED_FROM_COORDINATES;TAXON_ID_NOT_FOUND
2331910338,50c9509d-22c7-4a22-a47d-8c48425ef4a7,https://www.inaturalist.org/observations/30227698,,Washington,48.13168,-121.528578,,,,2019-08-04T08:36,2019,HUMAN_OBSERVATION,iNaturalist,Observations,30227698,Eric Jain,COORDINATE_ROUNDED;CONTINENT_DERIVED_FROM_COORDINATES;TAXON_ID_NOT_FOUND
2331909410,50c9509d-22c7-4a22-a47d-8c48425ef4a7,https://www.inaturalist.org/observations/30225496,,Washington,47.44611,-121.4677,10.0,,,2019-08-01T18:31,2019,HUMAN_OBSERVATION,iNaturalist,Observations,30225496,John Soltys,CONTINENT_DERIVED_FROM_COORDINATES;TAXON_ID_NOT_FOUND
2311387532,50c9509d-22c7-4a22-a47d-8c48425ef4a7,https://www.inaturalist.org/observations/29828449,,Washington,47.458753,-121.277383,5.0,,,2019-07-27,2019,HUMAN_OBSERVATION,iNaturalist,Observations,29828449,mediancat,CONTINENT_DERIVED_FROM_COORDINATES;TAXON_ID_NOT_FOUND
2311386852,50c9509d-22c7-4a22-a47d-8c48425ef4a7,https://www.inaturalist.org/observations/29828075,,Washington,47.45822,-121.27373,996217.0,,,2019-07-27,2019,HUMAN_OBSERVATION,iNaturalist,Observations,29828075,mediancat,CONTINENT_DERIVED_FROM_COORDINATES;TAXON_ID_NOT_FOUND
2311386270,50c9509d-22c7-4a22-a47d-8c48425ef4a7,https://www.inaturalist.org/observations/29831025,,Washington,46.754647,-121.699095,270.0,,,2019-07-29T12:15:58,2019,HUMAN_OBSERVATION,iNaturalist,Observations,29831025,jackeatsdirt,COORDINATE_ROUNDED;CONTINENT_DERIVED_FROM_COORDINATES;TAXON_ID_NOT_FOUND
2311385935,50c9509d-22c7-4a22-a47d-8c48425ef4a7,https://www.inaturalist.org/observations/29828797,,Washington,47.458748,-121.277728,5.0,,,2019-07-27,2019,HUMAN_OBSERVATION,iNaturalist,Observations,29828797,mediancat,CONTINENT_DERIVED_FROM_COORDINATES;TAXON_ID_NOT_FOUND
2294676719,50c9509d-22c7-4a22-a47d-8c48425ef4a7,https://www.inaturalist.org/observations/29510187,,Washington,48.770272,-121.302267,9751.0,,,2014-08-29T11:35,2014,HUMAN_OBSERVATION,iNaturalist,Observations,29510187,kuqi_baba,COORDINATE_ROUNDED;CONTINENT_DERIVED_FROM_COORDINATES;TAXON_ID_NOT_FOUND
2294675430,50c9509d-22c7-4a22-a47d-8c48425ef4a7,https://www.inaturalist.org/observations/29502153,,Washington,48.469745,-121.055808,,,,2019-07-23T10:54:14,2019,HUMAN_OBSERVATION,iNaturalist,Observations,29502153,John Brew,COORDINATE_ROUNDED;CONTINENT_DERIVED_FROM_COORDINATES;TAXON_ID_NOT_FOUND
2294674798,50c9509d-22c7-4a22-a47d-8c48425ef4a7,https://www.inaturalist.org/observations/29502122,,Washington,48.469833,-121.054853,,,,2019-07-23T10:57:22,2019,HUMAN_OBSERVATION,iNaturalist,Observations,29502122,John Brew,COORDINATE_ROUNDED;CONTINENT_DERIVED_FROM_COORDINATES;TAXON_ID_NOT_FOUND
2294650704,50c9509d-22c7-4a22-a47d-8c48425ef4a7,https://www.inaturalist.org/observations/29404370,,Washington,47.357723,-121.521004,,,,2019-07-14,2019,HUMAN_OBSERVATION,iNaturalist,Observations,29404370,Christine,CONTINENT_DERIVED_FROM_COORDINATES;TAXON_ID_NOT_FOUND
2294650458,50c9509d-22c7-4a22-a47d-8c48425ef4a7,https://www.inaturalist.org/observations/29404822,,Washington,47.358826,-121.522569,,,,2019-07-14,2019,HUMAN_OBSERVATION,iNaturalist,Observations,29404822,Christine,CONTINENT_DERIVED_FROM_COORDINATES;TAXON_ID_NOT_FOUND
2294630376,50c9509d-22c7-4a22-a47d-8c48425ef4a7,https://www.inaturalist.org/observations/29325312,,Washington,47.470749,-121.314178,,,,2019-07-16T17:31:53,2019,HUMAN_OBSERVATION,iNaturalist,Observations,29325312,Peter Wilton,COORDINATE_ROUNDED;CONTINENT_DERIVED_FROM_COORDINATES;TAXON_ID_NOT_FOUND
2294625832,50c9509d-22c7-4a22-a47d-8c48425ef4a7,https://www.inaturalist.org/observations/29305090,,Washington,48.155188,-120.361318,,,,2019-07-20T17:05,2019,HUMAN_OBSERVATION,iNaturalist,Observations,29305090,Eric Jain,COORDINATE_ROUNDED;CONTINENT_DERIVED_FROM_COORDINATES;TAXON_ID_NOT_FOUND
2294584853,50c9509d-22c7-4a22-a47d-8c48425ef4a7,https://www.inaturalist.org/observations/29149220,,Washington,48.061268,-121.804286,61.0,,,2019-07-19T11:50,2019,HUMAN_OBSERVATION,iNaturalist,Observations,29149220,americannaturalist90,COORDINATE_ROUNDED;CONTINENT_DERIVED_FROM_COORDINATES;TAXON_ID_NOT_FOUND
2294504875,50c9509d-22c7-4a22-a47d-8c48425ef4a7,https://www.inaturalist.org/observations/28852032,,Washington,47.714563,-121.153764,7.0,,,2019-07-13T19:09:25,2019,HUMAN_OBSERVATION,iNaturalist,Observations,28852032,Kate Pfeilschiefter,COORDINATE_ROUNDED;CONTINENT_DERIVED_FROM_COORDINATES;TAXON_ID_NOT_FOUND
2283164280,50c9509d-22c7-4a22-a47d-8c48425ef4a7,https://www.inaturalist.org/observations/28216334,,Washington,46.919157,-121.664775,,,,2019-06-29T13:09,2019,HUMAN_OBSERVATION,iNaturalist,Observations,28216334,Mike,COORDINATE_ROUNDED;CONTINENT_DERIVED_FROM_COORDINATES;TAXON_ID_NOT_FOUND
2283126758,50c9509d-22c7-4a22-a47d-8c48425ef4a7,https://www.inaturalist.org/observations/28077138,,Washington,48.459194,-121.011414,5.0,,,2019-06-28T21:10,2019,HUMAN_OBSERVATION,iNaturalist,Observations,28077138,Damon Tighe,COORDINATE_ROUNDED;CONTINENT_DERIVED_FROM_COORDINATES;TAXON_ID_NOT_FOUND
2283125926,50c9509d-22c7-4a22-a47d-8c48425ef4a7,https://www.inaturalist.org/observations/28077186,,Washington,48.4585,-121.011306,30.0,,,2019-06-28T20:36,2019,HUMAN_OBSERVATION,iNaturalist,Observations,28077186,Damon Tighe,COORDINATE_ROUNDED;CONTINENT_DERIVED_FROM_COORDINATES;TAXON_ID_NOT_FOUND
2283110911,50c9509d-22c7-4a22-a47d-8c48425ef4a7,https://www.inaturalist.org/observations/28023295,,Washington,46.919408,-121.659973,,,,2019-06-30T07:53,2019,HUMAN_OBSERVATION,iNaturalist,Observations,28023295,Peter Olsoy,COORDINATE_ROUNDED;CONTINENT_DERIVED_FROM_COORDINATES;TAXON_ID_NOT_FOUND
2273230225,50c9509d-22c7-4a22-a47d-8c48425ef4a7,https://www.inaturalist.org/observations/27396762,,Washington,46.788613,-121.783708,9.0,,,2019-06-21T11:25:26,2019,HUMAN_OBSERVATION,iNaturalist,Observations,27396762,redwolf,COORDINATE_ROUNDED;CONTINENT_DERIVED_FROM_COORDINATES;TAXON_ID_NOT_FOUND
2273226899,50c9509d-22c7-4a22-a47d-8c48425ef4a7,https://www.inaturalist.org/observations/27379090,,Washington,47.417127,-121.481199,2.0,,,2019-06-20T19:59,2019,HUMAN_OBSERVATION,iNaturalist,Observations,27379090,John Soltys,COORDINATE_ROUNDED;CONTINENT_DERIVED_FROM_COORDINATES;TAXON_ID_NOT_FOUND
2265855638,50c9509d-22c7-4a22-a47d-8c48425ef4a7,https://www.inaturalist.org/observations/26727511,,Washington,47.44611,-121.4677,10.0,,,2019-06-09T07:59,2019,HUMAN_OBSERVATION,iNaturalist,Observations,26727511,John Soltys,CONTINENT_DERIVED_FROM_COORDINATES;TAXON_ID_NOT_FOUND
2265849154,50c9509d-22c7-4a22-a47d-8c48425ef4a7,https://www.inaturalist.org/observations/26706889,,Washington,48.89647,-121.563737,10.0,,,2019-06-09T11:13:29,2019,HUMAN_OBSERVATION,iNaturalist,Observations,26706889,aeholl,COORDINATE_ROUNDED;CONTINENT_DERIVED_FROM_COORDINATES;TAXON_ID_NOT_FOUND
2251987339,50c9509d-22c7-4a22-a47d-8c48425ef4a7,https://www.inaturalist.org/observations/26126617,,Washington,46.784701,-121.780528,6.0,,,2019-05-28T14:18:55,2019,HUMAN_OBSERVATION,iNaturalist,Observations,26126617,Zach Hawn,COORDINATE_ROUNDED;CONTINENT_DERIVED_FROM_COORDINATES;TAXON_ID_NOT_FOUND
2251987029,50c9509d-22c7-4a22-a47d-8c48425ef4a7,https://www.inaturalist.org/observations/26128287,,Washington,46.60609,-121.690658,26967.0,,,2019-05-28T11:48,2019,HUMAN_OBSERVATION,iNaturalist,Observations,26128287,Zach Hawn,COORDINATE_ROUNDED;CONTINENT_DERIVED_FROM_COORDINATES;TAXON_ID_NOT_FOUND
2251986831,50c9509d-22c7-4a22-a47d-8c48425ef4a7,https://www.inaturalist.org/observations/26126622,,Washington,46.788732,-121.783464,9.0,,,2019-05-28T15:08:57,2019,HUMAN_OBSERVATION,iNaturalist,Observations,26126622,Zach Hawn,COORDINATE_ROUNDED;CONTINENT_DERIVED_FROM_COORDINATES;TAXON_ID_NOT_FOUND
2251883061,50c9509d-22c7-4a22-a47d-8c48425ef4a7,https://www.inaturalist.org/observations/25734751,,Washington,47.453514,-121.435833,3000.0,,,2009-09-10T23:00,2009,HUMAN_OBSERVATION,iNaturalist,Observations,25734751,Tuoichen,CONTINENT_DERIVED_FROM_COORDINATES;TAXON_ID_NOT_FOUND
2251860134,50c9509d-22c7-4a22-a47d-8c48425ef4a7,https://www.inaturalist.org/observations/25650233,,Washington,47.452875,-120.935612,1500.0,,,2004-08-07T12:00,2004,HUMAN_OBSERVATION,iNaturalist,Observations,25650233,Tuoichen,CONTINENT_DERIVED_FROM_COORDINATES;TAXON_ID_NOT_FOUND
2244332813,50c9509d-22c7-4a22-a47d-8c48425ef4a7,https://www.inaturalist.org/observations/25643486,,Washington,46.862979,-121.658263,1000.0,,,2006-08-01T14:00,2006,HUMAN_OBSERVATION,iNaturalist,Observations,25643486,Tuoichen,CONTINENT_DERIVED_FROM_COORDINATES;TAXON_ID_NOT_FOUND
2242872066,50c9509d-22c7-4a22-a47d-8c48425ef4a7,https://www.inaturalist.org/observations/24673880,,Washington,48.473917,-121.062641,2000.0,,,1987-08-09T12:00,1987,HUMAN_OBSERVATION,iNaturalist,Observations,24673880,Tuoichen,CONTINENT_DERIVED_FROM_COORDINATES;TAXON_ID_NOT_FOUND
2237534082,50c9509d-22c7-4a22-a47d-8c48425ef4a7,https://www.inaturalist.org/observations/23084223,,Washington,47.64976,-121.139676,113.0,,,2018-09-03T11:42:25,2018,HUMAN_OBSERVATION,iNaturalist,Observations,23084223,Kelsey,COORDINATE_ROUNDED;CONTINENT_DERIVED_FROM_COORDINATES;TAXON_ID_NOT_FOUND
2234816991,50c9509d-22c7-4a22-a47d-8c48425ef4a7,http://www.inaturalist.org/observations/4203170,,Washington,46.933896,-121.675215,2366.0,,,2016-07-30,2016,HUMAN_OBSERVATION,iNaturalist,Observations,4203170,Nate Martineau,COORDINATE_ROUNDED;CONTINENT_DERIVED_FROM_COORDINATES;TAXON_ID_NOT_FOUND
2013014043,50c9509d-22c7-4a22-a47d-8c48425ef4a7,https://www.inaturalist.org/observations/21006943,,Washington,47.660426,-121.12324,29.0,,,2018-08-11T14:07,2018,HUMAN_OBSERVATION,iNaturalist,Observations,21006943,John Soltys,COORDINATE_ROUNDED;CONTINENT_DERIVED_FROM_COORDINATES;TAXON_ID_NOT_FOUND
2013014031,50c9509d-22c7-4a22-a47d-8c48425ef4a7,https://www.inaturalist.org/observations/21006937,,Washington,47.660426,-121.12324,29.0,,,2018-08-11T14:07,2018,HUMAN_OBSERVATION,iNaturalist,Observations,21006937,John Soltys,COORDINATE_ROUNDED;CONTINENT_DERIVED_FROM_COORDINATES;TAXON_ID_NOT_FOUND
2013014022,50c9509d-22c7-4a22-a47d-8c48425ef4a7,https://www.inaturalist.org/observations/21006941,,Washington,47.660426,-121.12324,29.0,,,2018-08-11T14:07,2018,HUMAN_OBSERVATION,iNaturalist,Observations,21006941,John Soltys,COORDINATE_ROUNDED;CONTINENT_DERIVED_FROM_COORDINATES;TAXON_ID_NOT_FOUND
2013014009,50c9509d-22c7-4a22-a47d-8c48425ef4a7,https://www.inaturalist.org/observations/21006944,,Washington,47.660426,-121.12324,29.0,,,2018-08-11T14:07,2018,HUMAN_OBSERVATION,iNaturalist,Observations,21006944,John Soltys,COORDINATE_ROUNDED;CONTINENT_DERIVED_FROM_COORDINATES;TAXON_ID_NOT_FOUND
2013013990,50c9509d-22c7-4a22-a47d-8c48425ef4a7,https://www.inaturalist.org/observations/21006936,,Washington,47.691444,-121.093337,138.0,,,2018-08-10,2018,HUMAN_OBSERVATION,iNaturalist,Observations,21006936,John Soltys,COORDINATE_ROUNDED;CONTINENT_DERIVED_FROM_COORDINATES;TAXON_ID_NOT_FOUND
2013013979,50c9509d-22c7-4a22-a47d-8c48425ef4a7,https://www.inaturalist.org/observations/21006946,,Washington,47.668538,-121.125278,39.0,,,2018-08-12,2018,HUMAN_OBSERVATION,iNaturalist,Observations,21006946,John Soltys,COORDINATE_ROUNDED;CONTINENT_DERIVED_FROM_COORDINATES;TAXON_ID_NOT_FOUND
2013013978,50c9509d-22c7-4a22-a47d-8c48425ef4a7,https://www.inaturalist.org/observations/21006939,,Washington,47.660426,-121.12324,29.0,,,2018-08-11T14:07,2018,HUMAN_OBSERVATION,iNaturalist,Observations,21006939,John Soltys,COORDINATE_ROUNDED;CONTINENT_DERIVED_FROM_COORDINATES;TAXON_ID_NOT_FOUND
2013013976,50c9509d-22c7-4a22-a47d-8c48425ef4a7,https://www.inaturalist.org/observations/21006942,,Washington,47.660426,-121.12324,29.0,,,2018-08-11T14:07,2018,HUMAN_OBSERVATION,iNaturalist,Observations,21006942,John Soltys,COORDINATE_ROUNDED;CONTINENT_DERIVED_FROM_COORDINATES;TAXON_ID_NOT_FOUND
2013013975,50c9509d-22c7-4a22-a47d-8c48425ef4a7,https://www.inaturalist.org/observations/21007036,,Washington,47.430985,-121.300699,16.0,,,2018-10-21T14:15,2018,HUMAN_OBSERVATION,iNaturalist,Observations,21007036,John Soltys,COORDINATE_ROUNDED;CONTINENT_DERIVED_FROM_COORDINATES;TAXON_ID_NOT_FOUND
1990550198,50c9509d-22c7-4a22-a47d-8c48425ef4a7,https://www.inaturalist.org/observations/19774972,,Washington,48.56402,-121.271335,,,,2018-08-28T10:46,2018,HUMAN_OBSERVATION,iNaturalist,Observations,19774972,Tulipifera-ike,CONTINENT_DERIVED_FROM_COORDINATES;TAXON_ID_NOT_FOUND
1987356899,6d2cfc0a-9903-40b8-802b-403398218e4a,fece0203-740a-43d9-aa61-2cce1eb4079d,12MI SW CONCONULLY,Washington,48.4344406,-119.9344843,4.81,,,1940-08-14,1940,PRESERVED_SPECIMEN,UMMZ,UMMZ-Mammals,95794,"WING, LEONARD",COORDINATE_ROUNDED;COORDINATE_REPROJECTED
1987354107,6d2cfc0a-9903-40b8-802b-403398218e4a,f4c5c719-32b8-4845-b47e-97d1b2e8b1ac,SPRAY PARK 5500FT,Washington,46.9153265,-121.8253128,0.31,,,1919-08-25,1919,PRESERVED_SPECIMEN,UMMZ,UMMZ-Mammals,57176,"BROWN, D.",COORDINATE_REPROJECTED
1987330687,6d2cfc0a-9903-40b8-802b-403398218e4a,c4c441ec-63a1-45c3-8a88-bfb328df2775,SPRAY PARK 5500FT,Washington,46.9153265,-121.8253128,0.31,,,1919-08-25,1919,PRESERVED_SPECIMEN,UMMZ,UMMZ-Mammals,57177,"BROWN, D.",COORDINATE_REPROJECTED
1987328967,6d2cfc0a-9903-40b8-802b-403398218e4a,c6c0f75e-6fc4-48c3-8266-c1f6a244aa17,"16MI N CONCONULLY,FUNK MT,4000FT",Washington,48.5997423,-119.7444926,1.21,,,1940-07-08,1940,PRESERVED_SPECIMEN,UMMZ,UMMZ-Mammals,95791,"WING, LEONARD",COORDINATE_REPROJECTED
1987315537,6d2cfc0a-9903-40b8-802b-403398218e4a,ab5e2db4-ff1d-4392-ada0-451ce8d2c61f,MIRROR LAKE,Washington,47.3461286,-121.4392116,0.21,,,1922-07-15,1922,PRESERVED_SPECIMEN,UMMZ,UMMZ-Mammals,54344,"Dice, Lee",COORDINATE_REPROJECTED
1987301379,6d2cfc0a-9903-40b8-802b-403398218e4a,8f3639a2-c6b2-41d1-9176-d5636211d977,MIRROR LAKE,Washington,47.3461286,-121.4392116,0.21,,,1922-07-15,1922,PRESERVED_SPECIMEN,UMMZ,UMMZ-Mammals,54343,"Dice, Lee",COORDINATE_REPROJECTED
1987284867,6d2cfc0a-9903-40b8-802b-403398218e4a,6e69e255-6b88-4c07-9670-56b24f54ae0e,"12MI W RIMROCK,DOG LAKE",Washington,46.6547321,-121.3600956,1.71,,,1940-08-20,1940,PRESERVED_SPECIMEN,UMMZ,UMMZ-Mammals,86680,"Broadbooks, H.",COORDINATE_REPROJECTED
1987271472,6d2cfc0a-9903-40b8-802b-403398218e4a,5415eb14-4ea9-41d4-8283-bddb7474b6d6,MIRROR LAKE,Washington,47.3461286,-121.4392116,0.21,,,1922-07-16,1922,PRESERVED_SPECIMEN,UMMZ,UMMZ-Mammals,54347,"Dice, Lee",COORDINATE_REPROJECTED
1987257150,6d2cfc0a-9903-40b8-802b-403398218e4a,37c03c56-9589-4142-9e73-96295adda2f1,MIRROR LAKE,Washington,47.3461286,-121.4392116,0.21,,,1922-07-16,1922,PRESERVED_SPECIMEN,UMMZ,UMMZ-Mammals,54346,"Dice, Lee",COORDINATE_REPROJECTED
1987253669,6d2cfc0a-9903-40b8-802b-403398218e4a,3065610f-83ec-4aba-bfd1-a192d9423748,"25MI W OROVILLE,8350FT",Washington,48.93891,-119.9845214,19.55,,,1940-08-02,1940,PRESERVED_SPECIMEN,UMMZ,UMMZ-Mammals,95792,"WING, LEONARD",COORDINATE_ROUNDED;COORDINATE_REPROJECTED
1987250015,6d2cfc0a-9903-40b8-802b-403398218e4a,29379338-31cb-4cbd-88f9-122fdeaef687,"12MI W RIMROCK,DOG LAKE",Washington,46.6547321,-121.3600956,1.71,,,1940-08-20,1940,PRESERVED_SPECIMEN,UMMZ,UMMZ-Mammals,86679,"Broadbooks, H.",COORDINATE_REPROJECTED
1987246326,6d2cfc0a-9903-40b8-802b-403398218e4a,22763f8b-631d-41cb-bb4c-e47a94df818f,12MI SW CONCONULLY,Washington,48.4344406,-119.9344843,4.81,,,1940-08-14,1940,PRESERVED_SPECIMEN,UMMZ,UMMZ-Mammals,95793,"WING, LEONARD",COORDINATE_ROUNDED;COORDINATE_REPROJECTED
1987240542,6d2cfc0a-9903-40b8-802b-403398218e4a,161368e8-aecc-4e7c-a423-e057b5ea7062,MIRROR LAKE,Washington,47.3461286,-121.4392116,0.21,,,1922-07-15,1922,PRESERVED_SPECIMEN,UMMZ,UMMZ-Mammals,54345,"Dice, Lee",COORDINATE_REPROJECTED
1978854968,50c9509d-22c7-4a22-a47d-8c48425ef4a7,https://www.inaturalist.org/observations/19218547,,Washington,48.7354,-120.671617,89.0,,,2016-10-02T03:11,2016,HUMAN_OBSERVATION,iNaturalist,Observations,19218547,Emily,COORDINATE_ROUNDED;CONTINENT_DERIVED_FROM_COORDINATES;TAXON_ID_NOT_FOUND
1978417849,50c9509d-22c7-4a22-a47d-8c48425ef4a7,https://www.inaturalist.org/observations/16723461,,Washington,48.169849,-120.882323,1446.0,,,2018-09-10T13:45,2018,HUMAN_OBSERVATION,iNaturalist,Observations,16723461,Cindy Pencek,COORDINATE_ROUNDED;CONTINENT_DERIVED_FROM_COORDINATES;TAXON_ID_NOT_FOUND
1946346999,50c9509d-22c7-4a22-a47d-8c48425ef4a7,https://www.inaturalist.org/observations/18669454,,Washington,46.771115,-121.741133,422.0,,,2018-10-03T16:11,2018,HUMAN_OBSERVATION,iNaturalist,Observations,18669454,Brandon Hawn,COORDINATE_ROUNDED;CONTINENT_DERIVED_FROM_COORDINATES;TAXON_ID_NOT_FOUND
1945454314,50c9509d-22c7-4a22-a47d-8c48425ef4a7,https://www.inaturalist.org/observations/18509130,,Washington,46.771258,-121.743653,5.0,,,2018-11-19T14:36:58,2018,HUMAN_OBSERVATION,iNaturalist,Observations,18509130,jgiga001,COORDINATE_ROUNDED;CONTINENT_DERIVED_FROM_COORDINATES;TAXON_ID_NOT_FOUND
1944385231,50c9509d-22c7-4a22-a47d-8c48425ef4a7,https://www.inaturalist.org/observations/18299567,,Washington,48.822008,-121.737325,132.0,,,2018-10-13T14:00,2018,HUMAN_OBSERVATION,iNaturalist,Observations,18299567,Isaiah Nugent,COORDINATE_ROUNDED;CONTINENT_DERIVED_FROM_COORDINATES;TAXON_ID_NOT_FOUND
1931529041,50c9509d-22c7-4a22-a47d-8c48425ef4a7,https://www.inaturalist.org/observations/17622486,,Washington,47.441124,-121.331929,22.0,,,2018-07-26,2018,HUMAN_OBSERVATION,iNaturalist,Observations,17622486,John Soltys,CONTINENT_DERIVED_FROM_COORDINATES;TAXON_ID_NOT_FOUND
1931526492,50c9509d-22c7-4a22-a47d-8c48425ef4a7,https://www.inaturalist.org/observations/17610473,,Washington,46.91918,-121.665007,,,,2018-10-14T12:40,2018,HUMAN_OBSERVATION,iNaturalist,Observations,17610473,Mike,COORDINATE_ROUNDED;CONTINENT_DERIVED_FROM_COORDINATES;TAXON_ID_NOT_FOUND
1931521499,50c9509d-22c7-4a22-a47d-8c48425ef4a7,https://www.inaturalist.org/observations/17586341,,Washington,46.868903,-121.514912,,,,2018-09-23T17:09,2018,HUMAN_OBSERVATION,iNaturalist,Observations,17586341,Mike,COORDINATE_ROUNDED;CONTINENT_DERIVED_FROM_COORDINATES;TAXON_ID_NOT_FOUND
1931514272,50c9509d-22c7-4a22-a47d-8c48425ef4a7,https://www.inaturalist.org/observations/17551164,,Washington,46.919187,-121.664605,,,,2018-08-13T09:38,2018,HUMAN_OBSERVATION,iNaturalist,Observations,17551164,Mike,COORDINATE_ROUNDED;CONTINENT_DERIVED_FROM_COORDINATES;TAXON_ID_NOT_FOUND
1931513443,50c9509d-22c7-4a22-a47d-8c48425ef4a7,https://www.inaturalist.org/observations/17548774,,Washington,46.919228,-121.664917,,,,2018-07-28T18:04,2018,HUMAN_OBSERVATION,iNaturalist,Observations,17548774,Mike,COORDINATE_ROUNDED;CONTINENT_DERIVED_FROM_COORDINATES;TAXON_ID_NOT_FOUND
1931513410,50c9509d-22c7-4a22-a47d-8c48425ef4a7,https://www.inaturalist.org/observations/17548469,,Washington,46.924368,-121.673922,,,,2018-07-28T16:12,2018,HUMAN_OBSERVATION,iNaturalist,Observations,17548469,Mike,COORDINATE_ROUNDED;CONTINENT_DERIVED_FROM_COORDINATES;TAXON_ID_NOT_FOUND
1931513405,50c9509d-22c7-4a22-a47d-8c48425ef4a7,https://www.inaturalist.org/observations/17548457,,Washington,46.919147,-121.66221,,,,2018-07-28T15:16,2018,HUMAN_OBSERVATION,iNaturalist,Observations,17548457,Mike,COORDINATE_ROUNDED;CONTINENT_DERIVED_FROM_COORDINATES;TAXON_ID_NOT_FOUND
1914366064,50c9509d-22c7-4a22-a47d-8c48425ef4a7,https://www.inaturalist.org/observations/17208657,,Washington,46.769755,-121.737473,15.0,,,2018-10-03T16:03,2018,HUMAN_OBSERVATION,iNaturalist,Observations,17208657,Zach Hawn,COORDINATE_ROUNDED;CONTINENT_DERIVED_FROM_COORDINATES;TAXON_ID_NOT_FOUND
1914365950,50c9509d-22c7-4a22-a47d-8c48425ef4a7,https://www.inaturalist.org/observations/17208745,,Washington,46.803619,-121.723133,7.0,,,2018-10-03T13:50:54,2018,HUMAN_OBSERVATION,iNaturalist,Observations,17208745,Zach Hawn,COORDINATE_ROUNDED;CONTINENT_DERIVED_FROM_COORDINATES;TAXON_ID_NOT_FOUND
1914349271,50c9509d-22c7-4a22-a47d-8c48425ef4a7,https://www.inaturalist.org/observations/17121398,,Washington,47.472172,-121.457438,16.0,,,2018-07-19T22:20,2018,HUMAN_OBSERVATION,iNaturalist,Observations,17121398,John Soltys,COORDINATE_ROUNDED;CONTINENT_DERIVED_FROM_COORDINATES;TAXON_ID_NOT_FOUND
1914349250,50c9509d-22c7-4a22-a47d-8c48425ef4a7,https://www.inaturalist.org/observations/17121425,,Washington,47.47318,-121.459892,6.0,,,2018-07-19T22:22,2018,HUMAN_OBSERVATION,iNaturalist,Observations,17121425,John Soltys,COORDINATE_ROUNDED;CONTINENT_DERIVED_FROM_COORDINATES;TAXON_ID_NOT_FOUND
1914230369,50c9509d-22c7-4a22-a47d-8c48425ef4a7,https://www.inaturalist.org/observations/16893171,,Washington,47.430062,-121.454206,6.0,,,2018-07-15T21:08,2018,HUMAN_OBSERVATION,iNaturalist,Observations,16893171,John Soltys,COORDINATE_ROUNDED;CONTINENT_DERIVED_FROM_COORDINATES;TAXON_ID_NOT_FOUND
1914213745,50c9509d-22c7-4a22-a47d-8c48425ef4a7,https://www.inaturalist.org/observations/16813583,,Washington,47.461167,-121.447717,5.0,,,2018-09-22T12:01:46,2018,HUMAN_OBSERVATION,iNaturalist,Observations,16813583,Kate Pfeilschiefter,COORDINATE_ROUNDED;CONTINENT_DERIVED_FROM_COORDINATES;TAXON_ID_NOT_FOUND
1913704757,50c9509d-22c7-4a22-a47d-8c48425ef4a7,https://www.inaturalist.org/observations/16690791,,Washington,48.397384,-120.730395,4.0,,,2018-09-10T14:44,2018,HUMAN_OBSERVATION,iNaturalist,Observations,16690791,David Carr,COORDINATE_ROUNDED;CONTINENT_DERIVED_FROM_COORDINATES;TAXON_ID_NOT_FOUND
1913670069,50c9509d-22c7-4a22-a47d-8c48425ef4a7,https://www.inaturalist.org/observations/16534510,,Washington,48.848123,-121.702244,271.0,,,2018-09-12T11:56,2018,HUMAN_OBSERVATION,iNaturalist,Observations,16534510,Jami Gramore,COORDINATE_ROUNDED;CONTINENT_DERIVED_FROM_COORDINATES;TAXON_ID_NOT_FOUND
1913658535,50c9509d-22c7-4a22-a47d-8c48425ef4a7,https://www.inaturalist.org/observations/15226390,,Washington,46.791923,-121.780841,9.0,,,2018-08-04T10:57:04,2018,HUMAN_OBSERVATION,iNaturalist,Observations,15226390,Zach Hawn,COORDINATE_ROUNDED;CONTINENT_DERIVED_FROM_COORDINATES;TAXON_ID_NOT_FOUND
1901051564,50c9509d-22c7-4a22-a47d-8c48425ef4a7,https://www.inaturalist.org/observations/16125930,,Washington,46.783348,-121.762247,26967.0,,,2018-08-27T15:37,2018,HUMAN_OBSERVATION,iNaturalist,Observations,16125930,Zach Hawn,COORDINATE_ROUNDED;CONTINENT_DERIVED_FROM_COORDINATES;TAXON_ID_NOT_FOUND
1901051531,50c9509d-22c7-4a22-a47d-8c48425ef4a7,https://www.inaturalist.org/observations/16125750,,Washington,46.784467,-121.780428,8.0,,,2018-08-30T10:17:08,2018,HUMAN_OBSERVATION,iNaturalist,Observations,16125750,Zach Hawn,COORDINATE_ROUNDED;CONTINENT_DERIVED_FROM_COORDINATES;TAXON_ID_NOT_FOUND
1901051499,50c9509d-22c7-4a22-a47d-8c48425ef4a7,https://www.inaturalist.org/observations/16125929,,Washington,46.740775,-121.686447,26967.0,,,2018-08-27T10:51,2018,HUMAN_OBSERVATION,iNaturalist,Observations,16125929,Zach Hawn,COORDINATE_ROUNDED;CONTINENT_DERIVED_FROM_COORDINATES;TAXON_ID_NOT_FOUND
1901051472,50c9509d-22c7-4a22-a47d-8c48425ef4a7,https://www.inaturalist.org/observations/16125723,,Washington,46.753847,-121.702129,16.0,,,2018-08-27T12:48:58,2018,HUMAN_OBSERVATION,iNaturalist,Observations,16125723,Zach Hawn,COORDINATE_ROUNDED;CONTINENT_DERIVED_FROM_COORDINATES;TAXON_ID_NOT_FOUND
1901051435,50c9509d-22c7-4a22-a47d-8c48425ef4a7,https://www.inaturalist.org/observations/16125931,,Washington,46.63001,-121.619314,26967.0,,,2018-08-27T10:32,2018,HUMAN_OBSERVATION,iNaturalist,Observations,16125931,Zach Hawn,COORDINATE_ROUNDED;CONTINENT_DERIVED_FROM_COORDINATES;TAXON_ID_NOT_FOUND
1901051430,50c9509d-22c7-4a22-a47d-8c48425ef4a7,https://www.inaturalist.org/observations/16125757,,Washington,46.791674,-121.781663,4.0,,,2018-08-30T11:27:48,2018,HUMAN_OBSERVATION,iNaturalist,Observations,16125757,Zach Hawn,COORDINATE_ROUNDED;CONTINENT_DERIVED_FROM_COORDINATES;TAXON_ID_NOT_FOUND
1901051424,50c9509d-22c7-4a22-a47d-8c48425ef4a7,https://www.inaturalist.org/observations/16125755,,Washington,46.788344,-121.783478,9.0,,,2018-08-30T10:56:28,2018,HUMAN_OBSERVATION,iNaturalist,Observations,16125755,Zach Hawn,COORDINATE_ROUNDED;CONTINENT_DERIVED_FROM_COORDINATES;TAXON_ID_NOT_FOUND
1901051423,50c9509d-22c7-4a22-a47d-8c48425ef4a7,https://www.inaturalist.org/observations/16125753,,Washington,46.788768,-121.783404,12.0,,,2018-08-30T10:55:44,2018,HUMAN_OBSERVATION,iNaturalist,Observations,16125753,Zach Hawn,COORDINATE_ROUNDED;CONTINENT_DERIVED_FROM_COORDINATES;TAXON_ID_NOT_FOUND
1901051411,50c9509d-22c7-4a22-a47d-8c48425ef4a7,https://www.inaturalist.org/observations/16125721,,Washington,46.756381,-121.700397,8.0,,,2018-08-27T12:05:45,2018,HUMAN_OBSERVATION,iNaturalist,Observations,16125721,Zach Hawn,COORDINATE_ROUNDED;CONTINENT_DERIVED_FROM_COORDINATES;TAXON_ID_NOT_FOUND
1901051407,50c9509d-22c7-4a22-a47d-8c48425ef4a7,https://www.inaturalist.org/observations/16125928,,Washington,46.650557,-121.788947,26967.0,,,2018-08-27T15:31,2018,HUMAN_OBSERVATION,iNaturalist,Observations,16125928,Zach Hawn,COORDINATE_ROUNDED;CONTINENT_DERIVED_FROM_COORDINATES;TAXON_ID_NOT_FOUND
1901051383,50c9509d-22c7-4a22-a47d-8c48425ef4a7,https://www.inaturalist.org/observations/16125726,,Washington,46.754997,-121.702493,9.0,,,2018-08-27T13:29:25,2018,HUMAN_OBSERVATION,iNaturalist,Observations,16125726,Zach Hawn,COORDINATE_ROUNDED;CONTINENT_DERIVED_FROM_COORDINATES;TAXON_ID_NOT_FOUND
1901051363,50c9509d-22c7-4a22-a47d-8c48425ef4a7,https://www.inaturalist.org/observations/16125752,,Washington,46.788763,-121.783322,3.0,,,2018-08-30T10:55:15,2018,HUMAN_OBSERVATION,iNaturalist,Observations,16125752,Zach Hawn,COORDINATE_ROUNDED;CONTINENT_DERIVED_FROM_COORDINATES;TAXON_ID_NOT_FOUND
1899794633,50c9509d-22c7-4a22-a47d-8c48425ef4a7,https://www.inaturalist.org/observations/15978766,,Washington,46.0405,-121.9203,,,,2018-08-25T13:45,2018,HUMAN_OBSERVATION,iNaturalist,Observations,15978766,Tia Cobb,CONTINENT_DERIVED_FROM_COORDINATES;TAXON_ID_NOT_FOUND
1898844787,50c9509d-22c7-4a22-a47d-8c48425ef4a7,http://www.inaturalist.org/observations/405946,,Washington,48.18283,-120.89403,3.0,,,2013-08-19,2013,HUMAN_OBSERVATION,iNaturalist,Observations,405946,Saint George's School Spokane,CONTINENT_DERIVED_FROM_COORDINATES;TAXON_ID_NOT_FOUND
1898844774,50c9509d-22c7-4a22-a47d-8c48425ef4a7,http://www.inaturalist.org/observations/402600,,Washington,48.16146,-120.87153,3.0,,,2013-08-18,2013,HUMAN_OBSERVATION,iNaturalist,Observations,402600,Saint George's School Spokane,CONTINENT_DERIVED_FROM_COORDINATES;TAXON_ID_NOT_FOUND
1898844773,50c9509d-22c7-4a22-a47d-8c48425ef4a7,http://www.inaturalist.org/observations/402602,,Washington,48.16145,-120.87156,3.0,,,2013-08-18,2013,HUMAN_OBSERVATION,iNaturalist,Observations,402602,Saint George's School Spokane,CONTINENT_DERIVED_FROM_COORDINATES;TAXON_ID_NOT_FOUND
1898844772,50c9509d-22c7-4a22-a47d-8c48425ef4a7,http://www.inaturalist.org/observations/402599,,Washington,48.16166,-120.87108,3.0,,,2013-08-18,2013,HUMAN_OBSERVATION,iNaturalist,Observations,402599,Saint George's School Spokane,CONTINENT_DERIVED_FROM_COORDINATES;TAXON_ID_NOT_FOUND
1898844771,50c9509d-22c7-4a22-a47d-8c48425ef4a7,http://www.inaturalist.org/observations/402595,,Washington,48.16183,-120.87111,3.0,,,2013-08-18,2013,HUMAN_OBSERVATION,iNaturalist,Observations,402595,Saint George's School Spokane,CONTINENT_DERIVED_FROM_COORDINATES;TAXON_ID_NOT_FOUND
1898844770,50c9509d-22c7-4a22-a47d-8c48425ef4a7,http://www.inaturalist.org/observations/402601,,Washington,48.16148,-120.87156,3.0,,,2013-08-18,2013,HUMAN_OBSERVATION,iNaturalist,Observations,402601,Saint George's School Spokane,CONTINENT_DERIVED_FROM_COORDINATES;TAXON_ID_NOT_FOUND
1898834536,50c9509d-22c7-4a22-a47d-8c48425ef4a7,https://www.inaturalist.org/observations/15795854,,Washington,48.730437,-120.546418,488.0,,,2017-09-30T12:38,2017,HUMAN_OBSERVATION,iNaturalist,Observations,15795854,Vikki Jackson,COORDINATE_ROUNDED;CONTINENT_DERIVED_FROM_COORDINATES;TAXON_ID_NOT_FOUND
1898809355,50c9509d-22c7-4a22-a47d-8c48425ef4a7,https://www.inaturalist.org/observations/15693679,,Washington,46.92928,-121.67361,689.0,,,2018-08-16T11:43,2018,HUMAN_OBSERVATION,iNaturalist,Observations,15693679,Kevin Fistanic,COORDINATE_ROUNDED;CONTINENT_DERIVED_FROM_COORDINATES;TAXON_ID_NOT_FOUND
1898789483,50c9509d-22c7-4a22-a47d-8c48425ef4a7,https://www.inaturalist.org/observations/15226374,,Washington,46.788878,-121.78327,11.0,,,2018-08-04T10:00:08,2018,HUMAN_OBSERVATION,iNaturalist,Observations,15226374,Zach Hawn,COORDINATE_ROUNDED;CONTINENT_DERIVED_FROM_COORDINATES;TAXON_ID_NOT_FOUND
1891334098,50c9509d-22c7-4a22-a47d-8c48425ef4a7,https://www.inaturalist.org/observations/15426548,,Washington,48.42921,-121.826665,,,,2018-08-05T14:42,2018,HUMAN_OBSERVATION,iNaturalist,Observations,15426548,Tulipifera-ike,CONTINENT_DERIVED_FROM_COORDINATES;TAXON_ID_NOT_FOUND
1890715810,50c9509d-22c7-4a22-a47d-8c48425ef4a7,https://www.inaturalist.org/observations/15226366,,Washington,46.788411,-121.783417,9.0,,,2018-08-04T09:58:41,2018,HUMAN_OBSERVATION,iNaturalist,Observations,15226366,Zach Hawn,COORDINATE_ROUNDED;CONTINENT_DERIVED_FROM_COORDINATES;TAXON_ID_NOT_FOUND
1890715767,50c9509d-22c7-4a22-a47d-8c48425ef4a7,https://www.inaturalist.org/observations/15226381,,Washington,46.788676,-121.783518,9.0,,,2018-08-04T10:02:25,2018,HUMAN_OBSERVATION,iNaturalist,Observations,15226381,Zach Hawn,COORDINATE_ROUNDED;CONTINENT_DERIVED_FROM_COORDINATES;TAXON_ID_NOT_FOUND
1890715719,50c9509d-22c7-4a22-a47d-8c48425ef4a7,https://www.inaturalist.org/observations/15226350,,Washington,46.78446,-121.780446,7.0,,,2018-08-04T09:18:50,2018,HUMAN_OBSERVATION,iNaturalist,Observations,15226350,Zach Hawn,COORDINATE_ROUNDED;CONTINENT_DERIVED_FROM_COORDINATES;TAXON_ID_NOT_FOUND
1890098630,50c9509d-22c7-4a22-a47d-8c48425ef4a7,http://www.inaturalist.org/observations/874489,,Washington,48.551365,-120.707053,8.0,,,2014-09-08T09:10:55,2014,HUMAN_OBSERVATION,iNaturalist,Observations,874489,Jennifer Smart,CONTINENT_DERIVED_FROM_COORDINATES;TAXON_ID_NOT_FOUND
1890097078,50c9509d-22c7-4a22-a47d-8c48425ef4a7,https://www.inaturalist.org/observations/6153568,,Washington,46.461042,-122.172865,5.0,,,2017-05-03T13:52:28,2017,HUMAN_OBSERVATION,iNaturalist,Observations,6153568,Randi Bowman,COORDINATE_ROUNDED;CONTINENT_DERIVED_FROM_COORDINATES;TAXON_ID_NOT_FOUND
1883952664,50c9509d-22c7-4a22-a47d-8c48425ef4a7,https://www.inaturalist.org/observations/14688659,,Washington,47.354771,-121.454538,17.0,,,2017-07-09,2017,HUMAN_OBSERVATION,iNaturalist,Observations,14688659,John Soltys,COORDINATE_ROUNDED;CONTINENT_DERIVED_FROM_COORDINATES;TAXON_ID_NOT_FOUND
1883945401,50c9509d-22c7-4a22-a47d-8c48425ef4a7,https://www.inaturalist.org/observations/14645178,,Washington,46.914579,-121.673249,4.0,,,2018-07-22T09:57:37,2018,HUMAN_OBSERVATION,iNaturalist,Observations,14645178,Zach Hawn,COORDINATE_ROUNDED;CONTINENT_DERIVED_FROM_COORDINATES;TAXON_ID_NOT_FOUND
1883528297,50c9509d-22c7-4a22-a47d-8c48425ef4a7,https://www.inaturalist.org/observations/14370498,,Washington,46.769661,-121.736968,8.0,,,2018-06-24T15:02,2018,HUMAN_OBSERVATION,iNaturalist,Observations,14370498,Zach Hawn,COORDINATE_ROUNDED;CONTINENT_DERIVED_FROM_COORDINATES;TAXON_ID_NOT_FOUND
1880631456,50c9509d-22c7-4a22-a47d-8c48425ef4a7,https://www.inaturalist.org/observations/14025862,,Washington,47.423737,-121.514325,5.0,,,2018-07-03T12:17:31,2018,HUMAN_OBSERVATION,iNaturalist,Observations,14025862,larsonek,COORDINATE_ROUNDED;CONTINENT_DERIVED_FROM_COORDINATES;TAXON_ID_NOT_FOUND
1880577684,50c9509d-22c7-4a22-a47d-8c48425ef4a7,https://www.inaturalist.org/observations/13811264,,Washington,46.78811,-121.7836,8.0,,,2018-06-25T10:00,2018,HUMAN_OBSERVATION,iNaturalist,Observations,13811264,Zach Hawn,CONTINENT_DERIVED_FROM_COORDINATES;TAXON_ID_NOT_FOUND
1880577678,50c9509d-22c7-4a22-a47d-8c48425ef4a7,https://www.inaturalist.org/observations/13811265,,Washington,46.78856,-121.78374,8.0,,,2018-06-25T10:24,2018,HUMAN_OBSERVATION,iNaturalist,Observations,13811265,Zach Hawn,CONTINENT_DERIVED_FROM_COORDINATES;TAXON_ID_NOT_FOUND
1880512335,50c9509d-22c7-4a22-a47d-8c48425ef4a7,https://www.inaturalist.org/observations/13562481,,Washington,47.9238,-117.112154,10.0,,,2018-06-14T08:58,2018,HUMAN_OBSERVATION,iNaturalist,Observations,13562481,Curtis Mahon,COORDINATE_ROUNDED;CONTINENT_DERIVED_FROM_COORDINATES;TAXON_ID_NOT_FOUND
1880481538,50c9509d-22c7-4a22-a47d-8c48425ef4a7,https://www.inaturalist.org/observations/13455709,,Washington,47.457783,-121.444349,488.0,,,2009-07-14T13:29,2009,HUMAN_OBSERVATION,iNaturalist,Observations,13455709,James J. Bond,COORDINATE_ROUNDED;CONTINENT_DERIVED_FROM_COORDINATES;TAXON_ID_NOT_FOUND
1852484177,35720b3e-aded-4b83-b4f1-967f1d457d6a,68dd4f22-537e-11e6-9649-a4a3446a4726,"Gifford-Pinchot National Forest, 19 km W Trout Lake",Washington,46.053398,-121.756798,,,,2004-08-15,2004,PRESERVED_SPECIMEN,CUMV,Mamm,20311,Kurt E. Galbreath,COORDINATE_ROUNDED
1852483809,35720b3e-aded-4b83-b4f1-967f1d457d6a,68da8b7c-537e-11e6-9649-a4a3446a4726,"Gifford-Pinchot National Forest, 0.5 km E Sunrise Peak",Washington,46.330299,-121.748001,,,,2004-08-13,2004,PRESERVED_SPECIMEN,CUMV,Mamm,20300,Kurt E. Galbreath,COORDINATE_ROUNDED
1852483772,35720b3e-aded-4b83-b4f1-967f1d457d6a,68d6a222-537e-11e6-9649-a4a3446a4726,"Okanogan National Forest, 2 km SE of Washington Pass",Washington,48.510502,-120.639801,,,,2004-08-10,2004,PRESERVED_SPECIMEN,CUMV,Mamm,20286,Kurt E. Galbreath,COORDINATE_ROUNDED
1852483686,35720b3e-aded-4b83-b4f1-967f1d457d6a,68d99f16-537e-11e6-9649-a4a3446a4726,"Okanogan National Forest, 2 km SE of Washington Pass",Washington,48.510502,-120.639801,,,,2004-08-10,2004,PRESERVED_SPECIMEN,CUMV,Mamm,20287,Kurt E. Galbreath,COORDINATE_ROUNDED
1852483685,35720b3e-aded-4b83-b4f1-967f1d457d6a,68d791c2-537e-11e6-9649-a4a3446a4726,"Gifford-Pinchot National Forest, 0.5 km E Sunrise Peak",Washington,46.330299,-121.748001,,,,2004-08-13,2004,PRESERVED_SPECIMEN,CUMV,Mamm,20304,Kurt E. Galbreath,COORDINATE_ROUNDED
1852483637,35720b3e-aded-4b83-b4f1-967f1d457d6a,68d7708a-537e-11e6-9649-a4a3446a4726,"Okanogan National Forest, 2 km SE of Washington Pass",Washington,48.510502,-120.639801,,,,2004-08-10,2004,PRESERVED_SPECIMEN,CUMV,Mamm,20285,Kurt E. Galbreath,COORDINATE_ROUNDED
1852483628,35720b3e-aded-4b83-b4f1-967f1d457d6a,68d78ea7-537e-11e6-9649-a4a3446a4726,"Okanogan National Forest, 2 km SE of Washington Pass",Washington,48.510502,-120.639801,,,,2004-08-10,2004,PRESERVED_SPECIMEN,CUMV,Mamm,20283,Kurt E. Galbreath,COORDINATE_ROUNDED
1852483558,35720b3e-aded-4b83-b4f1-967f1d457d6a,68d4332a-537e-11e6-9649-a4a3446a4726,"Okanogan National Forest, 2 km SE of Washington Pass",Washington,48.510502,-120.639801,,,,2004-08-10,2004,PRESERVED_SPECIMEN,CUMV,Mamm,20289,Kurt E. Galbreath,COORDINATE_ROUNDED
1852483546,35720b3e-aded-4b83-b4f1-967f1d457d6a,68d26ede-537e-11e6-9649-a4a3446a4726,"Okanogan National Forest, 2 km SE of Washington Pass",Washington,48.510502,-120.639801,,,,2004-08-10,2004,PRESERVED_SPECIMEN,CUMV,Mamm,20284,Kurt E. Galbreath,COORDINATE_ROUNDED
1852483422,35720b3e-aded-4b83-b4f1-967f1d457d6a,68d799d7-537e-11e6-9649-a4a3446a4726,"Gifford-Pinchot National Forest, 19 km W Trout Lake",Washington,46.053398,-121.756798,,,,2004-08-15,2004,PRESERVED_SPECIMEN,CUMV,Mamm,20309,Kurt E. Galbreath,COORDINATE_ROUNDED
1852483407,35720b3e-aded-4b83-b4f1-967f1d457d6a,68d4194c-537e-11e6-9649-a4a3446a4726,"Gifford-Pinchot National Forest, 0.5 km E Sunrise Peak",Washington,46.330299,-121.748001,,,,2004-08-13,2004,PRESERVED_SPECIMEN,CUMV,Mamm,20303,Kurt E. Galbreath,COORDINATE_ROUNDED
1852483374,35720b3e-aded-4b83-b4f1-967f1d457d6a,68d5c899-537e-11e6-9649-a4a3446a4726,"Gifford-Pinchot National Forest, 0.5 km E Sunrise Peak",Washington,46.330299,-121.748001,,,,2004-08-13,2004,PRESERVED_SPECIMEN,CUMV,Mamm,20301,Kurt E. Galbreath,COORDINATE_ROUNDED
1852483331,35720b3e-aded-4b83-b4f1-967f1d457d6a,68d1cc44-537e-11e6-9649-a4a3446a4726,"Gifford-Pinchot National Forest, 0.5 km E Sunrise Peak",Washington,46.330299,-121.748001,,,,2004-08-13,2004,PRESERVED_SPECIMEN,CUMV,Mamm,20302,Kurt E. Galbreath,COORDINATE_ROUNDED
1852483250,35720b3e-aded-4b83-b4f1-967f1d457d6a,68d5631f-537e-11e6-9649-a4a3446a4726,"Gifford-Pinchot National Forest, 19 km W Trout Lake",Washington,46.053398,-121.756798,,,,2004-08-15,2004,PRESERVED_SPECIMEN,CUMV,Mamm,20310,Kurt E. Galbreath,COORDINATE_ROUNDED
1852483167,35720b3e-aded-4b83-b4f1-967f1d457d6a,68d57d8d-537e-11e6-9649-a4a3446a4726,"Okanogan National Forest, 2 km SE of Washington Pass",Washington,48.510502,-120.639801,,,,2004-08-11,2004,PRESERVED_SPECIMEN,CUMV,Mamm,20064,Kurt E. Galbreath,COORDINATE_ROUNDED
1852483117,35720b3e-aded-4b83-b4f1-967f1d457d6a,68d32697-537e-11e6-9649-a4a3446a4726,"Okanogan National Forest, 2 km SE of Washington Pass",Washington,48.510502,-120.639801,,,,2004-08-11,2004,PRESERVED_SPECIMEN,CUMV,Mamm,20298,Kurt E. Galbreath,COORDINATE_ROUNDED
1852483093,35720b3e-aded-4b83-b4f1-967f1d457d6a,68d2718c-537e-11e6-9649-a4a3446a4726,"Okanogan National Forest, 2 km SE of Washington Pass",Washington,48.510502,-120.639801,,,,2004-08-11,2004,PRESERVED_SPECIMEN,CUMV,Mamm,20292,Kurt E. Galbreath,COORDINATE_ROUNDED
1852483021,35720b3e-aded-4b83-b4f1-967f1d457d6a,68d1074d-537e-11e6-9649-a4a3446a4726,"Gifford-Pinchot National Forest, 0.5 km E Sunrise Peak",Washington,46.330299,-121.748001,,,,2004-08-13,2004,PRESERVED_SPECIMEN,CUMV,Mamm,20305,Kurt E. Galbreath,COORDINATE_ROUNDED
1852483020,35720b3e-aded-4b83-b4f1-967f1d457d6a,68d19eff-537e-11e6-9649-a4a3446a4726,"Okanogan National Forest, 2 km SE of Washington Pass",Washington,48.510502,-120.639801,,,,2004-08-11,2004,PRESERVED_SPECIMEN,CUMV,Mamm,20297,Kurt E. Galbreath,COORDINATE_ROUNDED
1852482980,35720b3e-aded-4b83-b4f1-967f1d457d6a,68d43c91-537e-11e6-9649-a4a3446a4726,"Okanogan National Forest, 2 km SE of Washington Pass",Washington,48.510502,-120.639801,,,,2004-08-10,2004,PRESERVED_SPECIMEN,CUMV,Mamm,20063,Kurt E. Galbreath,COORDINATE_ROUNDED
1852482935,35720b3e-aded-4b83-b4f1-967f1d457d6a,68d3b98c-537e-11e6-9649-a4a3446a4726,"Gifford-Pinchot National Forest, 19 km W Trout Lake",Washington,46.053398,-121.756798,,,,2004-08-15,2004,PRESERVED_SPECIMEN,CUMV,Mamm,20307,Kurt E. Galbreath,COORDINATE_ROUNDED
1852482868,35720b3e-aded-4b83-b4f1-967f1d457d6a,68d154ca-537e-11e6-9649-a4a3446a4726,"Okanogan National Forest, 2 km SE of Washington Pass",Washington,48.510502,-120.639801,,,,2004-08-11,2004,PRESERVED_SPECIMEN,CUMV,Mamm,20296,Kurt E. Galbreath,COORDINATE_ROUNDED
1852482855,35720b3e-aded-4b83-b4f1-967f1d457d6a,68d11f2a-537e-11e6-9649-a4a3446a4726,"Gifford-Pinchot National Forest, 19 km W Trout Lake",Washington,46.053398,-121.756798,,,,2004-08-15,2004,PRESERVED_SPECIMEN,CUMV,Mamm,20308,Kurt E. Galbreath,COORDINATE_ROUNDED
1852482763,35720b3e-aded-4b83-b4f1-967f1d457d6a,68d0e6dc-537e-11e6-9649-a4a3446a4726,"Gifford-Pinchot National Forest, 19 km W Trout Lake",Washington,46.053398,-121.756798,,,,2004-08-15,2004,PRESERVED_SPECIMEN,CUMV,Mamm,20306,Kurt E. Galbreath,COORDINATE_ROUNDED
1852482425,35720b3e-aded-4b83-b4f1-967f1d457d6a,68cb7023-537e-11e6-9649-a4a3446a4726,"Okanogan National Forest, 2 km SE of Washington Pass",Washington,48.510502,-120.639801,,,,2004-08-11,2004,PRESERVED_SPECIMEN,CUMV,Mamm,20295,Kurt E. Galbreath,COORDINATE_ROUNDED
1852482235,35720b3e-aded-4b83-b4f1-967f1d457d6a,68cadc22-537e-11e6-9649-a4a3446a4726,"Okanogan National Forest, 2 km SE of Washington Pass",Washington,48.510502,-120.639801,,,,2004-08-10,2004,PRESERVED_SPECIMEN,CUMV,Mamm,20290,Kurt E. Galbreath,COORDINATE_ROUNDED
1852482166,35720b3e-aded-4b83-b4f1-967f1d457d6a,68cb3a8c-537e-11e6-9649-a4a3446a4726,"Gifford-Pinchot National Forest, 0.5 km E Sunrise Peak",Washington,46.330299,-121.748001,,,,2004-08-13,2004,PRESERVED_SPECIMEN,CUMV,Mamm,20299,Kurt E. Galbreath,COORDINATE_ROUNDED
1852482136,35720b3e-aded-4b83-b4f1-967f1d457d6a,68cb45ae-537e-11e6-9649-a4a3446a4726,"Okanogan National Forest, 2 km SE of Washington Pass",Washington,48.510502,-120.639801,,,,2004-08-10,2004,PRESERVED_SPECIMEN,CUMV,Mamm,20288,Kurt E. Galbreath,COORDINATE_ROUNDED
1852481996,35720b3e-aded-4b83-b4f1-967f1d457d6a,68cb57cd-537e-11e6-9649-a4a3446a4726,"Okanogan National Forest, 2 km SE of Washington Pass",Washington,48.510502,-120.639801,,,,2004-08-11,2004,PRESERVED_SPECIMEN,CUMV,Mamm,20291,Kurt E. Galbreath,COORDINATE_ROUNDED
1852481987,35720b3e-aded-4b83-b4f1-967f1d457d6a,68cb2aff-537e-11e6-9649-a4a3446a4726,"Okanogan National Forest, 2 km SE of Washington Pass",Washington,48.510502,-120.639801,,,,2004-08-11,2004,PRESERVED_SPECIMEN,CUMV,Mamm,20294,Kurt E. Galbreath,COORDINATE_ROUNDED
1852481920,35720b3e-aded-4b83-b4f1-967f1d457d6a,68caf9d6-537e-11e6-9649-a4a3446a4726,"Okanogan National Forest, 2 km SE of Washington Pass",Washington,48.510502,-120.639801,,,,2004-08-11,2004,PRESERVED_SPECIMEN,CUMV,Mamm,20293,Kurt E. Galbreath,COORDINATE_ROUNDED
1850916837,50c9509d-22c7-4a22-a47d-8c48425ef4a7,https://www.inaturalist.org/observations/13155113,,Washington,46.640555,-121.391568,25.0,,,2016-07-22T10:54,2016,HUMAN_OBSERVATION,iNaturalist,Observations,13155113,Laura Keene,COORDINATE_ROUNDED;CONTINENT_DERIVED_FROM_COORDINATES;TAXON_ID_NOT_FOUND
1805411450,50c9509d-22c7-4a22-a47d-8c48425ef4a7,https://www.inaturalist.org/observations/9507609,,Washington,48.967392,-121.156696,7813.0,,,1986-08-15T14:47,1986,HUMAN_OBSERVATION,iNaturalist,Observations,9507609,André Nagelhout,COORDINATE_ROUNDED;CONTINENT_DERIVED_FROM_COORDINATES;TAXON_ID_NOT_FOUND
1802770147,50c9509d-22c7-4a22-a47d-8c48425ef4a7,https://www.inaturalist.org/observations/9358245,,Washington,46.18427,-122.188684,1501.0,,,2010-08-27T12:16,2010,HUMAN_OBSERVATION,iNaturalist,Observations,9358245,bobonahill,COORDINATE_ROUNDED;CONTINENT_DERIVED_FROM_COORDINATES;TAXON_ID_NOT_FOUND
1802632071,50c9509d-22c7-4a22-a47d-8c48425ef4a7,https://www.inaturalist.org/observations/7742669,,Washington,46.919495,-121.585442,,,,2017-09-01T12:57:43,2017,HUMAN_OBSERVATION,iNaturalist,Observations,7742669,David Bellamy,COORDINATE_ROUNDED;CONTINENT_DERIVED_FROM_COORDINATES;TAXON_ID_NOT_FOUND
1702721333,830eb5d0-f762-11e1-a439-00145eb45e9a,https://arctos.database.museum/guid/UWBM:Mamm:9868,Tye,Washington,47.7494,-121.1194,1300.0,,,1939-10-15,1939,PRESERVED_SPECIMEN,UWBM,Mammalogy,UWBM:Mamm:9868,,CONTINENT_DERIVED_FROM_COORDINATES;INSTITUTION_MATCH_FUZZY;INSTITUTION_COLLECTION_MISMATCH
1702721327,830eb5d0-f762-11e1-a439-00145eb45e9a,https://arctos.database.museum/guid/UWBM:Mamm:9871,Tye,Washington,47.7494,-121.1194,1300.0,,,1939-10-15,1939,PRESERVED_SPECIMEN,UWBM,Mammalogy,UWBM:Mamm:9871,,CONTINENT_DERIVED_FROM_COORDINATES;INSTITUTION_MATCH_FUZZY;INSTITUTION_COLLECTION_MISMATCH
1702721300,830eb5d0-f762-11e1-a439-00145eb45e9a,https://arctos.database.museum/guid/UWBM:Mamm:9870,Tye,Washington,47.7494,-121.1194,1300.0,,,1939-10-15,1939,PRESERVED_SPECIMEN,UWBM,Mammalogy,UWBM:Mamm:9870,,CONTINENT_DERIVED_FROM_COORDINATES;INSTITUTION_MATCH_FUZZY;INSTITUTION_COLLECTION_MISMATCH
1702721292,830eb5d0-f762-11e1-a439-00145eb45e9a,https://arctos.database.museum/guid/UWBM:Mamm:9869,Tye,Washington,47.7494,-121.1194,1300.0,,,1939-10-15,1939,PRESERVED_SPECIMEN,UWBM,Mammalogy,UWBM:Mamm:9869,,CONTINENT_DERIVED_FROM_COORDINATES;INSTITUTION_MATCH_FUZZY;INSTITUTION_COLLECTION_MISMATCH
1702719099,830eb5d0-f762-11e1-a439-00145eb45e9a,https://arctos.database.museum/guid/UWBM:Mamm:81026,"Mt. Rainier National Park; Mt. Rainier NP, Mount Rainier National Park",Washington,46.7863,-121.7338,,1651.0,0.0,2007-07-24,2007,PRESERVED_SPECIMEN,UWBM,Mammalogy,UWBM:Mamm:81026,Preparator(s): Jeffrey E. Bradley,CONTINENT_DERIVED_FROM_COORDINATES;INSTITUTION_MATCH_FUZZY;INSTITUTION_COLLECTION_MISMATCH
1702698057,830eb5d0-f762-11e1-a439-00145eb45e9a,https://arctos.database.museum/guid/UWBM:Mamm:60055,Republic; Sherman Creek Pass; 15 mi E,Washington,48.6075,-118.4783,2266.0,1829.0,0.0,1944-08-15,1944,PRESERVED_SPECIMEN,UWBM,Mammalogy,UWBM:Mamm:60055,Collector(s): Ernest S. Booth; Preparator(s): Ernest S. Booth,CONTINENT_DERIVED_FROM_COORDINATES;INSTITUTION_MATCH_FUZZY;INSTITUTION_COLLECTION_MISMATCH
1702698047,830eb5d0-f762-11e1-a439-00145eb45e9a,https://arctos.database.museum/guid/UWBM:Mamm:60063,"Mt. Rainier National Park; Ohanapecosh Road to Cayuse Pass, Mount Rainier National Park",Washington,46.83227,-121.52583,5807.0,1280.0,0.0,1980-05-30,1980,PRESERVED_SPECIMEN,UWBM,Mammalogy,UWBM:Mamm:60063,Preparator(s): Murray L. Johnson,CONTINENT_DERIVED_FROM_COORDINATES;INSTITUTION_MATCH_FUZZY;INSTITUTION_COLLECTION_MISMATCH
1702698042,830eb5d0-f762-11e1-a439-00145eb45e9a,https://arctos.database.museum/guid/UWBM:Mamm:60056,"Sullivan Lake, 2 mi SW",Washington,48.819534,-117.319305,7442.0,,,1944-08-13,1944,PRESERVED_SPECIMEN,UWBM,Mammalogy,UWBM:Mamm:60056,Collector(s): Ernest S. Booth; Preparator(s): Ernest S. Booth,COORDINATE_ROUNDED;CONTINENT_DERIVED_FROM_COORDINATES;INSTITUTION_MATCH_FUZZY;INSTITUTION_COLLECTION_MISMATCH
1702698041,830eb5d0-f762-11e1-a439-00145eb45e9a,https://arctos.database.museum/guid/UWBM:Mamm:60058,"Bird Creek Meadows, Mount Adams",Washington,46.1511,-121.4464,1300.0,,,1941-09-10,1941,PRESERVED_SPECIMEN,UWBM,Mammalogy,UWBM:Mamm:60058,Collector(s): Ernest S. Booth; Preparator(s): Ernest S. Booth,CONTINENT_DERIVED_FROM_COORDINATES;INSTITUTION_MATCH_FUZZY;INSTITUTION_COLLECTION_MISMATCH
1702698038,830eb5d0-f762-11e1-a439-00145eb45e9a,https://arctos.database.museum/guid/UWBM:Mamm:60065,"Mt. Rainier National Park; Carbon River; ~0.5 mi above Ipsut, Mount Rainier National Park",Washington,46.98535,-121.83883,174.0,,,1984-05-16,1984,PRESERVED_SPECIMEN,UWBM,Mammalogy,UWBM:Mamm:60065,Collector(s): Murray L. Johnson; Preparator(s): Murray L. Johnson,CONTINENT_DERIVED_FROM_COORDINATES;INSTITUTION_MATCH_FUZZY;INSTITUTION_COLLECTION_MISMATCH
1702698032,830eb5d0-f762-11e1-a439-00145eb45e9a,https://arctos.database.museum/guid/UWBM:Mamm:60069,"Hyak; Meadow Mtn.; 2.5 mi S, 3 mi W",Washington,47.356912,-121.45565,1151.0,1585.0,0.0,1986-08-13,1986,PRESERVED_SPECIMEN,UWBM,Mammalogy,UWBM:Mamm:60069,Preparator(s): Murray L. Johnson,COORDINATE_ROUNDED;CONTINENT_DERIVED_FROM_COORDINATES;INSTITUTION_MATCH_FUZZY;INSTITUTION_COLLECTION_MISMATCH
1702697994,830eb5d0-f762-11e1-a439-00145eb45e9a,https://arctos.database.museum/guid/UWBM:Mamm:60067,"White Pass; 3.5 mi N, 7.75 mi W; T14N R10E Sec 22",Washington,46.6861,-121.5359,1300.0,732.0,0.0,1986-06-04,1986,PRESERVED_SPECIMEN,UWBM,Mammalogy,UWBM:Mamm:60067,Preparator(s): Murray L. Johnson,CONTINENT_DERIVED_FROM_COORDINATES;INSTITUTION_MATCH_FUZZY;INSTITUTION_COLLECTION_MISMATCH
1702697991,830eb5d0-f762-11e1-a439-00145eb45e9a,https://arctos.database.museum/guid/UWBM:Mamm:60064,Bethel Ridge,Washington,46.7583,-120.9753,2910.0,1067.0,0.0,1983-06-01/1983-06-30,1983,PRESERVED_SPECIMEN,UWBM,Mammalogy,UWBM:Mamm:60064,Preparator(s): Murray L. Johnson,CONTINENT_DERIVED_FROM_COORDINATES;INSTITUTION_MATCH_FUZZY;INSTITUTION_COLLECTION_MISMATCH
1702697987,830eb5d0-f762-11e1-a439-00145eb45e9a,https://arctos.database.museum/guid/UWBM:Mamm:60059,Chinook Pass,Washington,46.8722,-121.5144,335.0,1655.0,0.0,1943-09-12,1943,PRESERVED_SPECIMEN,UWBM,Mammalogy,UWBM:Mamm:60059,Collector(s): Ernest S. Booth; Preparator(s): Ernest S. Booth,CONTINENT_DERIVED_FROM_COORDINATES;INSTITUTION_MATCH_FUZZY;INSTITUTION_COLLECTION_MISMATCH
1702697985,830eb5d0-f762-11e1-a439-00145eb45e9a,https://arctos.database.museum/guid/UWBM:Mamm:60057,"Sullivan Lake, 2 mi SW",Washington,48.819534,-117.319305,7442.0,,,1944-08-13,1944,PRESERVED_SPECIMEN,UWBM,Mammalogy,UWBM:Mamm:60057,Collector(s): Ernest S. Booth; Preparator(s): Ernest S. Booth,COORDINATE_ROUNDED;CONTINENT_DERIVED_FROM_COORDINATES;INSTITUTION_MATCH_FUZZY;INSTITUTION_COLLECTION_MISMATCH
1702697976,830eb5d0-f762-11e1-a439-00145eb45e9a,https://arctos.database.museum/guid/UWBM:Mamm:60068,"Hyak; Meadow Mtn.; 2.5 mi S, 3 mi W",Washington,47.356912,-121.45565,1151.0,1585.0,0.0,1986-08-13,1986,PRESERVED_SPECIMEN,UWBM,Mammalogy,UWBM:Mamm:60068,Preparator(s): Murray L. Johnson,COORDINATE_ROUNDED;CONTINENT_DERIVED_FROM_COORDINATES;INSTITUTION_MATCH_FUZZY;INSTITUTION_COLLECTION_MISMATCH
1702695942,830eb5d0-f762-11e1-a439-00145eb45e9a,https://arctos.database.museum/guid/UWBM:Mamm:58002,"Mt. Rainier National Park; Carbon River Valley, E of Ranger Creek; T17N R8E Sec 6 W1/2, Mount Rainier National Park",Washington,46.9879,-121.849089,1149.0,,,1985-07-18,1985,PRESERVED_SPECIMEN,UWBM,Mammalogy,UWBM:Mamm:58002,Collector(s): University of Washington School of Environmental and Forest Sciences,COORDINATE_ROUNDED;CONTINENT_DERIVED_FROM_COORDINATES;INSTITUTION_MATCH_FUZZY;INSTITUTION_COLLECTION_MISMATCH
1702690497,830eb5d0-f762-11e1-a439-00145eb45e9a,https://arctos.database.museum/guid/UWBM:Mamm:52553,"Glacier; Mt. Baker Lodge, 3 mi NNW; 12 mi E",Washington,48.90371,-121.706281,2100.0,,,1961-08-03,1961,PRESERVED_SPECIMEN,UWBM,Mammalogy,UWBM:Mamm:52553,Collector(s): Harold E. Broadbooks; Preparator(s): Harold E. Broadbooks,COORDINATE_ROUNDED;CONTINENT_DERIVED_FROM_COORDINATES;INSTITUTION_MATCH_FUZZY;INSTITUTION_COLLECTION_MISMATCH
1702690405,830eb5d0-f762-11e1-a439-00145eb45e9a,https://arctos.database.museum/guid/UWBM:Mamm:52451,"Rimrock; Carpenter Spring, Bethel Ridge; 3 mi N",Washington,46.7583,-120.9753,4519.0,,,1965-08-25,1965,PRESERVED_SPECIMEN,UWBM,Mammalogy,UWBM:Mamm:52451,Collector(s): Harold E. Broadbooks; Preparator(s): Harold E. Broadbooks,CONTINENT_DERIVED_FROM_COORDINATES;INSTITUTION_MATCH_FUZZY;INSTITUTION_COLLECTION_MISMATCH
1702690401,830eb5d0-f762-11e1-a439-00145eb45e9a,https://arctos.database.museum/guid/UWBM:Mamm:52452,"Rimrock; Carpenter Spring, Bethel Ridge; 3 mi N",Washington,46.7583,-120.9753,4519.0,,,1965-08-31,1965,PRESERVED_SPECIMEN,UWBM,Mammalogy,UWBM:Mamm:52452,Collector(s): Harold E. Broadbooks; Preparator(s): Harold E. Broadbooks,CONTINENT_DERIVED_FROM_COORDINATES;INSTITUTION_MATCH_FUZZY;INSTITUTION_COLLECTION_MISMATCH
1702690384,830eb5d0-f762-11e1-a439-00145eb45e9a,https://arctos.database.museum/guid/UWBM:Mamm:52454,"Rimrock; Carpenter Spring, Bethel Ridge",Washington,46.7583,-120.9753,2910.0,,,1965-09-28,1965,PRESERVED_SPECIMEN,UWBM,Mammalogy,UWBM:Mamm:52454,Collector(s): Harold E. Broadbooks; Preparator(s): Harold E. Broadbooks,CONTINENT_DERIVED_FROM_COORDINATES;INSTITUTION_MATCH_FUZZY;INSTITUTION_COLLECTION_MISMATCH
1702690357,830eb5d0-f762-11e1-a439-00145eb45e9a,https://arctos.database.museum/guid/UWBM:Mamm:52375,"Rimrock; Carpenter Springs, Bethel Ridge; 3 mi N",Washington,46.7583,-120.9753,4519.0,1768.0,0.0,1961-07-24,1961,PRESERVED_SPECIMEN,UWBM,Mammalogy,UWBM:Mamm:52375,Collector(s): Harold E. Broadbooks; Preparator(s): Harold E. Broadbooks,CONTINENT_DERIVED_FROM_COORDINATES;INSTITUTION_MATCH_FUZZY;INSTITUTION_COLLECTION_MISMATCH
1702690356,830eb5d0-f762-11e1-a439-00145eb45e9a,https://arctos.database.museum/guid/UWBM:Mamm:52450,"Rimrock; Carpenter Spring, Bethel Ridge; 3 mi N",Washington,46.7583,-120.9753,4519.0,,,1965-08-25,1965,PRESERVED_SPECIMEN,UWBM,Mammalogy,UWBM:Mamm:52450,Collector(s): Harold E. Broadbooks; Preparator(s): Harold E. Broadbooks,CONTINENT_DERIVED_FROM_COORDINATES;INSTITUTION_MATCH_FUZZY;INSTITUTION_COLLECTION_MISMATCH
1702690327,830eb5d0-f762-11e1-a439-00145eb45e9a,https://arctos.database.museum/guid/UWBM:Mamm:52354,Rimrock; 0.25 mi W of Carpenter Springs and cabin; 3 mi N,Washington,46.707831,-121.1239,3919.0,1798.0,0.0,1959-08-16,1959,PRESERVED_SPECIMEN,UWBM,Mammalogy,UWBM:Mamm:52354,Collector(s): Harold E. Broadbooks; Preparator(s): Harold E. Broadbooks,COORDINATE_ROUNDED;CONTINENT_DERIVED_FROM_COORDINATES;INSTITUTION_MATCH_FUZZY;INSTITUTION_COLLECTION_MISMATCH
1702690324,830eb5d0-f762-11e1-a439-00145eb45e9a,https://arctos.database.museum/guid/UWBM:Mamm:52372,"Rimrock; Bethel Ridge, Carpenter Springs; 3 mi N",Washington,46.7583,-120.9753,4519.0,1768.0,0.0,1961-07-20,1961,PRESERVED_SPECIMEN,UWBM,Mammalogy,UWBM:Mamm:52372,Collector(s): Harold E. Broadbooks; Preparator(s): Harold E. Broadbooks,CONTINENT_DERIVED_FROM_COORDINATES;INSTITUTION_MATCH_FUZZY;INSTITUTION_COLLECTION_MISMATCH
1702690316,830eb5d0-f762-11e1-a439-00145eb45e9a,https://arctos.database.museum/guid/UWBM:Mamm:52376,Mt. Baker Lodge,Washington,48.8636,-121.6811,174.0,1329.0,0.0,1961-08-02,1961,PRESERVED_SPECIMEN,UWBM,Mammalogy,UWBM:Mamm:52376,Collector(s): Harold E. Broadbooks; Preparator(s): Harold E. Broadbooks,CONTINENT_DERIVED_FROM_COORDINATES;INSTITUTION_MATCH_FUZZY;INSTITUTION_COLLECTION_MISMATCH
1702690313,830eb5d0-f762-11e1-a439-00145eb45e9a,https://arctos.database.museum/guid/UWBM:Mamm:52370,"Rimrock; Bethel Ridge, Carpenter Springs; 3 mi N",Washington,46.7583,-120.9753,4519.0,1768.0,0.0,1961-07-15,1961,PRESERVED_SPECIMEN,UWBM,Mammalogy,UWBM:Mamm:52370,Collector(s): Harold E. Broadbooks; Preparator(s): Harold E. Broadbooks,CONTINENT_DERIVED_FROM_COORDINATES;INSTITUTION_MATCH_FUZZY;INSTITUTION_COLLECTION_MISMATCH
1702690293,830eb5d0-f762-11e1-a439-00145eb45e9a,https://arctos.database.museum/guid/UWBM:Mamm:52374,"Rimrock; Carpenter Springs, Bethel Ridge; 3 mi N",Washington,46.7583,-120.9753,4519.0,1768.0,0.0,1961-07-24,1961,PRESERVED_SPECIMEN,UWBM,Mammalogy,UWBM:Mamm:52374,Collector(s): Harold E. Broadbooks; Preparator(s): Harold E. Broadbooks,CONTINENT_DERIVED_FROM_COORDINATES;INSTITUTION_MATCH_FUZZY;INSTITUTION_COLLECTION_MISMATCH
1702690281,830eb5d0-f762-11e1-a439-00145eb45e9a,https://arctos.database.museum/guid/UWBM:Mamm:52371,"Rimrock; Bethel Ridge, Carpenter Springs; 3 mi N",Washington,46.7583,-120.9753,4519.0,1768.0,0.0,1961-07-20,1961,PRESERVED_SPECIMEN,UWBM,Mammalogy,UWBM:Mamm:52371,Collector(s): Harold E. Broadbooks; Preparator(s): Harold E. Broadbooks,CONTINENT_DERIVED_FROM_COORDINATES;INSTITUTION_MATCH_FUZZY;INSTITUTION_COLLECTION_MISMATCH
1702690271,830eb5d0-f762-11e1-a439-00145eb45e9a,https://arctos.database.museum/guid/UWBM:Mamm:52373,"Rimrock; 7 mi WNW Carpenter Springs, Bethel Ridge; 3 mi N",Washington,46.707831,-121.1239,4907.0,1798.0,0.0,1961-07-20,1961,PRESERVED_SPECIMEN,UWBM,Mammalogy,UWBM:Mamm:52373,Collector(s): Harold E. Broadbooks; Preparator(s): Harold E. Broadbooks,COORDINATE_ROUNDED;CONTINENT_DERIVED_FROM_COORDINATES;INSTITUTION_MATCH_FUZZY;INSTITUTION_COLLECTION_MISMATCH
1702690265,830eb5d0-f762-11e1-a439-00145eb45e9a,https://arctos.database.museum/guid/UWBM:Mamm:52355,Rimrock; 0.25 mi W of Carpenter Springs and cabin; 3 mi N,Washington,46.707831,-121.1239,3919.0,1798.0,0.0,1959-08-16,1959,PRESERVED_SPECIMEN,UWBM,Mammalogy,UWBM:Mamm:52355,Collector(s): Harold E. Broadbooks; Preparator(s): Harold E. Broadbooks,COORDINATE_ROUNDED;CONTINENT_DERIVED_FROM_COORDINATES;INSTITUTION_MATCH_FUZZY;INSTITUTION_COLLECTION_MISMATCH
1702689396,830eb5d0-f762-11e1-a439-00145eb45e9a,https://arctos.database.museum/guid/UWBM:Mamm:51335,Chinook Pass,Washington,46.8722,-121.5144,335.0,,,1939-07-30,1939,PRESERVED_SPECIMEN,UWBM,Mammalogy,UWBM:Mamm:51335,Collector(s): Ernest S. Booth; Preparator(s): Ernest S. Booth,CONTINENT_DERIVED_FROM_COORDINATES;INSTITUTION_MATCH_FUZZY;INSTITUTION_COLLECTION_MISMATCH
1702689307,830eb5d0-f762-11e1-a439-00145eb45e9a,https://arctos.database.museum/guid/UWBM:Mamm:51332,Baker Lake,Washington,48.6483,-121.69,7738.0,,,1950-08-15,1950,PRESERVED_SPECIMEN,UWBM,Mammalogy,UWBM:Mamm:51332,Collector(s): C. T. Ames; Preparator(s): C. T. Ames,CONTINENT_DERIVED_FROM_COORDINATES;INSTITUTION_MATCH_FUZZY;INSTITUTION_COLLECTION_MISMATCH
1702689299,830eb5d0-f762-11e1-a439-00145eb45e9a,https://arctos.database.museum/guid/UWBM:Mamm:51326,Baker Lake,Washington,48.6483,-121.69,7738.0,,,1950-08-18,1950,PRESERVED_SPECIMEN,UWBM,Mammalogy,UWBM:Mamm:51326,,CONTINENT_DERIVED_FROM_COORDINATES;INSTITUTION_MATCH_FUZZY;INSTITUTION_COLLECTION_MISMATCH
1702689294,830eb5d0-f762-11e1-a439-00145eb45e9a,https://arctos.database.museum/guid/UWBM:Mamm:51329,Mt. Baker Lodge; 1 mi E,Washington,48.8636,-121.659166,2527.0,,,1947-08-03,1947,PRESERVED_SPECIMEN,UWBM,Mammalogy,UWBM:Mamm:51329,Collector(s): T. R. Tryon; Preparator(s): T. R. Tryon,COORDINATE_ROUNDED;CONTINENT_DERIVED_FROM_COORDINATES;INSTITUTION_MATCH_FUZZY;INSTITUTION_COLLECTION_MISMATCH
1702689267,830eb5d0-f762-11e1-a439-00145eb45e9a,https://arctos.database.museum/guid/UWBM:Mamm:51325,"Mt. Baker, 2 mi NW",Washington,48.797966,-121.842866,2375.0,,,1947-08-03,1947,PRESERVED_SPECIMEN,UWBM,Mammalogy,UWBM:Mamm:51325,Collector(s): J. Waskey; Preparator(s): J. Waskey,COORDINATE_ROUNDED;CONTINENT_DERIVED_FROM_COORDINATES;INSTITUTION_MATCH_FUZZY;INSTITUTION_COLLECTION_MISMATCH
1702689261,830eb5d0-f762-11e1-a439-00145eb45e9a,https://arctos.database.museum/guid/UWBM:Mamm:51327,Baker Lake,Washington,48.6483,-121.69,7738.0,,,1950-08-18,1950,PRESERVED_SPECIMEN,UWBM,Mammalogy,UWBM:Mamm:51327,,CONTINENT_DERIVED_FROM_COORDINATES;INSTITUTION_MATCH_FUZZY;INSTITUTION_COLLECTION_MISMATCH
1702689253,830eb5d0-f762-11e1-a439-00145eb45e9a,https://arctos.database.museum/guid/UWBM:Mamm:51331,Baker Lake; near Silver Creek,Washington,48.72194,-121.61624,13.0,,,1950-08-16,1950,PRESERVED_SPECIMEN,UWBM,Mammalogy,UWBM:Mamm:51331,Collector(s): C. T. Ames; Preparator(s): C. T. Ames,CONTINENT_DERIVED_FROM_COORDINATES;INSTITUTION_MATCH_FUZZY;INSTITUTION_COLLECTION_MISMATCH
1702689229,830eb5d0-f762-11e1-a439-00145eb45e9a,https://arctos.database.museum/guid/UWBM:Mamm:51333,Stevens pass; 3 mi W,Washington,47.7464,-121.149081,5143.0,,,1939-10-15,1939,PRESERVED_SPECIMEN,UWBM,Mammalogy,UWBM:Mamm:51333,Collector(s): Ernest S. Booth; Preparator(s): Ernest S. Booth,COORDINATE_ROUNDED;CONTINENT_DERIVED_FROM_COORDINATES;INSTITUTION_MATCH_FUZZY;INSTITUTION_COLLECTION_MISMATCH
1702689228,830eb5d0-f762-11e1-a439-00145eb45e9a,https://arctos.database.museum/guid/UWBM:Mamm:51328,Twins Lake,Washington,48.9519,-121.6344,335.0,,,1951-08-08,1951,PRESERVED_SPECIMEN,UWBM,Mammalogy,UWBM:Mamm:51328,Collector(s): M. G. Nelson; Preparator(s): M. G. Nelson,CONTINENT_DERIVED_FROM_COORDINATES;INSTITUTION_MATCH_FUZZY;INSTITUTION_COLLECTION_MISMATCH
1702689220,830eb5d0-f762-11e1-a439-00145eb45e9a,https://arctos.database.museum/guid/UWBM:Mamm:51336,Chinook Pass,Washington,46.8722,-121.5144,335.0,,,1939-07-30,1939,PRESERVED_SPECIMEN,UWBM,Mammalogy,UWBM:Mamm:51336,Collector(s): Ernest S. Booth; Preparator(s): Ernest S. Booth,CONTINENT_DERIVED_FROM_COORDINATES;INSTITUTION_MATCH_FUZZY;INSTITUTION_COLLECTION_MISMATCH
1702689218,830eb5d0-f762-11e1-a439-00145eb45e9a,https://arctos.database.museum/guid/UWBM:Mamm:51330,Mt. Baker Lodge; 1 mi E,Washington,48.8636,-121.659166,2527.0,,,1947-08-03,1947,PRESERVED_SPECIMEN,UWBM,Mammalogy,UWBM:Mamm:51330,Collector(s): T. R. Tryon; Preparator(s): T. R. Tryon,COORDINATE_ROUNDED;CONTINENT_DERIVED_FROM_COORDINATES;INSTITUTION_MATCH_FUZZY;INSTITUTION_COLLECTION_MISMATCH
1702689168,830eb5d0-f762-11e1-a439-00145eb45e9a,https://arctos.database.museum/guid/UWBM:Mamm:51324,Mt. Baker Lodge; 1 mi E,Washington,48.8636,-121.659166,2527.0,,,1948-08-01/1948-08-31,1948,PRESERVED_SPECIMEN,UWBM,Mammalogy,UWBM:Mamm:51324,Collector(s): I. Whitehouse; Preparator(s): I. Whitehouse,COORDINATE_ROUNDED;CONTINENT_DERIVED_FROM_COORDINATES;INSTITUTION_MATCH_FUZZY;INSTITUTION_COLLECTION_MISMATCH
1702674983,830eb5d0-f762-11e1-a439-00145eb45e9a,https://arctos.database.museum/guid/UWBM:Mamm:35962,"Ross Lake National Rec. Area; directly above Ross Dam, Ross Lake National Recreation Area",Washington,48.7319,-121.0661,335.0,,,1973-11-03,1973,PRESERVED_SPECIMEN,UWBM,Mammalogy,UWBM:Mamm:35962,Preparator(s): Alan Richard Weisbrod,CONTINENT_DERIVED_FROM_COORDINATES;INSTITUTION_MATCH_FUZZY;INSTITUTION_COLLECTION_MISMATCH
1702674781,830eb5d0-f762-11e1-a439-00145eb45e9a,https://arctos.database.museum/guid/UWBM:Mamm:35744,"summit of Mt. Adams; 7 mi N, 5 mi W",Washington,46.304147,-121.593658,5930.0,,,1986-07-26,1986,PRESERVED_SPECIMEN,UWBM,Mammalogy,UWBM:Mamm:35744,,CONTINENT_DERIVED_FROM_COORDINATES;INSTITUTION_MATCH_FUZZY;INSTITUTION_COLLECTION_MISMATCH
1702674765,830eb5d0-f762-11e1-a439-00145eb45e9a,https://arctos.database.museum/guid/UWBM:Mamm:35742,"summit of Mt. Adams; 7 mi N, 5 mi W",Washington,46.304147,-121.593658,5930.0,,,1986-07-26,1986,PRESERVED_SPECIMEN,UWBM,Mammalogy,UWBM:Mamm:35742,,CONTINENT_DERIVED_FROM_COORDINATES;INSTITUTION_MATCH_FUZZY;INSTITUTION_COLLECTION_MISMATCH
1702674741,830eb5d0-f762-11e1-a439-00145eb45e9a,https://arctos.database.museum/guid/UWBM:Mamm:35745,"summit of Mt. Adams; 7 mi N, 5 mi W",Washington,46.304147,-121.593658,5930.0,,,1986-07-27,1986,PRESERVED_SPECIMEN,UWBM,Mammalogy,UWBM:Mamm:35745,,CONTINENT_DERIVED_FROM_COORDINATES;INSTITUTION_MATCH_FUZZY;INSTITUTION_COLLECTION_MISMATCH
1702674733,830eb5d0-f762-11e1-a439-00145eb45e9a,https://arctos.database.museum/guid/UWBM:Mamm:35747,"summit of Mt. Adams; 7 mi N, 5 mi W",Washington,46.304147,-121.593658,5930.0,,,1986-07-27,1986,PRESERVED_SPECIMEN,UWBM,Mammalogy,UWBM:Mamm:35747,,CONTINENT_DERIVED_FROM_COORDINATES;INSTITUTION_MATCH_FUZZY;INSTITUTION_COLLECTION_MISMATCH
1702674732,830eb5d0-f762-11e1-a439-00145eb45e9a,https://arctos.database.museum/guid/UWBM:Mamm:35746,"summit of Mt. Adams; 7 mi N, 5 mi W",Washington,46.304147,-121.593658,5930.0,,,1986-07-27,1986,PRESERVED_SPECIMEN,UWBM,Mammalogy,UWBM:Mamm:35746,,CONTINENT_DERIVED_FROM_COORDINATES;INSTITUTION_MATCH_FUZZY;INSTITUTION_COLLECTION_MISMATCH
1702674730,830eb5d0-f762-11e1-a439-00145eb45e9a,https://arctos.database.museum/guid/UWBM:Mamm:35743,"summit of Mt. Adams; 7 mi N, 5 mi W",Washington,46.304147,-121.593658,5930.0,,,1986-07-26,1986,PRESERVED_SPECIMEN,UWBM,Mammalogy,UWBM:Mamm:35743,,CONTINENT_DERIVED_FROM_COORDINATES;INSTITUTION_MATCH_FUZZY;INSTITUTION_COLLECTION_MISMATCH
1702671882,830eb5d0-f762-11e1-a439-00145eb45e9a,https://arctos.database.museum/guid/UWBM:Mamm:32787,"Mt. Rainier National Park; Sunrise; Huckleberry Basin, Mount Rainier National Park",Washington,46.9256,-121.6378,335.0,,,1979-09-25,1979,PRESERVED_SPECIMEN,UWBM,Mammalogy,UWBM:Mamm:32787,Collector(s): B. A. Singbeil; Preparator(s): B. A. Singbeil,CONTINENT_DERIVED_FROM_COORDINATES;INSTITUTION_MATCH_FUZZY;INSTITUTION_COLLECTION_MISMATCH
1702670195,830eb5d0-f762-11e1-a439-00145eb45e9a,https://arctos.database.museum/guid/UWBM:Mamm:31098,"North Cascades National Park; NE side of Mt. Shuksan; Nooksack Cirque, North Cascades National Park",Washington,48.8375,-121.575,496.0,960.0,0.0,1977-08-03,1977,PRESERVED_SPECIMEN,UWBM,Mammalogy,UWBM:Mamm:31098,"Collector(s): Alan Richard Weisbrod, John A. Dragavon; Preparator(s): John A. Dragavon",CONTINENT_DERIVED_FROM_COORDINATES;INSTITUTION_MATCH_FUZZY;INSTITUTION_COLLECTION_MISMATCH
1702670151,830eb5d0-f762-11e1-a439-00145eb45e9a,https://arctos.database.museum/guid/UWBM:Mamm:31097,"North Cascades National Park; NE side of Mt. Shuksan; Nooksack Cirque, North Cascades National Park",Washington,48.8375,-121.575,496.0,960.0,0.0,1977-08-03,1977,PRESERVED_SPECIMEN,UWBM,Mammalogy,UWBM:Mamm:31097,Collector(s): John A. Dragavon; Preparator(s): John A. Dragavon,CONTINENT_DERIVED_FROM_COORDINATES;INSTITUTION_MATCH_FUZZY;INSTITUTION_COLLECTION_MISMATCH
1702670073,830eb5d0-f762-11e1-a439-00145eb45e9a,https://arctos.database.museum/guid/UWBM:Mamm:30939,"North Cascades National Park; NE side of Mt. Shuksan; Nooksack Cirque, North Cascades National Park",Washington,48.8375,-121.575,496.0,880.0,0.0,1977-08-30,1977,PRESERVED_SPECIMEN,UWBM,Mammalogy,UWBM:Mamm:30939,"Collector(s): Alan Richard Weisbrod, John A. Dragavon; Preparator(s): Alan Richard Weisbrod",CONTINENT_DERIVED_FROM_COORDINATES;INSTITUTION_MATCH_FUZZY;INSTITUTION_COLLECTION_MISMATCH
1702670060,830eb5d0-f762-11e1-a439-00145eb45e9a,https://arctos.database.museum/guid/UWBM:Mamm:31005,"North Cascades National Park; NE side of Mt. Shuksan; Nooksack Cirque, North Cascades National Park",Washington,48.8375,-121.575,496.0,940.0,0.0,1977-08-11,1977,PRESERVED_SPECIMEN,UWBM,Mammalogy,UWBM:Mamm:31005,"Collector(s): Alan Richard Weisbrod, John A. Dragavon; Preparator(s): John A. Dragavon",CONTINENT_DERIVED_FROM_COORDINATES;INSTITUTION_MATCH_FUZZY;INSTITUTION_COLLECTION_MISMATCH
1702670029,830eb5d0-f762-11e1-a439-00145eb45e9a,https://arctos.database.museum/guid/UWBM:Mamm:30825,"North Cascades National Park; NE side of Mt. Shuksan; Nooksack Cirque, North Cascades National Park",Washington,48.8375,-121.575,496.0,960.0,0.0,1977-08-02,1977,PRESERVED_SPECIMEN,UWBM,Mammalogy,UWBM:Mamm:30825,"Collector(s): Alan Richard Weisbrod, John A. Dragavon; Preparator(s): John A. Dragavon",CONTINENT_DERIVED_FROM_COORDINATES;INSTITUTION_MATCH_FUZZY;INSTITUTION_COLLECTION_MISMATCH
1702670022,830eb5d0-f762-11e1-a439-00145eb45e9a,https://arctos.database.museum/guid/UWBM:Mamm:30938,"North Cascades National Park; Mt. Shuksan; Nooksack Cirque, North Cascades National Park",Washington,48.8375,-121.575,496.0,1040.0,0.0,1977-08-01,1977,PRESERVED_SPECIMEN,UWBM,Mammalogy,UWBM:Mamm:30938,Collector(s): Alan Richard Weisbrod; Preparator(s): Alan Richard Weisbrod,CONTINENT_DERIVED_FROM_COORDINATES;INSTITUTION_MATCH_FUZZY;INSTITUTION_COLLECTION_MISMATCH
1702669894,830eb5d0-f762-11e1-a439-00145eb45e9a,https://arctos.database.museum/guid/UWBM:Mamm:30827,"North Cascades National Park; NE side of Mt. Shuksan; Nooksack Cirque, North Cascades National Park",Washington,48.8375,-121.575,496.0,1040.0,0.0,1977-08-01,1977,PRESERVED_SPECIMEN,UWBM,Mammalogy,UWBM:Mamm:30827,"Collector(s): Alan Richard Weisbrod, John A. Dragavon; Preparator(s): Alan Richard Weisbrod",CONTINENT_DERIVED_FROM_COORDINATES;INSTITUTION_MATCH_FUZZY;INSTITUTION_COLLECTION_MISMATCH
1702669888,830eb5d0-f762-11e1-a439-00145eb45e9a,https://arctos.database.museum/guid/UWBM:Mamm:30824,"North Cascades National Park; NE side of Mt. Shuksan; Nooksack Cirque, North Cascades National Park",Washington,48.8375,-121.575,496.0,960.0,0.0,1977-08-01,1977,PRESERVED_SPECIMEN,UWBM,Mammalogy,UWBM:Mamm:30824,"Collector(s): Alan Richard Weisbrod, John A. Dragavon; Preparator(s): John A. Dragavon",CONTINENT_DERIVED_FROM_COORDINATES;INSTITUTION_MATCH_FUZZY;INSTITUTION_COLLECTION_MISMATCH
1702669854,830eb5d0-f762-11e1-a439-00145eb45e9a,https://arctos.database.museum/guid/UWBM:Mamm:30811,"Mt. Rainier National Park; Carbon River Entrance; Knapsack Pass; 2 mi S, 3 mi E, Mount Rainier National Park",Washington,46.9353,-121.8411,1944.0,,,1974-10-28,1974,PRESERVED_SPECIMEN,UWBM,Mammalogy,UWBM:Mamm:30811,"Collector(s): Alan Richard Weisbrod, John A. Dragavon",CONTINENT_DERIVED_FROM_COORDINATES;INSTITUTION_MATCH_FUZZY;INSTITUTION_COLLECTION_MISMATCH
1702669845,830eb5d0-f762-11e1-a439-00145eb45e9a,https://arctos.database.museum/guid/UWBM:Mamm:30826,"North Cascades National Park; NE side of Mt. Shuksan; Nooksack Cirque, North Cascades National Park",Washington,48.8375,-121.575,496.0,960.0,0.0,1977-08-30,1977,PRESERVED_SPECIMEN,UWBM,Mammalogy,UWBM:Mamm:30826,"Collector(s): Alan Richard Weisbrod, John A. Dragavon; Preparator(s): John A. Dragavon",CONTINENT_DERIVED_FROM_COORDINATES;INSTITUTION_MATCH_FUZZY;INSTITUTION_COLLECTION_MISMATCH
1702669829,830eb5d0-f762-11e1-a439-00145eb45e9a,https://arctos.database.museum/guid/UWBM:Mamm:30787,"Mt. Rainier National Park; Sunrise, Mount Rainier National Park",Washington,46.915,-121.6411,496.0,,,1975-08-07,1975,PRESERVED_SPECIMEN,UWBM,Mammalogy,UWBM:Mamm:30787,Collector(s): John A. Dragavon,CONTINENT_DERIVED_FROM_COORDINATES;INSTITUTION_MATCH_FUZZY;INSTITUTION_COLLECTION_MISMATCH
1702669502,830eb5d0-f762-11e1-a439-00145eb45e9a,https://arctos.database.museum/guid/UWBM:Mamm:30416,"Mt. Rainier National Park; Sunrise Point, Mount Rainier National Park",Washington,46.9231,-121.5739,174.0,,,1975-09-12,1975,PRESERVED_SPECIMEN,UWBM,Mammalogy,UWBM:Mamm:30416,Collector(s): John A. Dragavon; Preparator(s): John A. Dragavon,CONTINENT_DERIVED_FROM_COORDINATES;INSTITUTION_MATCH_FUZZY;INSTITUTION_COLLECTION_MISMATCH
1702669490,830eb5d0-f762-11e1-a439-00145eb45e9a,https://arctos.database.museum/guid/UWBM:Mamm:30415,"Mt. Rainier National Park; Sunrise; Shadow Lake; 1 mi W, Mount Rainier National Park",Washington,46.9114,-121.6558,1622.0,,,1975-08-06,1975,PRESERVED_SPECIMEN,UWBM,Mammalogy,UWBM:Mamm:30415,Collector(s): John A. Dragavon; Preparator(s): John A. Dragavon,CONTINENT_DERIVED_FROM_COORDINATES;INSTITUTION_MATCH_FUZZY;INSTITUTION_COLLECTION_MISMATCH
1702669404,830eb5d0-f762-11e1-a439-00145eb45e9a,https://arctos.database.museum/guid/UWBM:Mamm:30272,"Mt. Rainier National Park; Carbon River Entrance; Ranger Creek; 3 mi E, Mount Rainier National Park",Washington,47.038428,-121.9142,4574.0,,,1975-08-07,1975,PRESERVED_SPECIMEN,UWBM,Mammalogy,UWBM:Mamm:30272,Collector(s): John A. Dragavon,COORDINATE_ROUNDED;CONTINENT_DERIVED_FROM_COORDINATES;INSTITUTION_MATCH_FUZZY;INSTITUTION_COLLECTION_MISMATCH
1702667192,830eb5d0-f762-11e1-a439-00145eb45e9a,https://arctos.database.museum/guid/UWBM:Mamm:18942,Pass Creek Pass,Washington,48.7969,-117.1308,657.0,,,1956-06-29,1956,PRESERVED_SPECIMEN,UWBM,Mammalogy,UWBM:Mamm:18942,Collector(s): William Russell Goodge; Preparator(s): William Russell Goodge,CONTINENT_DERIVED_FROM_COORDINATES;INSTITUTION_MATCH_FUZZY;INSTITUTION_COLLECTION_MISMATCH
1702667172,830eb5d0-f762-11e1-a439-00145eb45e9a,https://arctos.database.museum/guid/UWBM:Mamm:18943,Pass Creek Pass,Washington,48.7969,-117.1308,657.0,,,1956-06-29,1956,PRESERVED_SPECIMEN,UWBM,Mammalogy,UWBM:Mamm:18943,Collector(s): William Russell Goodge; Preparator(s): William Russell Goodge,CONTINENT_DERIVED_FROM_COORDINATES;INSTITUTION_MATCH_FUZZY;INSTITUTION_COLLECTION_MISMATCH
1702667161,830eb5d0-f762-11e1-a439-00145eb45e9a,https://arctos.database.museum/guid/UWBM:Mamm:18941,Pass Creek Pass,Washington,48.7969,-117.1308,657.0,,,1956-06-29,1956,PRESERVED_SPECIMEN,UWBM,Mammalogy,UWBM:Mamm:18941,Collector(s): William Russell Goodge; Preparator(s): William Russell Goodge,CONTINENT_DERIVED_FROM_COORDINATES;INSTITUTION_MATCH_FUZZY;INSTITUTION_COLLECTION_MISMATCH
1702667077,830eb5d0-f762-11e1-a439-00145eb45e9a,https://arctos.database.museum/guid/UWBM:Mamm:18833,Whatcom Pass,Washington,48.8756,-121.3633,657.0,,,1920-07-31,1920,PRESERVED_SPECIMEN,UWBM,Mammalogy,UWBM:Mamm:18833,Preparator(s): J. M. Edson,CONTINENT_DERIVED_FROM_COORDINATES;INSTITUTION_MATCH_FUZZY;INSTITUTION_COLLECTION_MISMATCH
1702667028,830eb5d0-f762-11e1-a439-00145eb45e9a,https://arctos.database.museum/guid/UWBM:Mamm:18834,Whatcom Pass,Washington,48.8756,-121.3633,657.0,,,1920-08-01,1920,PRESERVED_SPECIMEN,UWBM,Mammalogy,UWBM:Mamm:18834,Preparator(s): J. M. Edson,CONTINENT_DERIVED_FROM_COORDINATES;INSTITUTION_MATCH_FUZZY;INSTITUTION_COLLECTION_MISMATCH
1702666907,830eb5d0-f762-11e1-a439-00145eb45e9a,https://arctos.database.museum/guid/UWBM:Mamm:18435,Glacier Peak,Washington,48.1114,-121.1128,335.0,,,1953-08-11,1953,PRESERVED_SPECIMEN,UWBM,Mammalogy,UWBM:Mamm:18435,Collector(s): William Russell Goodge,CONTINENT_DERIVED_FROM_COORDINATES;INSTITUTION_MATCH_FUZZY;INSTITUTION_COLLECTION_MISMATCH
1702666831,830eb5d0-f762-11e1-a439-00145eb45e9a,https://arctos.database.museum/guid/UWBM:Mamm:18373,Cle Elum; near Stuart Pass; 16 mi N,Washington,47.42721,-120.9381,21583.0,1219.0,0.0,1958-07-09,1958,PRESERVED_SPECIMEN,UWBM,Mammalogy,UWBM:Mamm:18373,Collector(s): Frank Richardson; Preparator(s): Frank Richardson,CONTINENT_DERIVED_FROM_COORDINATES;INSTITUTION_MATCH_FUZZY;INSTITUTION_COLLECTION_MISMATCH
1702666814,830eb5d0-f762-11e1-a439-00145eb45e9a,https://arctos.database.museum/guid/UWBM:Mamm:18481,Tye,Washington,47.7494,-121.1194,1300.0,,,1954-08-14,1954,PRESERVED_SPECIMEN,UWBM,Mammalogy,UWBM:Mamm:18481,,CONTINENT_DERIVED_FROM_COORDINATES;INSTITUTION_MATCH_FUZZY;INSTITUTION_COLLECTION_MISMATCH
1702666740,830eb5d0-f762-11e1-a439-00145eb45e9a,https://arctos.database.museum/guid/UWBM:Mamm:15245,Sunset Park,Washington,46.8789,-121.8881,2910.0,1676.0,0.0,1919-09-10,1919,PRESERVED_SPECIMEN,UWBM,Mammalogy,UWBM:Mamm:15245,,CONTINENT_DERIVED_FROM_COORDINATES;INSTITUTION_MATCH_FUZZY;INSTITUTION_COLLECTION_MISMATCH
1702666648,830eb5d0-f762-11e1-a439-00145eb45e9a,https://arctos.database.museum/guid/UWBM:Mamm:15246,Sunset Park,Washington,46.8789,-121.8881,2910.0,1676.0,0.0,1919-09-10,1919,PRESERVED_SPECIMEN,UWBM,Mammalogy,UWBM:Mamm:15246,,CONTINENT_DERIVED_FROM_COORDINATES;INSTITUTION_MATCH_FUZZY;INSTITUTION_COLLECTION_MISMATCH
1702666227,830eb5d0-f762-11e1-a439-00145eb45e9a,https://arctos.database.museum/guid/UWBM:Mamm:13774,Mount Higgins; Lookout Station,Washington,48.3147,-121.7611,657.0,,,1940-09-02,1940,PRESERVED_SPECIMEN,UWBM,Mammalogy,UWBM:Mamm:13774,,CONTINENT_DERIVED_FROM_COORDINATES;INSTITUTION_MATCH_FUZZY;INSTITUTION_COLLECTION_MISMATCH
1702666166,830eb5d0-f762-11e1-a439-00145eb45e9a,https://arctos.database.museum/guid/UWBM:Mamm:13775,Mount Higgins; Lookout Station,Washington,48.3147,-121.7611,657.0,,,1940-09-02,1940,PRESERVED_SPECIMEN,UWBM,Mammalogy,UWBM:Mamm:13775,,CONTINENT_DERIVED_FROM_COORDINATES;INSTITUTION_MATCH_FUZZY;INSTITUTION_COLLECTION_MISMATCH
1702666101,830eb5d0-f762-11e1-a439-00145eb45e9a,https://arctos.database.museum/guid/UWBM:Mamm:13602,Melakwa Lake,Washington,47.45,-121.4675,335.0,,,1947-08-31,1947,PRESERVED_SPECIMEN,UWBM,Mammalogy,UWBM:Mamm:13602,Collector(s): William Russell Goodge; Preparator(s): William Russell Goodge,CONTINENT_DERIVED_FROM_COORDINATES;INSTITUTION_MATCH_FUZZY;INSTITUTION_COLLECTION_MISMATCH
1702666100,830eb5d0-f762-11e1-a439-00145eb45e9a,https://arctos.database.museum/guid/UWBM:Mamm:13591,Snow Lake,Washington,47.46722,-121.45472,818.0,,,1946-07-14,1946,PRESERVED_SPECIMEN,UWBM,Mammalogy,UWBM:Mamm:13591,Collector(s): William Russell Goodge; Preparator(s): William Russell Goodge,CONTINENT_DERIVED_FROM_COORDINATES;INSTITUTION_MATCH_FUZZY;INSTITUTION_COLLECTION_MISMATCH
1702666096,830eb5d0-f762-11e1-a439-00145eb45e9a,https://arctos.database.museum/guid/UWBM:Mamm:13601,Melakwa Lake,Washington,47.45,-121.4675,335.0,,,1947-08-31,1947,PRESERVED_SPECIMEN,UWBM,Mammalogy,UWBM:Mamm:13601,Collector(s): William Russell Goodge; Preparator(s): William Russell Goodge,CONTINENT_DERIVED_FROM_COORDINATES;INSTITUTION_MATCH_FUZZY;INSTITUTION_COLLECTION_MISMATCH
1702666081,830eb5d0-f762-11e1-a439-00145eb45e9a,https://arctos.database.museum/guid/UWBM:Mamm:12948,Glacier Peak; Suiattle River,Washington,48.0972,-121.06605,2105.0,2134.0,0.0,1950-08-11,1950,PRESERVED_SPECIMEN,UWBM,Mammalogy,UWBM:Mamm:12948,Collector(s): William Russell Goodge; Preparator(s): William Russell Goodge,CONTINENT_DERIVED_FROM_COORDINATES;INSTITUTION_MATCH_FUZZY;INSTITUTION_COLLECTION_MISMATCH
1702665991,830eb5d0-f762-11e1-a439-00145eb45e9a,https://arctos.database.museum/guid/UWBM:Mamm:12822,Stevens Pass,Washington,47.7464,-121.0847,818.0,,,1948-06-02,1948,PRESERVED_SPECIMEN,UWBM,Mammalogy,UWBM:Mamm:12822,,CONTINENT_DERIVED_FROM_COORDINATES;INSTITUTION_MATCH_FUZZY;INSTITUTION_COLLECTION_MISMATCH
1702665826,830eb5d0-f762-11e1-a439-00145eb45e9a,https://arctos.database.museum/guid/UWBM:Mamm:12224,Tye,Washington,47.7494,-121.1194,1300.0,,,1939-10-15,1939,PRESERVED_SPECIMEN,UWBM,Mammalogy,UWBM:Mamm:12224,,CONTINENT_DERIVED_FROM_COORDINATES;INSTITUTION_MATCH_FUZZY;INSTITUTION_COLLECTION_MISMATCH
1677340997,50c9509d-22c7-4a22-a47d-8c48425ef4a7,https://www.inaturalist.org/observations/8528131,,Washington,46.84172,-121.335656,2229.0,,,2017-10-15T15:57,2017,HUMAN_OBSERVATION,iNaturalist,Observations,8528131,Brandon Hawn,COORDINATE_ROUNDED;CONTINENT_DERIVED_FROM_COORDINATES;TAXON_ID_NOT_FOUND
1671728751,50c9509d-22c7-4a22-a47d-8c48425ef4a7,https://www.inaturalist.org/observations/8308198,,Washington,46.91451,-121.643543,244.0,,,2017-09-23T16:52,2017,HUMAN_OBSERVATION,iNaturalist,Observations,8308198,Mike,COORDINATE_ROUNDED;CONTINENT_DERIVED_FROM_COORDINATES;TAXON_ID_NOT_FOUND
1671728738,50c9509d-22c7-4a22-a47d-8c48425ef4a7,https://www.inaturalist.org/observations/8308216,,Washington,46.915084,-121.645603,61.0,,,2017-09-22T19:56,2017,HUMAN_OBSERVATION,iNaturalist,Observations,8308216,Mike,COORDINATE_ROUNDED;CONTINENT_DERIVED_FROM_COORDINATES;TAXON_ID_NOT_FOUND
1671728664,50c9509d-22c7-4a22-a47d-8c48425ef4a7,https://www.inaturalist.org/observations/8308195,,Washington,46.91451,-121.643543,244.0,,,2017-09-23T16:04,2017,HUMAN_OBSERVATION,iNaturalist,Observations,8308195,Mike,COORDINATE_ROUNDED;CONTINENT_DERIVED_FROM_COORDINATES;TAXON_ID_NOT_FOUND
1671728091,50c9509d-22c7-4a22-a47d-8c48425ef4a7,https://www.inaturalist.org/observations/8306325,,Washington,46.802418,-121.725215,378.0,,,2017-10-06T13:01,2017,HUMAN_OBSERVATION,iNaturalist,Observations,8306325,Brandon Hawn,COORDINATE_ROUNDED;CONTINENT_DERIVED_FROM_COORDINATES;TAXON_ID_NOT_FOUND
1671722129,50c9509d-22c7-4a22-a47d-8c48425ef4a7,https://www.inaturalist.org/observations/8286642,,Washington,48.859253,-121.708497,,,,2017-10-05T13:23,2017,HUMAN_OBSERVATION,iNaturalist,Observations,8286642,Old Goat,COORDINATE_ROUNDED;CONTINENT_DERIVED_FROM_COORDINATES;TAXON_ID_NOT_FOUND
1668894406,50c9509d-22c7-4a22-a47d-8c48425ef4a7,https://www.inaturalist.org/observations/8246327,,Washington,46.785235,-121.781352,12.0,,,2017-10-02T11:48:13,2017,HUMAN_OBSERVATION,iNaturalist,Observations,8246327,Zach Hawn,CONTINENT_DERIVED_FROM_COORDINATES;TAXON_ID_NOT_FOUND
1668894347,50c9509d-22c7-4a22-a47d-8c48425ef4a7,https://www.inaturalist.org/observations/8246326,,Washington,46.79156,-121.78142,12.0,,,2017-10-02T12:31:02,2017,HUMAN_OBSERVATION,iNaturalist,Observations,8246326,Zach Hawn,CONTINENT_DERIVED_FROM_COORDINATES;TAXON_ID_NOT_FOUND
1668894318,50c9509d-22c7-4a22-a47d-8c48425ef4a7,https://www.inaturalist.org/observations/8246332,,Washington,46.79182,-121.78099,12.0,,,2017-10-02T12:40:27,2017,HUMAN_OBSERVATION,iNaturalist,Observations,8246332,Zach Hawn,CONTINENT_DERIVED_FROM_COORDINATES;TAXON_ID_NOT_FOUND
1668894259,50c9509d-22c7-4a22-a47d-8c48425ef4a7,https://www.inaturalist.org/observations/8246054,,Washington,46.78856,-121.78374,12.0,,,2017-10-02T11:27:19,2017,HUMAN_OBSERVATION,iNaturalist,Observations,8246054,Zach Hawn,CONTINENT_DERIVED_FROM_COORDINATES;TAXON_ID_NOT_FOUND
1668865054,50c9509d-22c7-4a22-a47d-8c48425ef4a7,https://www.inaturalist.org/observations/8126801,,Washington,46.919868,-121.586981,122.0,,,2017-08-19T21:54,2017,HUMAN_OBSERVATION,iNaturalist,Observations,8126801,Mike,COORDINATE_ROUNDED;CONTINENT_DERIVED_FROM_COORDINATES;TAXON_ID_NOT_FOUND
1668864993,50c9509d-22c7-4a22-a47d-8c48425ef4a7,https://www.inaturalist.org/observations/8126796,,Washington,46.919868,-121.586981,122.0,,,2017-08-19T21:45,2017,HUMAN_OBSERVATION,iNaturalist,Observations,8126796,Mike,COORDINATE_ROUNDED;CONTINENT_DERIVED_FROM_COORDINATES;TAXON_ID_NOT_FOUND
1668864932,50c9509d-22c7-4a22-a47d-8c48425ef4a7,https://www.inaturalist.org/observations/8126782,,Washington,46.919868,-121.586981,122.0,,,2017-08-20T12:34,2017,HUMAN_OBSERVATION,iNaturalist,Observations,8126782,Mike,COORDINATE_ROUNDED;CONTINENT_DERIVED_FROM_COORDINATES;TAXON_ID_NOT_FOUND
1668864727,50c9509d-22c7-4a22-a47d-8c48425ef4a7,https://www.inaturalist.org/observations/8124085,,Washington,46.915466,-121.645217,61.0,,,2017-08-10T18:35,2017,HUMAN_OBSERVATION,iNaturalist,Observations,8124085,Mike,COORDINATE_ROUNDED;CONTINENT_DERIVED_FROM_COORDINATES;TAXON_ID_NOT_FOUND
1640088614,50c9509d-22c7-4a22-a47d-8c48425ef4a7,https://www.inaturalist.org/observations/7764158,,Washington,46.78833,-121.78353,12.0,,,2017-08-31T11:04:21,2017,HUMAN_OBSERVATION,iNaturalist,Observations,7764158,Zach Hawn,CONTINENT_DERIVED_FROM_COORDINATES;TAXON_ID_NOT_FOUND
1640088584,50c9509d-22c7-4a22-a47d-8c48425ef4a7,https://www.inaturalist.org/observations/7764150,,Washington,46.78876,-121.78325,12.0,,,2017-08-31T11:18:17,2017,HUMAN_OBSERVATION,iNaturalist,Observations,7764150,Zach Hawn,CONTINENT_DERIVED_FROM_COORDINATES;TAXON_ID_NOT_FOUND
1640088559,50c9509d-22c7-4a22-a47d-8c48425ef4a7,https://www.inaturalist.org/observations/7764148,,Washington,46.79181,-121.78094,12.0,,,2017-08-31T12:17:32,2017,HUMAN_OBSERVATION,iNaturalist,Observations,7764148,Zach Hawn,CONTINENT_DERIVED_FROM_COORDINATES;TAXON_ID_NOT_FOUND
1640088546,50c9509d-22c7-4a22-a47d-8c48425ef4a7,https://www.inaturalist.org/observations/7764155,,Washington,46.78833,-121.78353,12.0,,,2017-08-31T11:09:40,2017,HUMAN_OBSERVATION,iNaturalist,Observations,7764155,Zach Hawn,CONTINENT_DERIVED_FROM_COORDINATES;TAXON_ID_NOT_FOUND
1586940658,50c9509d-22c7-4a22-a47d-8c48425ef4a7,https://www.inaturalist.org/observations/7488160,,Washington,48.778096,-120.857881,8.0,,,2017-08-03T20:15,2017,HUMAN_OBSERVATION,iNaturalist,Observations,7488160,Gina O'Kelley,COORDINATE_ROUNDED;CONTINENT_DERIVED_FROM_COORDINATES;TAXON_ID_NOT_FOUND
1586938038,50c9509d-22c7-4a22-a47d-8c48425ef4a7,https://www.inaturalist.org/observations/7479842,,Washington,46.916987,-121.679528,15.0,,,2017-08-12T19:55,2017,HUMAN_OBSERVATION,iNaturalist,Observations,7479842,Zach Hawn,COORDINATE_ROUNDED;CONTINENT_DERIVED_FROM_COORDINATES;TAXON_ID_NOT_FOUND
1586937986,50c9509d-22c7-4a22-a47d-8c48425ef4a7,https://www.inaturalist.org/observations/7479837,,Washington,46.91914,-121.66384,4.0,,,2017-08-12T19:05,2017,HUMAN_OBSERVATION,iNaturalist,Observations,7479837,Zach Hawn,COORDINATE_ROUNDED;CONTINENT_DERIVED_FROM_COORDINATES;TAXON_ID_NOT_FOUND
1586937969,50c9509d-22c7-4a22-a47d-8c48425ef4a7,https://www.inaturalist.org/observations/7479844,,Washington,46.919181,-121.664377,15.0,,,2017-08-12T19:13,2017,HUMAN_OBSERVATION,iNaturalist,Observations,7479844,Zach Hawn,COORDINATE_ROUNDED;CONTINENT_DERIVED_FROM_COORDINATES;TAXON_ID_NOT_FOUND
1586937892,50c9509d-22c7-4a22-a47d-8c48425ef4a7,https://www.inaturalist.org/observations/7479841,,Washington,46.915888,-121.677253,15.0,,,2017-08-12T19:47,2017,HUMAN_OBSERVATION,iNaturalist,Observations,7479841,Zach Hawn,COORDINATE_ROUNDED;CONTINENT_DERIVED_FROM_COORDINATES;TAXON_ID_NOT_FOUND
1586937868,50c9509d-22c7-4a22-a47d-8c48425ef4a7,https://www.inaturalist.org/observations/7479838,,Washington,46.919176,-121.664432,4.0,,,2017-08-12T19:16,2017,HUMAN_OBSERVATION,iNaturalist,Observations,7479838,Zach Hawn,COORDINATE_ROUNDED;CONTINENT_DERIVED_FROM_COORDINATES;TAXON_ID_NOT_FOUND
1586135677,50c9509d-22c7-4a22-a47d-8c48425ef4a7,https://www.inaturalist.org/observations/7356710,,Washington,46.754527,-121.702525,13.0,,,2017-07-30T11:36:03,2017,HUMAN_OBSERVATION,iNaturalist,Observations,7356710,Zach Hawn,CONTINENT_DERIVED_FROM_COORDINATES;TAXON_ID_NOT_FOUND
1586135667,50c9509d-22c7-4a22-a47d-8c48425ef4a7,https://www.inaturalist.org/observations/7356714,,Washington,46.756357,-121.700623,6.0,,,2017-07-30T09:53:23,2017,HUMAN_OBSERVATION,iNaturalist,Observations,7356714,Zach Hawn,CONTINENT_DERIVED_FROM_COORDINATES;TAXON_ID_NOT_FOUND
1586135661,50c9509d-22c7-4a22-a47d-8c48425ef4a7,https://www.inaturalist.org/observations/7356713,,Washington,46.755416,-121.702021,13.0,,,2017-07-30T11:28:59,2017,HUMAN_OBSERVATION,iNaturalist,Observations,7356713,Zach Hawn,CONTINENT_DERIVED_FROM_COORDINATES;TAXON_ID_NOT_FOUND
1586135660,50c9509d-22c7-4a22-a47d-8c48425ef4a7,https://www.inaturalist.org/observations/7356711,,Washington,46.755534,-121.701804,6.0,,,2017-07-30T11:31:58,2017,HUMAN_OBSERVATION,iNaturalist,Observations,7356711,Zach Hawn,CONTINENT_DERIVED_FROM_COORDINATES;TAXON_ID_NOT_FOUND
1586135543,50c9509d-22c7-4a22-a47d-8c48425ef4a7,https://www.inaturalist.org/observations/7356707,,Washington,46.769722,-121.737418,6.0,,,2017-07-30T12:49:21,2017,HUMAN_OBSERVATION,iNaturalist,Observations,7356707,Zach Hawn,CONTINENT_DERIVED_FROM_COORDINATES;TAXON_ID_NOT_FOUND
1586118426,50c9509d-22c7-4a22-a47d-8c48425ef4a7,https://www.inaturalist.org/observations/7303473,,Washington,48.062981,-121.766818,31.0,,,2017-07-31T13:27,2017,HUMAN_OBSERVATION,iNaturalist,Observations,7303473,Kate Turner,COORDINATE_ROUNDED;CONTINENT_DERIVED_FROM_COORDINATES;TAXON_ID_NOT_FOUND
1586114289,50c9509d-22c7-4a22-a47d-8c48425ef4a7,https://www.inaturalist.org/observations/7290741,,Washington,48.508747,-120.750268,6.0,,,2017-07-22T13:01:30,2017,HUMAN_OBSERVATION,iNaturalist,Observations,7290741,Zach Hawn,CONTINENT_DERIVED_FROM_COORDINATES;TAXON_ID_NOT_FOUND
1572370777,50c9509d-22c7-4a22-a47d-8c48425ef4a7,https://www.inaturalist.org/observations/6942232,,Washington,46.79306,-121.778689,66.0,,,2017-07-04T10:53:06,2017,HUMAN_OBSERVATION,iNaturalist,Observations,6942232,Zach Hawn,CONTINENT_DERIVED_FROM_COORDINATES;TAXON_ID_NOT_FOUND
1572370730,50c9509d-22c7-4a22-a47d-8c48425ef4a7,https://www.inaturalist.org/observations/6942228,,Washington,46.79154,-121.78126,66.0,,,2017-07-04T09:03:34,2017,HUMAN_OBSERVATION,iNaturalist,Observations,6942228,Zach Hawn,CONTINENT_DERIVED_FROM_COORDINATES;TAXON_ID_NOT_FOUND
1572370679,50c9509d-22c7-4a22-a47d-8c48425ef4a7,https://www.inaturalist.org/observations/6942253,,Washington,46.769667,-121.736881,34.0,,,2017-07-04T12:53,2017,HUMAN_OBSERVATION,iNaturalist,Observations,6942253,Zach Hawn,CONTINENT_DERIVED_FROM_COORDINATES;TAXON_ID_NOT_FOUND
1572370676,50c9509d-22c7-4a22-a47d-8c48425ef4a7,https://www.inaturalist.org/observations/6942254,,Washington,46.79154,-121.78126,66.0,,,2017-07-04T11:57:40,2017,HUMAN_OBSERVATION,iNaturalist,Observations,6942254,Zach Hawn,CONTINENT_DERIVED_FROM_COORDINATES;TAXON_ID_NOT_FOUND
1572370669,50c9509d-22c7-4a22-a47d-8c48425ef4a7,https://www.inaturalist.org/observations/6942252,,Washington,46.79154,-121.78126,66.0,,,2017-07-04T09:03:14,2017,HUMAN_OBSERVATION,iNaturalist,Observations,6942252,Zach Hawn,CONTINENT_DERIVED_FROM_COORDINATES;TAXON_ID_NOT_FOUND
1572370642,50c9509d-22c7-4a22-a47d-8c48425ef4a7,https://www.inaturalist.org/observations/6942250,,Washington,46.79154,-121.78126,66.0,,,2017-07-04T09:30:35,2017,HUMAN_OBSERVATION,iNaturalist,Observations,6942250,Zach Hawn,CONTINENT_DERIVED_FROM_COORDINATES;TAXON_ID_NOT_FOUND
1572370620,50c9509d-22c7-4a22-a47d-8c48425ef4a7,https://www.inaturalist.org/observations/6942222,,Washington,46.79154,-121.78126,66.0,,,2017-07-04T10:37:47,2017,HUMAN_OBSERVATION,iNaturalist,Observations,6942222,Zach Hawn,CONTINENT_DERIVED_FROM_COORDINATES;TAXON_ID_NOT_FOUND
1572370618,50c9509d-22c7-4a22-a47d-8c48425ef4a7,https://www.inaturalist.org/observations/6942225,,Washington,46.79154,-121.78126,66.0,,,2017-07-04T10:44:03,2017,HUMAN_OBSERVATION,iNaturalist,Observations,6942225,Zach Hawn,CONTINENT_DERIVED_FROM_COORDINATES;TAXON_ID_NOT_FOUND
1572370589,50c9509d-22c7-4a22-a47d-8c48425ef4a7,https://www.inaturalist.org/observations/6942223,,Washington,46.792979,-121.778791,66.0,,,2017-07-04T10:18:35,2017,HUMAN_OBSERVATION,iNaturalist,Observations,6942223,Zach Hawn,CONTINENT_DERIVED_FROM_COORDINATES;TAXON_ID_NOT_FOUND
1571102413,50c9509d-22c7-4a22-a47d-8c48425ef4a7,https://www.inaturalist.org/observations/6532466,,Washington,46.780737,-121.886101,244.0,,,2017-05-19T11:29,2017,HUMAN_OBSERVATION,iNaturalist,Observations,6532466,Mike,COORDINATE_ROUNDED;CONTINENT_DERIVED_FROM_COORDINATES;TAXON_ID_NOT_FOUND
1562923723,50c9509d-22c7-4a22-a47d-8c48425ef4a7,https://www.inaturalist.org/observations/6173967,,Washington,48.700278,-121.210556,,,,2015-08-08T07:27,2015,HUMAN_OBSERVATION,iNaturalist,Observations,6173967,Michael A. Alcorn,COORDINATE_ROUNDED;CONTINENT_DERIVED_FROM_COORDINATES;TAXON_ID_NOT_FOUND
1562878851,50c9509d-22c7-4a22-a47d-8c48425ef4a7,http://www.inaturalist.org/observations/4087848,,Washington,48.843422,-121.676917,,,,2016-09-10T10:14,2016,HUMAN_OBSERVATION,iNaturalist,Observations,4087848,Old Goat,COORDINATE_ROUNDED;CONTINENT_DERIVED_FROM_COORDINATES;TAXON_ID_NOT_FOUND
1457636391,50c9509d-22c7-4a22-a47d-8c48425ef4a7,https://www.inaturalist.org/observations/5655828,,Washington,46.931918,-121.674639,299.0,,,2015-10-11T13:23,2015,HUMAN_OBSERVATION,iNaturalist,Observations,5655828,Brandon Hawn,COORDINATE_ROUNDED;CONTINENT_DERIVED_FROM_COORDINATES;TAXON_ID_NOT_FOUND
1457636348,50c9509d-22c7-4a22-a47d-8c48425ef4a7,https://www.inaturalist.org/observations/5655638,,Washington,46.803618,-121.535027,572.0,,,2016-07-04T15:36,2016,HUMAN_OBSERVATION,iNaturalist,Observations,5655638,Brandon Hawn,COORDINATE_ROUNDED;CONTINENT_DERIVED_FROM_COORDINATES;TAXON_ID_NOT_FOUND
1453360999,50c9509d-22c7-4a22-a47d-8c48425ef4a7,https://www.inaturalist.org/observations/4964183,,Washington,46.789777,-121.732403,21325.0,,,2010-09-03T05:52,2010,HUMAN_OBSERVATION,iNaturalist,Observations,4964183,Drew T Henderson,COORDINATE_ROUNDED;CONTINENT_DERIVED_FROM_COORDINATES;TAXON_ID_NOT_FOUND
1323030730,50c9509d-22c7-4a22-a47d-8c48425ef4a7,http://www.inaturalist.org/observations/4270917,,Washington,46.735942,-121.565875,21.0,,,2016-09-27T09:45,2016,HUMAN_OBSERVATION,iNaturalist,Observations,4270917,titmouse58,COORDINATE_ROUNDED;CONTINENT_DERIVED_FROM_COORDINATES;TAXON_ID_NOT_FOUND
1323030697,50c9509d-22c7-4a22-a47d-8c48425ef4a7,http://www.inaturalist.org/observations/4270795,,Washington,46.919196,-121.66332,,,,2016-09-26T11:05,2016,HUMAN_OBSERVATION,iNaturalist,Observations,4270795,titmouse58,COORDINATE_ROUNDED;CONTINENT_DERIVED_FROM_COORDINATES;TAXON_ID_NOT_FOUND
1323030255,50c9509d-22c7-4a22-a47d-8c48425ef4a7,http://www.inaturalist.org/observations/4269103,,Washington,46.769616,-121.737764,55.0,,,2016-09-20T16:43:33,2016,HUMAN_OBSERVATION,iNaturalist,Observations,4269103,Zach Hawn,CONTINENT_DERIVED_FROM_COORDINATES;TAXON_ID_NOT_FOUND
1323030126,50c9509d-22c7-4a22-a47d-8c48425ef4a7,http://www.inaturalist.org/observations/4268913,,Washington,47.464424,-120.944645,55.0,,,2016-10-02T14:12:33,2016,HUMAN_OBSERVATION,iNaturalist,Observations,4268913,Zach Hawn,CONTINENT_DERIVED_FROM_COORDINATES;TAXON_ID_NOT_FOUND
1323030106,50c9509d-22c7-4a22-a47d-8c48425ef4a7,http://www.inaturalist.org/observations/4268914,,Washington,47.466078,-120.941212,55.0,,,2016-10-02T14:08:25,2016,HUMAN_OBSERVATION,iNaturalist,Observations,4268914,Zach Hawn,CONTINENT_DERIVED_FROM_COORDINATES;TAXON_ID_NOT_FOUND
1323030091,50c9509d-22c7-4a22-a47d-8c48425ef4a7,http://www.inaturalist.org/observations/4269106,,Washington,46.769616,-121.737764,55.0,,,2016-09-20T16:30:40,2016,HUMAN_OBSERVATION,iNaturalist,Observations,4269106,Zach Hawn,CONTINENT_DERIVED_FROM_COORDINATES;TAXON_ID_NOT_FOUND
1323030089,50c9509d-22c7-4a22-a47d-8c48425ef4a7,http://www.inaturalist.org/observations/4269104,,Washington,46.769616,-121.737764,55.0,,,2016-09-20T16:38:20,2016,HUMAN_OBSERVATION,iNaturalist,Observations,4269104,Zach Hawn,CONTINENT_DERIVED_FROM_COORDINATES;TAXON_ID_NOT_FOUND
1323030079,50c9509d-22c7-4a22-a47d-8c48425ef4a7,http://www.inaturalist.org/observations/4268910,,Washington,47.465149,-120.944259,55.0,,,2016-10-02T15:55:11,2016,HUMAN_OBSERVATION,iNaturalist,Observations,4268910,Zach Hawn,CONTINENT_DERIVED_FROM_COORDINATES;TAXON_ID_NOT_FOUND
1323021030,50c9509d-22c7-4a22-a47d-8c48425ef4a7,http://www.inaturalist.org/observations/4240903,,Washington,46.77751,-121.735113,3.0,,,2016-09-20T16:26:29,2016,HUMAN_OBSERVATION,iNaturalist,Observations,4240903,Zach Hawn,CONTINENT_DERIVED_FROM_COORDINATES;TAXON_ID_NOT_FOUND
1323017618,50c9509d-22c7-4a22-a47d-8c48425ef4a7,http://www.inaturalist.org/observations/4229045,,Washington,46.919303,-121.653714,31.0,,,2016-09-18T12:37,2016,HUMAN_OBSERVATION,iNaturalist,Observations,4229045,Mike,COORDINATE_ROUNDED;CONTINENT_DERIVED_FROM_COORDINATES;TAXON_ID_NOT_FOUND
1323012830,50c9509d-22c7-4a22-a47d-8c48425ef4a7,http://www.inaturalist.org/observations/4212988,,Washington,46.919156,-121.664593,31.0,,,2016-09-11T13:13,2016,HUMAN_OBSERVATION,iNaturalist,Observations,4212988,Mike,COORDINATE_ROUNDED;CONTINENT_DERIVED_FROM_COORDINATES;TAXON_ID_NOT_FOUND
1322154262,821cc27a-e3bb-4bc5-ac34-89ada245069d,http://n2t.net/ark:/65665/3db10e68d-4a7e-4969-ba52-5e2f611f4bc0,"Ellensburg, 0.5 Mi N, 18 Mi W Manastash Canyon",Washington,47.0208,-120.932,,,,2001-08-21,2001,PRESERVED_SPECIMEN,USNM,MAMM,USNM 568433,C. Gebhard,GEODETIC_DATUM_ASSUMED_WGS84;OCCURRENCE_STATUS_INFERRED_FROM_INDIVIDUAL_COUNT
1318160760,821cc27a-e3bb-4bc5-ac34-89ada245069d,http://n2t.net/ark:/65665/32a5f5b56-eb99-4fb3-89e3-bf06825bd6fc,"Ellensburg, 0.5 mi N, 18 mi W, Manastash Canyon",Washington,47.0208,-120.932,,,,2001-08-21,2001,PRESERVED_SPECIMEN,USNM,MAMM,USNM 568437,C. Gebhard,GEODETIC_DATUM_ASSUMED_WGS84;OCCURRENCE_STATUS_INFERRED_FROM_INDIVIDUAL_COUNT
1317713527,821cc27a-e3bb-4bc5-ac34-89ada245069d,http://n2t.net/ark:/65665/316993f92-98f3-43ce-9fc1-327d4de8c68e,"Ellensburg, 2 Mi N, 18,5 Mi W Buck Meadows",Washington,47.0294,-120.936,,1280.0,,2001-08-21,2001,PRESERVED_SPECIMEN,USNM,MAMM,USNM 568436,C. Gebhard,GEODETIC_DATUM_ASSUMED_WGS84;OCCURRENCE_STATUS_INFERRED_FROM_INDIVIDUAL_COUNT
1315085389,50c9509d-22c7-4a22-a47d-8c48425ef4a7,http://www.inaturalist.org/observations/4172115,,Washington,48.705689,-120.94265,244.0,,,2016-08-23T10:38,2016,HUMAN_OBSERVATION,iNaturalist,Observations,4172115,Mike,COORDINATE_ROUNDED;CONTINENT_DERIVED_FROM_COORDINATES;TAXON_ID_NOT_FOUND
1315060021,50c9509d-22c7-4a22-a47d-8c48425ef4a7,http://www.inaturalist.org/observations/4084415,,Washington,47.718846,-121.170839,,,,2014-09-09T12:43,2014,HUMAN_OBSERVATION,iNaturalist,Observations,4084415,Kate Turner,COORDINATE_ROUNDED;CONTINENT_DERIVED_FROM_COORDINATES;TAXON_ID_NOT_FOUND
1315059946,50c9509d-22c7-4a22-a47d-8c48425ef4a7,http://www.inaturalist.org/observations/4084254,,Washington,47.747373,-121.127268,1458.0,,,2015-09-27T10:32,2015,HUMAN_OBSERVATION,iNaturalist,Observations,4084254,Kate Turner,COORDINATE_ROUNDED;CONTINENT_DERIVED_FROM_COORDINATES;TAXON_ID_NOT_FOUND
1315058958,50c9509d-22c7-4a22-a47d-8c48425ef4a7,http://www.inaturalist.org/observations/4081957,,Washington,48.486455,-120.758972,7813.0,,,2016-09-04,2016,HUMAN_OBSERVATION,iNaturalist,Observations,4081957,rrichter,COORDINATE_ROUNDED;CONTINENT_DERIVED_FROM_COORDINATES;TAXON_ID_NOT_FOUND
1305154508,50c9509d-22c7-4a22-a47d-8c48425ef4a7,http://www.inaturalist.org/observations/3938410,,Washington,46.917236,-121.680703,8.0,,,2016-08-04T10:04,2016,HUMAN_OBSERVATION,iNaturalist,Observations,3938410,Mike,COORDINATE_ROUNDED;CONTINENT_DERIVED_FROM_COORDINATES;TAXON_ID_NOT_FOUND
1305154502,50c9509d-22c7-4a22-a47d-8c48425ef4a7,http://www.inaturalist.org/observations/3938369,,Washington,46.919156,-121.664164,15.0,,,2016-08-04T09:10,2016,HUMAN_OBSERVATION,iNaturalist,Observations,3938369,Mike,COORDINATE_ROUNDED;CONTINENT_DERIVED_FROM_COORDINATES;TAXON_ID_NOT_FOUND
1305131873,50c9509d-22c7-4a22-a47d-8c48425ef4a7,http://www.inaturalist.org/observations/3874359,,Washington,48.511064,-120.745647,14.0,,,2016-06-26,2016,HUMAN_OBSERVATION,iNaturalist,Observations,3874359,John Soltys,COORDINATE_ROUNDED;CONTINENT_DERIVED_FROM_COORDINATES;TAXON_ID_NOT_FOUND
1305131831,50c9509d-22c7-4a22-a47d-8c48425ef4a7,http://www.inaturalist.org/observations/3874341,,Washington,48.51111,-120.74599,,,,2016-06-26,2016,HUMAN_OBSERVATION,iNaturalist,Observations,3874341,John Soltys,CONTINENT_DERIVED_FROM_COORDINATES;TAXON_ID_NOT_FOUND
1305131760,50c9509d-22c7-4a22-a47d-8c48425ef4a7,http://www.inaturalist.org/observations/3874311,,Washington,48.510226,-120.746645,,,,2016-06-26,2016,HUMAN_OBSERVATION,iNaturalist,Observations,3874311,John Soltys,CONTINENT_DERIVED_FROM_COORDINATES;TAXON_ID_NOT_FOUND
1269563864,50c9509d-22c7-4a22-a47d-8c48425ef4a7,http://www.inaturalist.org/observations/3193913,,Washington,46.791201,-121.782146,363.0,,,2016-05-16,2016,HUMAN_OBSERVATION,iNaturalist,Observations,3193913,Zach Hawn,CONTINENT_DERIVED_FROM_COORDINATES;TAXON_ID_NOT_FOUND
1269563816,50c9509d-22c7-4a22-a47d-8c48425ef4a7,http://www.inaturalist.org/observations/3193916,,Washington,46.791201,-121.782146,363.0,,,2016-05-16,2016,HUMAN_OBSERVATION,iNaturalist,Observations,3193916,Zach Hawn,CONTINENT_DERIVED_FROM_COORDINATES;TAXON_ID_NOT_FOUND
1269563795,50c9509d-22c7-4a22-a47d-8c48425ef4a7,http://www.inaturalist.org/observations/3193921,,Washington,46.791201,-121.782146,363.0,,,2016-05-16,2016,HUMAN_OBSERVATION,iNaturalist,Observations,3193921,Zach Hawn,CONTINENT_DERIVED_FROM_COORDINATES;TAXON_ID_NOT_FOUND
1269563760,50c9509d-22c7-4a22-a47d-8c48425ef4a7,http://www.inaturalist.org/observations/3193918,,Washington,46.791201,-121.782146,363.0,,,2016-05-16,2016,HUMAN_OBSERVATION,iNaturalist,Observations,3193918,Zach Hawn,CONTINENT_DERIVED_FROM_COORDINATES;TAXON_ID_NOT_FOUND
1262405180,96275bf2-8999-4869-95d5-4903a84391b0,urn:catalog:UAZ:Mammals:UAZ 14087,"Ellensburg (20 mi. W Quartz) el. 5500 est., rockslide on Quartz Mt., 20 west of Ellensburg",Washington,46.99573,-120.972344,,,,1963-08-10,1963,PRESERVED_SPECIMEN,UAZ,Mammals,UAZ 14087,"Baepler, Toews;DRT 30",
1211981781,50c9509d-22c7-4a22-a47d-8c48425ef4a7,http://www.inaturalist.org/observations/2328612,,Washington,47.439815,-121.385912,44.0,,,2015-10-04T10:00,2015,HUMAN_OBSERVATION,iNaturalist,Observations,2328612,John Soltys,CONTINENT_DERIVED_FROM_COORDINATES;TAXON_ID_NOT_FOUND
1211975249,50c9509d-22c7-4a22-a47d-8c48425ef4a7,http://www.inaturalist.org/observations/2197170,,Washington,46.935379,-121.866581,,,,2015-10-11,2015,HUMAN_OBSERVATION,iNaturalist,Observations,2197170,Mike,CONTINENT_DERIVED_FROM_COORDINATES;TAXON_ID_NOT_FOUND
1211972916,50c9509d-22c7-4a22-a47d-8c48425ef4a7,http://www.inaturalist.org/observations/1943235,,Washington,47.990482,-121.453381,4.0,,,2015-08-23,2015,HUMAN_OBSERVATION,iNaturalist,Observations,1943235,John Soltys,CONTINENT_DERIVED_FROM_COORDINATES;TAXON_ID_NOT_FOUND
1211972914,50c9509d-22c7-4a22-a47d-8c48425ef4a7,http://www.inaturalist.org/observations/1942687,,Washington,47.99022,-121.453493,10.0,,,2015-08-23,2015,HUMAN_OBSERVATION,iNaturalist,Observations,1942687,John Soltys,CONTINENT_DERIVED_FROM_COORDINATES;TAXON_ID_NOT_FOUND
1211972912,50c9509d-22c7-4a22-a47d-8c48425ef4a7,http://www.inaturalist.org/observations/1943296,,Washington,47.992159,-121.452506,6.0,,,2015-08-23,2015,HUMAN_OBSERVATION,iNaturalist,Observations,1943296,John Soltys,CONTINENT_DERIVED_FROM_COORDINATES;TAXON_ID_NOT_FOUND
1211851416,bb109a7a-6c5a-4cad-a1b9-b750016e9d82,D5E8A898E0192,Chinook Pass,Washington,46.9,-121.5,,,,1968-06-30,1968,PRESERVED_SPECIMEN,ROM,ROMM,ROMM59736,"Christensen, JR",GEODETIC_DATUM_INVALID;GEODETIC_DATUM_ASSUMED_WGS84;CONTINENT_DERIVED_FROM_COORDINATES;OCCURRENCE_STATUS_INFERRED_FROM_INDIVIDUAL_COUNT
1144981225,50c9509d-22c7-4a22-a47d-8c48425ef4a7,http://www.inaturalist.org/observations/2197158,,Washington,46.935051,-121.86644,4.0,,,2015-10-11,2015,HUMAN_OBSERVATION,iNaturalist,Observations,2197158,Mike,CONTINENT_DERIVED_FROM_COORDINATES;TAXON_ID_NOT_FOUND
1144980858,50c9509d-22c7-4a22-a47d-8c48425ef4a7,http://www.inaturalist.org/observations/2188770,,Washington,48.891891,-121.534616,,,,2015-08-24,2015,HUMAN_OBSERVATION,iNaturalist,Observations,2188770,rockybajada,CONTINENT_DERIVED_FROM_COORDINATES;TAXON_ID_NOT_FOUND
1144285409,50c9509d-22c7-4a22-a47d-8c48425ef4a7,http://www.inaturalist.org/observations/2120788,,Washington,46.755534,-121.701734,10.0,,,2015-10-14,2015,HUMAN_OBSERVATION,iNaturalist,Observations,2120788,Zach Hawn,CONTINENT_DERIVED_FROM_COORDINATES;TAXON_ID_NOT_FOUND
1143533581,50c9509d-22c7-4a22-a47d-8c48425ef4a7,http://www.inaturalist.org/observations/1921549,,Washington,46.919359,-121.665068,11.0,,,2015-09-05,2015,HUMAN_OBSERVATION,iNaturalist,Observations,1921549,Zach Hawn,CONTINENT_DERIVED_FROM_COORDINATES;TAXON_ID_NOT_FOUND
1099976854,50c9509d-22c7-4a22-a47d-8c48425ef4a7,http://www.inaturalist.org/observations/1737612,,Washington,47.472438,-121.47436,30.0,,,2015-06-25T20:00,2015,HUMAN_OBSERVATION,iNaturalist,Observations,1737612,John Soltys,CONTINENT_DERIVED_FROM_COORDINATES;TAXON_ID_NOT_FOUND
1099970214,50c9509d-22c7-4a22-a47d-8c48425ef4a7,http://www.inaturalist.org/observations/1718085,,Washington,46.919141,-121.664532,11.0,,,2015-07-02,2015,HUMAN_OBSERVATION,iNaturalist,Observations,1718085,Zach Hawn,CONTINENT_DERIVED_FROM_COORDINATES;TAXON_ID_NOT_FOUND
1098898315,50c9509d-22c7-4a22-a47d-8c48425ef4a7,http://www.inaturalist.org/observations/1575768,,Washington,46.791624,-121.778686,233.0,,,2015-05-25,2015,HUMAN_OBSERVATION,iNaturalist,Observations,1575768,Zach Hawn,CONTINENT_DERIVED_FROM_COORDINATES;TAXON_ID_NOT_FOUND
1092889267,50c9509d-22c7-4a22-a47d-8c48425ef4a7,http://www.inaturalist.org/observations/1518648,,Washington,46.795359,-121.779349,407.0,,,2015-05-18,2015,HUMAN_OBSERVATION,iNaturalist,Observations,1518648,Zach Hawn,CONTINENT_DERIVED_FROM_COORDINATES;TAXON_ID_NOT_FOUND
1092889244,50c9509d-22c7-4a22-a47d-8c48425ef4a7,http://www.inaturalist.org/observations/1518647,,Washington,46.795359,-121.779349,407.0,,,2015-05-18,2015,HUMAN_OBSERVATION,iNaturalist,Observations,1518647,Zach Hawn,CONTINENT_DERIVED_FROM_COORDINATES;TAXON_ID_NOT_FOUND
1065410417,7a25f7aa-03fb-4322-aaeb-66719e1a9527,d0bb4b9a-8a3f-47ac-b24e-876a3d4d1966,Windy Peak,Washington,48.93,-119.97,818.0,,,1947-07-16,1947,PRESERVED_SPECIMEN,LACM,Mammals,10532,"Hudson, G E",GEODETIC_DATUM_ASSUMED_WGS84;CONTINENT_DERIVED_FROM_COORDINATES
1065408283,7a25f7aa-03fb-4322-aaeb-66719e1a9527,cb4923cd-2ffe-4490-8245-ea358fde785d,Lower Crag Lake,Washington,46.77,-121.43,335.0,,,1962-09-05,1962,PRESERVED_SPECIMEN,LACM,Mammals,70395,"Armstrong, F H",GEODETIC_DATUM_ASSUMED_WGS84;CONTINENT_DERIVED_FROM_COORDINATES
1065389361,7a25f7aa-03fb-4322-aaeb-66719e1a9527,99741af2-af62-495c-b92b-9e11a221524b,Rattlesnake Creek,Washington,46.47,-120.92,5807.0,,,1962-06-06,1962,PRESERVED_SPECIMEN,LACM,Mammals,18947,"Armstrong, F H",GEODETIC_DATUM_ASSUMED_WGS84;CONTINENT_DERIVED_FROM_COORDINATES
1065376513,7a25f7aa-03fb-4322-aaeb-66719e1a9527,775fd1ee-237e-4068-b5ce-3e89ab45fb39,Loomis,Washington,48.82,-119.63,1783.0,,,1918-07-22,1918,PRESERVED_SPECIMEN,LACM,Mammals,21800,"Jewett, S G",GEODETIC_DATUM_ASSUMED_WGS84;CONTINENT_DERIVED_FROM_COORDINATES
1065340415,7a25f7aa-03fb-4322-aaeb-66719e1a9527,18f599c9-7253-42f2-983f-a0119f7b6d0b,American River,Washington,46.93,-121.35,15141.0,,,1969-12-03,1969,PRESERVED_SPECIMEN,LACM,Mammals,93730,"Christensen, J R",GEODETIC_DATUM_ASSUMED_WGS84;CONTINENT_DERIVED_FROM_COORDINATES
1065333544,7a25f7aa-03fb-4322-aaeb-66719e1a9527,074e9a1f-bab5-4ebc-89c6-e050622f16f7,Pika Mt Aix,Washington,46.8,-121.26,2588.0,,,1958-09-03,1958,PRESERVED_SPECIMEN,LACM,Mammals,10662,"Armstrong, F H",GEODETIC_DATUM_ASSUMED_WGS84;CONTINENT_DERIVED_FROM_COORDINATES
1039523714,854f602e-f762-11e1-a439-00145eb45e9a,urn:uuid:99c8f48e-849c-4145-928f-0fa99daf35e3,Keechelus,Washington,47.3167,-121.3333,1850.0,,,1917-08-22,1917,PRESERVED_SPECIMEN,YPM,VZ,YPM MAM 000357,George G. Cantwell,OCCURRENCE_STATUS_INFERRED_FROM_INDIVIDUAL_COUNT;INSTITUTION_MATCH_FUZZY
1038333885,50c9509d-22c7-4a22-a47d-8c48425ef4a7,http://www.inaturalist.org/observations/1020782,,Washington,46.789247,-121.732292,433.0,,,2014-08-16,2014,HUMAN_OBSERVATION,iNaturalist,Observations,1020782,Marv Elliott,CONTINENT_DERIVED_FROM_COORDINATES;TAXON_ID_NOT_FOUND
1024331863,50c9509d-22c7-4a22-a47d-8c48425ef4a7,http://www.inaturalist.org/observations/900726,,Washington,46.915662,-121.677471,11.0,,,2014-09-28,2014,HUMAN_OBSERVATION,iNaturalist,Observations,900726,Zach Hawn,CONTINENT_DERIVED_FROM_COORDINATES;TAXON_ID_NOT_FOUND
1024331849,50c9509d-22c7-4a22-a47d-8c48425ef4a7,http://www.inaturalist.org/observations/900722,,Washington,46.919239,-121.664646,5.0,,,2014-09-28,2014,HUMAN_OBSERVATION,iNaturalist,Observations,900722,Zach Hawn,CONTINENT_DERIVED_FROM_COORDINATES;TAXON_ID_NOT_FOUND
1024331839,50c9509d-22c7-4a22-a47d-8c48425ef4a7,http://www.inaturalist.org/observations/900724,,Washington,46.919239,-121.664646,5.0,,,2014-09-28,2014,HUMAN_OBSERVATION,iNaturalist,Observations,900724,Zach Hawn,CONTINENT_DERIVED_FROM_COORDINATES;TAXON_ID_NOT_FOUND
1024232100,50c9509d-22c7-4a22-a47d-8c48425ef4a7,http://www.inaturalist.org/observations/893723,,Washington,46.919425,-121.665248,4.0,,,2014-09-20,2014,HUMAN_OBSERVATION,iNaturalist,Observations,893723,John Soltys,CONTINENT_DERIVED_FROM_COORDINATES;TAXON_ID_NOT_FOUND
1024225658,50c9509d-22c7-4a22-a47d-8c48425ef4a7,http://www.inaturalist.org/observations/873465,,Washington,46.869035,-121.520121,9.0,,,2014-09-12T12:26:49,2014,HUMAN_OBSERVATION,iNaturalist,Observations,873465,dgwerntz,COORDINATE_ROUNDED;CONTINENT_DERIVED_FROM_COORDINATES;TAXON_ID_NOT_FOUND
1024225231,50c9509d-22c7-4a22-a47d-8c48425ef4a7,http://www.inaturalist.org/observations/871597,,Washington,46.762575,-121.733358,9.0,,,2014-09-11T10:59:36,2014,HUMAN_OBSERVATION,iNaturalist,Observations,871597,dgwerntz,COORDINATE_ROUNDED;CONTINENT_DERIVED_FROM_COORDINATES;TAXON_ID_NOT_FOUND
1024224191,50c9509d-22c7-4a22-a47d-8c48425ef4a7,http://www.inaturalist.org/observations/869465,,Washington,46.919339,-121.664819,,,,2014-08-04,2014,HUMAN_OBSERVATION,iNaturalist,Observations,869465,Zach Hawn,CONTINENT_DERIVED_FROM_COORDINATES;TAXON_ID_NOT_FOUND
1024223621,50c9509d-22c7-4a22-a47d-8c48425ef4a7,http://www.inaturalist.org/observations/868211,,Washington,46.919244,-121.664603,1.0,,,2014-07-25,2014,HUMAN_OBSERVATION,iNaturalist,Observations,868211,Zach Hawn,CONTINENT_DERIVED_FROM_COORDINATES;TAXON_ID_NOT_FOUND
1024223125,50c9509d-22c7-4a22-a47d-8c48425ef4a7,http://www.inaturalist.org/observations/867111,,Washington,46.755664,-121.778984,1486.0,,,2006-08-26,2006,HUMAN_OBSERVATION,iNaturalist,Observations,867111,Lindsey K. Wise,CONTINENT_DERIVED_FROM_COORDINATES;TAXON_ID_NOT_FOUND
1024222434,50c9509d-22c7-4a22-a47d-8c48425ef4a7,http://www.inaturalist.org/observations/865063,,Washington,46.917138,-121.679684,,,,2014-09-02,2014,HUMAN_OBSERVATION,iNaturalist,Observations,865063,Zach Hawn,CONTINENT_DERIVED_FROM_COORDINATES;TAXON_ID_NOT_FOUND
1024209308,50c9509d-22c7-4a22-a47d-8c48425ef4a7,http://www.inaturalist.org/observations/830871,,Washington,47.424719,-121.583548,25.0,,,2014-08-13T17:00,2014,HUMAN_OBSERVATION,iNaturalist,Observations,830871,John Soltys,CONTINENT_DERIVED_FROM_COORDINATES;TAXON_ID_NOT_FOUND
911507490,50c9509d-22c7-4a22-a47d-8c48425ef4a7,http://www.inaturalist.org/observations/728199,,Washington,48.000988,-121.424204,3733.0,,,2014-06-08,2014,HUMAN_OBSERVATION,iNaturalist,Observations,728199,Justin Dewolf,CONTINENT_DERIVED_FROM_COORDINATES;TAXON_ID_NOT_FOUND
911496161,50c9509d-22c7-4a22-a47d-8c48425ef4a7,http://www.inaturalist.org/observations/692328,,Washington,47.751074,-120.740139,16917.0,,,1992-07-14,1992,HUMAN_OBSERVATION,iNaturalist,Observations,692328,robertgeorge,CONTINENT_DERIVED_FROM_COORDINATES;TAXON_ID_NOT_FOUND
911491266,50c9509d-22c7-4a22-a47d-8c48425ef4a7,http://www.inaturalist.org/observations/375542,,Washington,46.914831,-121.642317,2964.0,,,2007-07-27,2007,HUMAN_OBSERVATION,iNaturalist,Observations,375542,Filip Tkaczyk,CONTINENT_DERIVED_FROM_COORDINATES;TAXON_ID_NOT_FOUND
891769194,50c9509d-22c7-4a22-a47d-8c48425ef4a7,http://www.inaturalist.org/observations/469668,,Washington,46.757034,-121.736283,268.0,,,2009-10-03,2009,HUMAN_OBSERVATION,iNaturalist,Observations,469668,redhat,CONTINENT_DERIVED_FROM_COORDINATES;TAXON_ID_NOT_FOUND
891763531,50c9509d-22c7-4a22-a47d-8c48425ef4a7,http://www.inaturalist.org/observations/457905,,Washington,46.473722,-121.432194,,,,2013-09-02,2013,HUMAN_OBSERVATION,iNaturalist,Observations,457905,Ryan Brown,CONTINENT_DERIVED_FROM_COORDINATES;TAXON_ID_NOT_FOUND
891763520,50c9509d-22c7-4a22-a47d-8c48425ef4a7,http://www.inaturalist.org/observations/457911,,Washington,46.473278,-121.431889,,,,2013-09-02,2013,HUMAN_OBSERVATION,iNaturalist,Observations,457911,Ryan Brown,CONTINENT_DERIVED_FROM_COORDINATES;TAXON_ID_NOT_FOUND
891763434,50c9509d-22c7-4a22-a47d-8c48425ef4a7,http://www.inaturalist.org/observations/457842,,Washington,46.804194,-121.458389,,,,2013-09-05,2013,HUMAN_OBSERVATION,iNaturalist,Observations,457842,Ryan Brown,CONTINENT_DERIVED_FROM_COORDINATES;TAXON_ID_NOT_FOUND
891760925,50c9509d-22c7-4a22-a47d-8c48425ef4a7,http://www.inaturalist.org/observations/453051,,Washington,47.461752,-121.642926,,,,2013-11-10T11:44:14,2013,HUMAN_OBSERVATION,iNaturalist,Observations,453051,John Soltys,CONTINENT_DERIVED_FROM_COORDINATES;TAXON_ID_NOT_FOUND
891747072,50c9509d-22c7-4a22-a47d-8c48425ef4a7,http://www.inaturalist.org/observations/416744,,Washington,47.46703,-121.34558,,,,2013-09-10,2013,HUMAN_OBSERVATION,iNaturalist,Observations,416744,Ryan Brown,CONTINENT_DERIVED_FROM_COORDINATES;TAXON_ID_NOT_FOUND
891746995,50c9509d-22c7-4a22-a47d-8c48425ef4a7,http://www.inaturalist.org/observations/416736,,Washington,47.44825,-121.38128,,,,2013-09-10,2013,HUMAN_OBSERVATION,iNaturalist,Observations,416736,Ryan Brown,CONTINENT_DERIVED_FROM_COORDINATES;TAXON_ID_NOT_FOUND
891746656,50c9509d-22c7-4a22-a47d-8c48425ef4a7,http://www.inaturalist.org/observations/415448,,Washington,47.58131,-121.15839,,,,2013-09-12,2013,HUMAN_OBSERVATION,iNaturalist,Observations,415448,Ryan Brown,CONTINENT_DERIVED_FROM_COORDINATES;TAXON_ID_NOT_FOUND
891746559,50c9509d-22c7-4a22-a47d-8c48425ef4a7,http://www.inaturalist.org/observations/415192,,Washington,47.832333,-121.118806,,,,2013-09-15,2013,HUMAN_OBSERVATION,iNaturalist,Observations,415192,Ryan Brown,CONTINENT_DERIVED_FROM_COORDINATES;TAXON_ID_NOT_FOUND
891741766,50c9509d-22c7-4a22-a47d-8c48425ef4a7,http://www.inaturalist.org/observations/400926,,Washington,48.184,-120.8958,3.0,,,2013-08-19,2013,HUMAN_OBSERVATION,iNaturalist,Observations,400926,Saint George's School Spokane,CONTINENT_DERIVED_FROM_COORDINATES;TAXON_ID_NOT_FOUND
891741738,50c9509d-22c7-4a22-a47d-8c48425ef4a7,http://www.inaturalist.org/observations/400929,,Washington,48.184,-120.8958,3.0,,,2013-08-19,2013,HUMAN_OBSERVATION,iNaturalist,Observations,400929,Saint George's School Spokane,CONTINENT_DERIVED_FROM_COORDINATES;TAXON_ID_NOT_FOUND
891738089,50c9509d-22c7-4a22-a47d-8c48425ef4a7,http://www.inaturalist.org/observations/391559,,Washington,47.447548,-121.41485,2.0,,,2013-09-07T18:44:59,2013,HUMAN_OBSERVATION,iNaturalist,Observations,391559,John Soltys,CONTINENT_DERIVED_FROM_COORDINATES;TAXON_ID_NOT_FOUND
891737611,50c9509d-22c7-4a22-a47d-8c48425ef4a7,http://www.inaturalist.org/observations/390819,,Washington,46.917192,-121.679699,4.0,,,2013-08-18T13:19:33,2013,HUMAN_OBSERVATION,iNaturalist,Observations,390819,John Soltys,CONTINENT_DERIVED_FROM_COORDINATES;TAXON_ID_NOT_FOUND
891737595,50c9509d-22c7-4a22-a47d-8c48425ef4a7,http://www.inaturalist.org/observations/390834,,Washington,47.381591,-121.336342,3.0,,,2008-09-27,2008,HUMAN_OBSERVATION,iNaturalist,Observations,390834,John Soltys,CONTINENT_DERIVED_FROM_COORDINATES;TAXON_ID_NOT_FOUND
891736899,50c9509d-22c7-4a22-a47d-8c48425ef4a7,http://www.inaturalist.org/observations/389235,,Washington,46.929299,-121.689099,,,,2013-08-17T19:38:50,2013,HUMAN_OBSERVATION,iNaturalist,Observations,389235,John Soltys,CONTINENT_DERIVED_FROM_COORDINATES;TAXON_ID_NOT_FOUND
891724831,50c9509d-22c7-4a22-a47d-8c48425ef4a7,http://www.inaturalist.org/observations/360733,,Washington,46.03126,-121.9765,,,,2013-08-08,2013,HUMAN_OBSERVATION,iNaturalist,Observations,360733,Linda Jo Hunter,CONTINENT_DERIVED_FROM_COORDINATES;TAXON_ID_NOT_FOUND
891097163,50c9509d-22c7-4a22-a47d-8c48425ef4a7,http://www.inaturalist.org/observations/122715,,Washington,47.453336,-121.280339,5.0,,,2012-09-12T17:58:29,2012,HUMAN_OBSERVATION,iNaturalist,Observations,122715,jace,CONTINENT_DERIVED_FROM_COORDINATES;TAXON_ID_NOT_FOUND
891087783,50c9509d-22c7-4a22-a47d-8c48425ef4a7,http://www.inaturalist.org/observations/98262,,Washington,47.279193,-120.416339,,,,2012-06-28,2012,HUMAN_OBSERVATION,iNaturalist,Observations,98262,pa4theking,COORDINATE_ROUNDED;CONTINENT_DERIVED_FROM_COORDINATES;TAXON_ID_NOT_FOUND
812657346,8eddc200-f535-4c65-9b4d-f723eafe607e,urn:catalog:PSM:Mammal:Mammal-21029,HA Hanson Dam,Washington,47.3175158,-120.6928315,174.0,,,1967-06-15,1967,PRESERVED_SPECIMEN,PSM,,Mammal-21029,D. K. Seavy,COORDINATE_REPROJECTED;COLLECTION_MATCH_NONE;INSTITUTION_MATCH_FUZZY
812647160,8eddc200-f535-4c65-9b4d-f723eafe607e,urn:catalog:PSM:Mammal:Mammal-10321,Crystal Mountain Hill,Washington,46.9280598,-121.4797942,657.0,,,1966-04-22,1966,PRESERVED_SPECIMEN,PSM,,Mammal-10321,M. L. Johnson,COORDINATE_REPROJECTED;COLLECTION_MATCH_NONE;INSTITUTION_MATCH_FUZZY
812646889,8eddc200-f535-4c65-9b4d-f723eafe607e,urn:catalog:PSM:Mammal:Mammal-10096,"North Puyallup Valley, Mount Rainier National Park",Washington,46.84628,-121.89951,4357.0,,,1935-06-14,1935,PRESERVED_SPECIMEN,PSM,,Mammal-10096,E. A. Kitchin,COLLECTION_MATCH_NONE;INSTITUTION_MATCH_FUZZY
812646888,8eddc200-f535-4c65-9b4d-f723eafe607e,urn:catalog:PSM:Mammal:Mammal-10095,"Van Trump Trail, Mount Rainier National Park",Washington,46.7977875,-121.7789693,1300.0,,,1935-06-14,1935,PRESERVED_SPECIMEN,PSM,,Mammal-10095,A. A. Lindsay,COORDINATE_REPROJECTED;COLLECTION_MATCH_NONE;INSTITUTION_MATCH_FUZZY
812645913,8eddc200-f535-4c65-9b4d-f723eafe607e,urn:catalog:PSM:Mammal:Mammal-09552,"Rattlesnale Creek, Devils Slide",Washington,46.4683,-120.9188,5806.0,,,1962-07-31,1962,PRESERVED_SPECIMEN,PSM,,Mammal-09552,M. L. Johnson,COLLECTION_MATCH_NONE;INSTITUTION_MATCH_FUZZY
812645413,8eddc200-f535-4c65-9b4d-f723eafe607e,urn:catalog:PSM:Mammal:Mammal-08724,Mission Ridge,Washington,47.2916786,-120.3986632,2587.0,,,1952-10-27,1952,PRESERVED_SPECIMEN,PSM,,Mammal-08724,P. W. Cheney,COORDINATE_REPROJECTED;COLLECTION_MATCH_NONE;INSTITUTION_MATCH_FUZZY
812644545,8eddc200-f535-4c65-9b4d-f723eafe607e,urn:catalog:PSM:Mammal:Mammal-07952,"Spirit Lake, 3 mi W on hwy",Washington,46.264446,-122.2063146,9617.0,,,1946-06-26,1946,PRESERVED_SPECIMEN,PSM,,Mammal-07952,S. G. Jewett,COORDINATE_ROUNDED;COORDINATE_REPROJECTED;COLLECTION_MATCH_NONE;INSTITUTION_MATCH_FUZZY
812642587,8eddc200-f535-4c65-9b4d-f723eafe607e,urn:catalog:PSM:Mammal:Mammal-05954,Owyhigh Lake,Washington,46.866949,-121.5842356,174.0,,,1955-08-09,1955,PRESERVED_SPECIMEN,PSM,,Mammal-05954,M. L. Johnson,COORDINATE_REPROJECTED;COLLECTION_MATCH_NONE;INSTITUTION_MATCH_FUZZY
812642586,8eddc200-f535-4c65-9b4d-f723eafe607e,urn:catalog:PSM:Mammal:Mammal-05953,Owyhigh Lake,Washington,46.866949,-121.5842356,174.0,,,1955-08-09,1955,PRESERVED_SPECIMEN,PSM,,Mammal-05953,M. L. Johnson,COORDINATE_REPROJECTED;COLLECTION_MATCH_NONE;INSTITUTION_MATCH_FUZZY
812640633,8eddc200-f535-4c65-9b4d-f723eafe607e,urn:catalog:PSM:Mammal:Mammal-04191,Granite Pass,Washington,48.7825467,-117.0494318,817.0,,,1953-07-31,1953,PRESERVED_SPECIMEN,PSM,,Mammal-04191,M. L. Johnson & P. W. Cheney,COORDINATE_REPROJECTED;COLLECTION_MATCH_NONE;INSTITUTION_MATCH_FUZZY
812640632,8eddc200-f535-4c65-9b4d-f723eafe607e,urn:catalog:PSM:Mammal:Mammal-04190,Granite Pass,Washington,48.7825467,-117.0494318,817.0,,,1953-07-27,1953,PRESERVED_SPECIMEN,PSM,,Mammal-04190,M. L. Johnson & P. W. Cheney,COORDINATE_REPROJECTED;COLLECTION_MATCH_NONE;INSTITUTION_MATCH_FUZZY
812640631,8eddc200-f535-4c65-9b4d-f723eafe607e,urn:catalog:PSM:Mammal:Mammal-04189,Granite Pass,Washington,48.7825467,-117.0494318,817.0,,,1953-07-27,1953,PRESERVED_SPECIMEN,PSM,,Mammal-04189,M. L. Johnson & P. W. Cheney,COORDINATE_REPROJECTED;COLLECTION_MATCH_NONE;INSTITUTION_MATCH_FUZZY
812640623,8eddc200-f535-4c65-9b4d-f723eafe607e,urn:catalog:PSM:Mammal:Mammal-04187,Goat Ridge,Washington,46.4875115,-121.5078361,1461.0,,,1953-09-01,1953,PRESERVED_SPECIMEN,PSM,,Mammal-04187,D. Durham,COORDINATE_REPROJECTED;COLLECTION_MATCH_NONE;INSTITUTION_MATCH_FUZZY
812640622,8eddc200-f535-4c65-9b4d-f723eafe607e,urn:catalog:PSM:Mammal:Mammal-04186,Goat Ridge,Washington,46.4875115,-121.5078361,1461.0,,,1953-09-01,1953,PRESERVED_SPECIMEN,PSM,,Mammal-04186,D. Durham,COORDINATE_REPROJECTED;COLLECTION_MATCH_NONE;INSTITUTION_MATCH_FUZZY
812640492,8eddc200-f535-4c65-9b4d-f723eafe607e,urn:catalog:PSM:Mammal:Mammal-03779,Granite Pass,Washington,48.7825467,-117.0494318,817.0,,,1952-08-06,1952,PRESERVED_SPECIMEN,PSM,,Mammal-03779,M. L. Johnson & P. W. Cheney,COORDINATE_REPROJECTED;COLLECTION_MATCH_NONE;INSTITUTION_MATCH_FUZZY
812640491,8eddc200-f535-4c65-9b4d-f723eafe607e,urn:catalog:PSM:Mammal:Mammal-03778,Granite Pass,Washington,48.7825467,-117.0494318,817.0,,,1952-08-05,1952,PRESERVED_SPECIMEN,PSM,,Mammal-03778,M. L. Johnson & P. W. Cheney,COORDINATE_REPROJECTED;COLLECTION_MATCH_NONE;INSTITUTION_MATCH_FUZZY
812640490,8eddc200-f535-4c65-9b4d-f723eafe607e,urn:catalog:PSM:Mammal:Mammal-03777,Granite Pass,Washington,48.7825467,-117.0494318,817.0,,,1952-08-05,1952,PRESERVED_SPECIMEN,PSM,,Mammal-03777,M. L. Johnson & P. W. Cheney,COORDINATE_REPROJECTED;COLLECTION_MATCH_NONE;INSTITUTION_MATCH_FUZZY
812638355,8eddc200-f535-4c65-9b4d-f723eafe607e,urn:catalog:PSM:Mammal:Mammal-01560,Sherman Pass,Washington,48.6072539,-118.4791881,656.0,,,1947-07-20,1947,PRESERVED_SPECIMEN,PSM,,Mammal-01560,Clanton,COORDINATE_REPROJECTED;COLLECTION_MATCH_NONE;INSTITUTION_MATCH_FUZZY
812638170,8eddc200-f535-4c65-9b4d-f723eafe607e,urn:catalog:PSM:Mammal:Mammal-02147,"Table Mountain, Wenatchee National Forest",Washington,47.2433472,-120.5592164,1140.0,,,1949-08-14,1949,PRESERVED_SPECIMEN,PSM,,Mammal-02147,M. L. Johnson,COORDINATE_REPROJECTED;COLLECTION_MATCH_NONE;INSTITUTION_MATCH_FUZZY
812638096,8eddc200-f535-4c65-9b4d-f723eafe607e,urn:catalog:PSM:Mammal:Mammal-02148,"Table Mountain, Wenatchee National Forest",Washington,47.2433472,-120.5592164,1140.0,,,1949-08-14,1949,PRESERVED_SPECIMEN,PSM,,Mammal-02148,M. L. Johnson,COORDINATE_REPROJECTED;COLLECTION_MATCH_NONE;INSTITUTION_MATCH_FUZZY
812637134,8eddc200-f535-4c65-9b4d-f723eafe607e,urn:catalog:PSM:Mammal:Mammal-00612,"Spray Park, Mount Rainier National Park",Washington,46.9152865,-121.8253528,496.0,,,1910-08-29,1910,PRESERVED_SPECIMEN,PSM,,Mammal-00612,S. Warburton,COORDINATE_REPROJECTED;COLLECTION_MATCH_NONE;INSTITUTION_MATCH_FUZZY
812637133,8eddc200-f535-4c65-9b4d-f723eafe607e,urn:catalog:PSM:Mammal:Mammal-00611,"Sunset Park, Mount Rainier",Washington,46.8786161,-121.8889737,2910.0,,,1910-09-05,1910,PRESERVED_SPECIMEN,PSM,,Mammal-00611,S. Warburton,COORDINATE_REPROJECTED;COLLECTION_MATCH_NONE;INSTITUTION_MATCH_FUZZY
812637132,8eddc200-f535-4c65-9b4d-f723eafe607e,urn:catalog:PSM:Mammal:Mammal-00610,"Sunset Park, Mount Rainier",Washington,46.8786161,-121.8889737,2910.0,,,1910-09-03,1910,PRESERVED_SPECIMEN,PSM,,Mammal-00610,S. Warburton,COORDINATE_REPROJECTED;COLLECTION_MATCH_NONE;INSTITUTION_MATCH_FUZZY
812637119,8eddc200-f535-4c65-9b4d-f723eafe607e,urn:catalog:PSM:Mammal:Mammal-00558,"Chinook Pass, near Dewey Lake, Mount Rainier",Washington,46.8494504,-121.4484018,335.0,,,1934-10-06,1934,PRESERVED_SPECIMEN,PSM,,Mammal-00558,L. Munz,COORDINATE_REPROJECTED;COLLECTION_MATCH_NONE;INSTITUTION_MATCH_FUZZY
686474507,1d04e739-98a9-4e16-9970-8f8f3bf9e9e3,8f97f23a-1ed8-11e3-bfac-90b11c41863e,BOULDER CAVE,Washington,46.9575333,-121.0928947,0.6,,,1956-08-08,1956,PRESERVED_SPECIMEN,KU,KUM,147387,A Schwartz,COORDINATE_REPROJECTED
686474506,1d04e739-98a9-4e16-9970-8f8f3bf9e9e3,8f97f139-1ed8-11e3-bfac-90b11c41863e,"SCENIC, 1.5 MI E OF",Washington,47.7114306,-121.1231409,1.49,,,1956-08-12,1956,PRESERVED_SPECIMEN,KU,KUM,147386,A Schwartz,COORDINATE_REPROJECTED;RECORDED_DATE_INVALID
686474505,1d04e739-98a9-4e16-9970-8f8f3bf9e9e3,8f97f03e-1ed8-11e3-bfac-90b11c41863e,"SCENIC, 1.7 MI E OF",Washington,47.7114307,-121.1188508,1.4,,,1956-08-12,1956,PRESERVED_SPECIMEN,KU,KUM,147385,A Schwartz,COORDINATE_REPROJECTED;RECORDED_DATE_INVALID
686474504,1d04e739-98a9-4e16-9970-8f8f3bf9e9e3,8f97ef3a-1ed8-11e3-bfac-90b11c41863e,"SCENIC, 1.4 MI W OF",Washington,47.71143,-121.1853325,1.17,,,1956-08-10,1956,PRESERVED_SPECIMEN,KU,KUM,147384,SCHWARTZ A & HADDOCK C H,COORDINATE_REPROJECTED;RECORDED_DATE_INVALID
686382038,1d04e739-98a9-4e16-9970-8f8f3bf9e9e3,8b375964-1ed8-11e3-bfac-90b11c41863e,NACHES PASS,Washington,47.0869301,-121.3792047,0.1,,,1940-09-04,1940,PRESERVED_SPECIMEN,KU,KUM,52802,E S Booth,COORDINATE_REPROJECTED;RECORDED_DATE_INVALID
686351908,1d04e739-98a9-4e16-9970-8f8f3bf9e9e3,89c0329e-1ed8-11e3-bfac-90b11c41863e,"TYE, 1 MI NE OF",Washington,47.7593657,-121.1051354,1.44,,,1940-09-08,1940,PRESERVED_SPECIMEN,KU,KUM,22404,Walter W Dalquest,COORDINATE_ROUNDED;COORDINATE_REPROJECTED;RECORDED_DATE_INVALID
686351907,1d04e739-98a9-4e16-9970-8f8f3bf9e9e3,89c03155-1ed8-11e3-bfac-90b11c41863e,"NACHREES HWY, NEAR; MILK CREEK",Washington,46.9814332,-121.0903951,0.51,,,1940-09-13,1940,PRESERVED_SPECIMEN,KU,KUM,22403,Walter W Dalquest,COORDINATE_REPROJECTED
686351906,1d04e739-98a9-4e16-9970-8f8f3bf9e9e3,89c03007-1ed8-11e3-bfac-90b11c41863e,PASS POND; ROCK CREEK,Washington,48.4883648,-117.267322,71.0,,,1938-09-06,1938,PRESERVED_SPECIMEN,KU,KUM,22402,E S Booth,COORDINATE_REPROJECTED;RECORDED_DATE_INVALID
686351905,1d04e739-98a9-4e16-9970-8f8f3bf9e9e3,89c02eb9-1ed8-11e3-bfac-90b11c41863e,"NACHREES HWY, NEAR; MILK CREEK",Washington,46.9814332,-121.0903951,0.51,,,1940-09-13,1940,PRESERVED_SPECIMEN,KU,KUM,22401,Walter W Dalquest,COORDINATE_REPROJECTED
686351904,1d04e739-98a9-4e16-9970-8f8f3bf9e9e3,89c02d67-1ed8-11e3-bfac-90b11c41863e,"TYE, 2 MI NE OF",Washington,47.7696008,-121.0899602,1.65,,,1940-09-08,1940,PRESERVED_SPECIMEN,KU,KUM,22400,Walter W Dalquest,COORDINATE_ROUNDED;COORDINATE_REPROJECTED;RECORDED_DATE_INVALID
686348005,1d04e739-98a9-4e16-9970-8f8f3bf9e9e3,8995d78d-1ed8-11e3-bfac-90b11c41863e,CHINOOK PASS,Washington,46.8719297,-121.5153039,0.2,,,1945-08-26,1945,PRESERVED_SPECIMEN,KU,KUM,18490,E S Booth,COORDINATE_REPROJECTED
686348004,1d04e739-98a9-4e16-9970-8f8f3bf9e9e3,8995d51e-1ed8-11e3-bfac-90b11c41863e,CHINOOK PASS,Washington,46.8719297,-121.5153039,0.2,,,1945-08-26,1945,PRESERVED_SPECIMEN,KU,KUM,18489,E S Booth,COORDINATE_REPROJECTED
675842539,b6015b60-6f96-43a9-88e5-2f41854e8f07,urn:catalog:TCWC:Mammals:29168,"Sherman Peak, 12 mi ESE Republic, 6900 ft",Washington,48.581942,-118.494397,,,,1975-08-01,1975,PRESERVED_SPECIMEN,TCWC,Mammals,29168,"Davis, W.B.",COORDINATE_ROUNDED;GEODETIC_DATUM_INVALID;GEODETIC_DATUM_ASSUMED_WGS84;INSTITUTION_MATCH_FUZZY;COLLECTION_MATCH_FUZZY;TAXON_MATCH_HIGHERRANK
675810464,b6015b60-6f96-43a9-88e5-2f41854e8f07,urn:catalog:TCWC:Mammals:20826,2 mi E Summit Natcheze Pass,Washington,47.161759,-122.314485,,,,1937-06-11,1937,PRESERVED_SPECIMEN,TCWC,Mammals,20826,"Dalquest, W.W.",GEODETIC_DATUM_INVALID;GEODETIC_DATUM_ASSUMED_WGS84;INSTITUTION_MATCH_FUZZY;COLLECTION_MATCH_FUZZY;TAXON_MATCH_HIGHERRANK
583498085,6ce7290f-47f6-4046-8356-371f5b6749df,urn:catalog:CAS:MAM:17454,Silver Lake near Monte Cristo,Washington,47.9733373,-121.4078639,335.0,,,1907-08-15,1907,PRESERVED_SPECIMEN,CAS,MAM,17454,,COORDINATE_REPROJECTED;TAXON_MATCH_HIGHERRANK
177143176,8631295a-f762-11e1-a439-00145eb45e9a,urn:catalog:UCLA:Mammals:17564,LAKE KEECHELUS,Washington,47.383333,-121.4,,914.4,0.0,1919-06-28,1919,PRESERVED_SPECIMEN,UCLA,Mammals,17564,"BROWN, D. E.",COORDINATE_ROUNDED;INSTITUTION_MATCH_FUZZY;INSTITUTION_COLLECTION_MISMATCH;TAXON_MATCH_HIGHERRANK
177143175,8631295a-f762-11e1-a439-00145eb45e9a,urn:catalog:UCLA:Mammals:17563,LAKE KEECHELUS,Washington,47.383333,-121.4,,914.4,0.0,1919-06-28,1919,PRESERVED_SPECIMEN,UCLA,Mammals,17563,"BROWN, D. E.",COORDINATE_ROUNDED;INSTITUTION_MATCH_FUZZY;INSTITUTION_COLLECTION_MISMATCH;TAXON_MATCH_HIGHERRANK
177143145,8631295a-f762-11e1-a439-00145eb45e9a,urn:catalog:UCLA:Mammals:8637,SNOQUALMIE PASS,Washington,47.316667,-121.333333,,,,1920-07-19,1920,PRESERVED_SPECIMEN,UCLA,Mammals,8637,"HOWELL, A. B.",COORDINATE_ROUNDED;INSTITUTION_MATCH_FUZZY;INSTITUTION_COLLECTION_MISMATCH;TAXON_MATCH_HIGHERRANK
177143144,8631295a-f762-11e1-a439-00145eb45e9a,urn:catalog:UCLA:Mammals:8636,SNOQUALMIE PASS,Washington,47.316667,-121.333333,,,,1920-07-19,1920,PRESERVED_SPECIMEN,UCLA,Mammals,8636,"HOWELL, A. B.",COORDINATE_ROUNDED;INSTITUTION_MATCH_FUZZY;INSTITUTION_COLLECTION_MISMATCH;TAXON_MATCH_HIGHERRANK
177143143,8631295a-f762-11e1-a439-00145eb45e9a,urn:catalog:UCLA:Mammals:8635,SNOQUALMIE PASS,Washington,47.316667,-121.333333,,,,1920-07-19,1920,PRESERVED_SPECIMEN,UCLA,Mammals,8635,"HOWELL, A. B.",COORDINATE_ROUNDED;INSTITUTION_MATCH_FUZZY;INSTITUTION_COLLECTION_MISMATCH;TAXON_MATCH_HIGHERRANK
48064076,84e6e5f8-f762-11e1-a439-00145eb45e9a,fc51def5-100b-11e3-9860-4cd443d04e13,"TIMBERWOLF ROAD, SNOWQUALMIE NATIONAL FOREST",Washington,46.756672,-122.054718,,,,1969-06-26,1969,PRESERVED_SPECIMEN,FHSM,FHSM-M,8848,,COORDINATE_ROUNDED
48064075,84e6e5f8-f762-11e1-a439-00145eb45e9a,fc51dcc1-100b-11e3-9860-4cd443d04e13,"TIMBERWOLF ROAD, SNOWQUALMIE NATIONAL FOREST",Washington,46.756672,-122.054718,,,,1969-06-26,1969,PRESERVED_SPECIMEN,FHSM,FHSM-M,8847,,COORDINATE_ROUNDED
48064074,84e6e5f8-f762-11e1-a439-00145eb45e9a,fc51da95-100b-11e3-9860-4cd443d04e13,"TIMBERWOLF ROAD, SNOWQUALMIE NATIONAL FOREST",Washington,46.756672,-122.054718,,,,1969-06-26,1969,PRESERVED_SPECIMEN,FHSM,FHSM-M,8846,,COORDINATE_ROUNDED
46258824,84faa3a4-f762-11e1-a439-00145eb45e9a,,ROCK CREEK PASS,Washington,47.3486,-117.0236,,,,1938-07-09,1938,OCCURRENCE,IBUNAM,CNMA,6794,W. W. O.,GEODETIC_DATUM_ASSUMED_WGS84;CONTINENT_DERIVED_FROM_COORDINATES;IDENTIFIED_DATE_INVALID;BASIS_OF_RECORD_INVALID;TAXON_MATCH_HIGHERRANK
